{"type":"FeatureCollection","features":[{"type":"Feature","id":"RanhGioiTinh_Polygon.1","geometry":{"type":"MultiPolygon","coordinates":[[[[781653.1882,1705890.8409,0],[781765.612,1705913.5762,0],[781905.5193,1705933.0623,0],[782123.4899,1705975.2937,0],[782263.3889,1706020.7644,0],[782325.1997,1706082.4819,0],[782367.5092,1706153.9473,0],[782393.5248,1706199.4281,0],[782413.0427,1706209.1661,0],[782452.0868,1706225.4128,0],[782504.1428,1706215.6648,0],[782559.4477,1706199.4281,0],[782631.0299,1706153.9473,0],[782718.8728,1706124.7133,0],[782902.6892,1706099.3684,0],[783003.5441,1706073.3637,0],[783071.8692,1706050.5983,0],[783133.6883,1706021.3443,0],[783166.2181,1705988.8309,0],[783218.2742,1705891.2808,0],[783241.0492,1705793.7506,0],[783250.8123,1705689.7118,0],[783257.3182,1705637.6924,0],[783325.6351,1705540.1622,0],[783431.3798,1705380.8547,0],[783473.6727,1705322.3266,0],[783531.2122,1705275.2662,0],[783559.3223,1705238.1637,0],[783576.7375,1705209.6795,0],[783582.2292,1705174.4667,0],[783603.8086,1705091.4936,0],[783607.0575,1705042.7335,0],[783613.5799,1705003.7214,0],[783675.3825,1704935.4453,0],[783751.838,1704902.932,0],[783891.737,1704831.4065,0],[784067.423,1704711.111,0],[784317.9317,1704516.0407,0],[784467.5938,1704385.9972,0],[784604.2439,1704262.4523,0],[784726.2494,1704187.6775,0],[784879.1521,1704096.6461,0],[784980.0235,1704015.3626,0],[785002.7903,1703966.5925,0],[785019.0676,1703924.3311,0],[785026.7775,1703866.9528,0],[785035.3367,1703748.7669,0],[785054.8546,1703634.98,0],[785137.816,1703459.4158,0],[785245.1769,1703332.6216,0],[785274.4579,1703277.3528,0],[785342.783,1703199.3187,0],[785420.8629,1703140.8006,0],[785508.7058,1703108.2773,0],[785564.0107,1703049.7592,0],[785594.9244,1702929.4636,0],[785620.94,1702825.4248,0],[785646.9804,1702766.9067,0],[785699.0364,1702695.3813,0],[785728.3174,1702607.5992,0],[785721.8114,1702523.0664,0],[785715.3055,1702409.2795,0],[785694.1549,1702256.4706,0],[785684.3918,1702171.9478,0],[785694.1549,1702087.415,0],[785690.8978,1702022.3883,0],[785677.8858,1701950.8628,0],[785625.8381,1701876.0881,0],[785580.288,1701807.812,0],[785559.1374,1701661.5117,0],[785526.5993,1701541.2162,0],[785523.3422,1701433.9281,0],[785526.5993,1701336.3979,0],[785559.1292,1701212.8531,0],[785580.2798,1701147.8263,0],[785664.8656,1701034.0395,0],[785775.4919,1700890.9886,0],[785882.8528,1700767.4437,0],[785967.4469,1700627.6422,0],[785998.3523,1700533.3614,0],[786004.85,1700474.8333,0],[785975.5773,1700383.8018,0],[785975.5773,1700292.7703,0],[785995.0952,1700221.2449,0],[786037.3964,1700172.4748,0],[786069.9262,1700133.4628,0],[786060.1714,1700097.7,0],[786017.8702,1700039.182,0],[785964.1898,1699964.4072,0],[785915.3826,1699876.625,0],[785876.3386,1699762.8282,0],[785837.3027,1699636.024,0],[785837.3027,1699554.7506,0],[785860.0695,1699460.4598,0],[785897.4892,1699323.9175,0],[785933.2761,1699245.8834,0],[785975.5691,1699158.1013,0],[786030.8822,1699109.3412,0],[786118.7252,1699018.3098,0],[786200.0539,1698898.0142,0],[786299.2844,1698774.4694,0],[786461.9667,1698647.6752,0],[786536.7977,1698589.1571,0],[786549.8179,1698530.629,0],[786540.0548,1698449.3556,0],[786543.3037,1698358.3241,0],[786559.5727,1698299.796,0],[786717.3652,1698215.2732,0],[786902.8142,1698146.9971,0],[787101.267,1698085.2197,0],[787182.604,1698075.4717,0],[787257.435,1698094.9777,0],[787325.7601,1698130.7404,0],[787361.5471,1698127.4911,0],[787423.3661,1698075.4717,0],[787462.402,1698013.6942,0],[787553.5021,1697890.1494,0],[787695.0255,1697649.5684,0],[787701.5315,1697552.0282,0],[787691.7601,1697451.2487,0],[787655.9814,1697353.7086,0],[787628.3331,1697239.9217,0],[787634.8308,1697158.6383,0],[787664.1201,1697096.8709,0],[787761.7179,1697041.6021,0],[787875.593,1697005.8394,0],[787937.4038,1696960.3187,0],[787982.9539,1696892.0425,0],[788051.2707,1696817.2578,0],[788090.323,1696758.7397,0],[788126.11,1696700.2216,0],[788215.5774,1696667.7082,0],[788270.8823,1696635.1948,0],[788309.9263,1696563.6694,0],[788358.7252,1696433.6259,0],[788436.8134,1696313.3303,0],[788540.9254,1696251.5529,0],[788628.7602,1696219.0495,0],[788739.3782,1696196.2842,0],[788859.7675,1696193.0348,0],[788908.5581,1696157.2721,0],[788950.8676,1696092.2453,0],[789040.3267,1695945.9451,0],[789066.3506,1695861.4223,0],[789098.8805,1695692.3567,0],[789108.6518,1695578.5699,0],[789128.178,1695497.2864,0],[789168.83,1695279.4608,0],[789185.1073,1695237.1894,0],[789338.01,1695120.1532,0],[789500.6922,1694996.6084,0],[789617.8162,1694912.0756,0],[789717.0467,1694795.0394,0],[789951.2946,1694671.4945,0],[790130.2377,1694547.9497,0],[790247.3534,1694430.9035,0],[790364.4774,1694287.8526,0],[790457.2019,1694167.5571,0],[790525.5352,1694047.2616,0],[790574.3341,1693926.9661,0],[790637.522,1693860.9595,0],[790645.9163,1693852.1913,0],[790737.0164,1693728.6464,0],[790777.6684,1693702.6317,0],[790819.9696,1693738.3945,0],[790959.8686,1693933.4648,0],[791229.9035,1694076.5156,0],[791470.6657,1694154.5498,0],[791617.0624,1694187.0631,0],[791766.7245,1694177.3051,0],[792022.123,1694209.8185,0],[792227.0899,1694222.8259,0],[792311.6758,1694209.8185,0],[792417.4123,1694187.0631,0],[792439.2555,1694182.0142,0],[792590.6987,1694239.1225,0],[792688.0409,1694234.8934,0],[792772.6927,1694247.5708,0],[792840.4158,1694260.2482,0],[793047.7988,1694247.5708,0],[793178.9984,1694251.8,0],[793221.7449,1694263.6475,0],[793239.4158,1694240.1223,0],[793248.0491,1694205.5694,0],[793246.9689,1694164.5377,0],[793239.4158,1694119.187,0],[793237.7831,1694082.4744,0],[793253.9944,1694057.6395,0],[793274.5183,1694042.5126,0],[793302.6119,1694028.4854,0],[793331.7939,1694015.5181,0],[793353.4063,1694000.4111,0],[793365.2886,1693976.646,0],[793364.2084,1693958.2897,0],[793353.9423,1693941.0132,0],[793334.4903,1693925.8963,0],[793275.0625,1693905.3805,0],[793171.3298,1693881.6253,0],[793105.4125,1693849.2319,0],[793036.7989,1693784.4451,0],[792987.1012,1693738.0145,0],[792942.7962,1693692.6638,0],[792934.1546,1693661.3501,0],[792942.252,1693593.324,0],[792947.6613,1693574.9677,0],[792959.5435,1693529.617,0],[792970.3456,1693473.4684,0],[792993.5824,1693398.9636,0],[792998.9834,1693389.2455,0],[793014.1145,1693376.2882,0],[793035.7187,1693371.969,0],[793096.2349,1693371.969,0],[793141.6118,1693370.8893,0],[793156.7429,1693366.5701,0],[793166.4648,1693359.0117,0],[793175.1147,1693343.8948,0],[793178.3553,1693317.98,0],[793177.2751,1693294.2249,0],[793169.7054,1693266.1506,0],[793157.8231,1693245.6348,0],[793136.755,1693206.7627,0],[793132.4342,1693178.6884,0],[793131.354,1693147.3748,0],[793136.755,1693110.6622,0],[793155.1185,1693058.8328,0],[793177.2751,1693011.3225,0],[793192.4062,1692982.1684,0],[793207.5291,1692948.6952,0],[793210.7697,1692926.0198,0],[793214.0103,1692900.1051,0],[793210.7697,1692870.951,0],[793201.0561,1692846.1161,0],[793172.41,1692816.962,0],[793124.8645,1692777.0102,0],[793107.5812,1692753.255,0],[793095.6907,1692731.6594,0],[793084.8886,1692706.8244,0],[793068.6691,1692692.7873,0],[793044.9045,1692674.431,0],[793038.4233,1692659.3141,0],[793035.7187,1692625.8409,0],[793035.7187,1692608.5644,0],[793034.6385,1692593.4475,0],[793025.9886,1692574.0115,0],[793013.0343,1692548.0967,0],[793000.0636,1692521.1022,0],[792997.9032,1692499.5066,0],[793001.1438,1692481.1504,0],[793018.4354,1692449.8367,0],[793024.3806,1692433.64,0],[793024.3806,1692413.1242,0],[793021.1318,1692392.6084,0],[793008.1693,1692368.8532,0],[792973.5945,1692318.1036,0],[792924.4245,1692242.5189,0],[792911.462,1692205.8064,0],[792906.061,1692170.1737,0],[792906.061,1692112.9453,0],[792910.3818,1692084.871,0],[792921.7364,1692048.1585,0],[792941.1718,1692020.0842,0],[792972.5143,1691980.1324,0],[793014.6505,1691933.7018,0],[793048.1534,1691898.0691,0],[793067.5888,1691871.0746,0],[793072.4621,1691847.3194,0],[793072.4621,1691801.9586,0],[793062.7403,1691749.0594,0],[793036.2629,1691652.9489,0],[793034.1025,1691589.2419,0],[793043.8243,1691544.9709,0],[793077.3189,1691499.6202,0],[793138.3712,1691449.9503,0],[793172.9542,1691421.876,0],[793184.8283,1691402.4399,0],[793189.1656,1691385.1635,0],[793191.326,1691348.4509,0],[793186.9887,1691309.5688,0],[793173.4902,1691258.8192,0],[793168.0892,1691179.9952,0],[793154.5825,1691064.4587,0],[793132.9701,1690991.0337,0],[793118.9357,1690928.4064,0],[793120.5437,1690867.9387,0],[793132.4342,1690840.9442,0],[793164.8486,1690764.2798,0],[793188.0689,1690672.4985,0],[793199.9759,1690587.1959,0],[793214.5545,1690463.0212,0],[793227.5088,1690404.713,0],[793250.2096,1690330.2082,0],[793263.7163,1690264.3416,0],[793264.7882,1690239.5067,0],[793262.636,1690176.8794,0],[793252.9142,1690116.4117,0],[793228.589,1690063.5025,0],[793209.1535,1690033.2686,0],[793154.0383,1689991.1572,0],[793091.3699,1689962.0031,0],[792997.359,1689929.6097,0],[792923.8885,1689897.2163,0],[792899.5798,1689879.9398,0],[792889.8497,1689843.2273,0],[792886.6091,1689817.3126,0],[792896.3392,1689788.1585,0],[792915.7829,1689768.7225,0],[792952.5263,1689753.6056,0],[792994.6626,1689751.446,0],[793108.1089,1689751.446,0],[793130.8097,1689748.2067,0],[793143.7804,1689740.6482,0],[793158.9033,1689725.5313,0],[793183.2203,1689688.8187,0],[793194.0224,1689672.622,0],[793215.6347,1689611.0746,0],[793229.6857,1689556.0058,0],[793236.7029,1689494.4583,0],[793237.7831,1689468.5436,0],[793226.981,1689385.4005,0],[793217.7951,1689301.1676,0],[793222.116,1689276.3327,0],[793232.9263,1689261.2158,0],[793250.2096,1689248.2684,0],[793279.3834,1689240.7,0],[793299.9155,1689237.4606,0],[793309.6456,1689233.1515,0],[793315.0384,1689224.5133,0],[793320.4559,1689196.429,0],[793331.2497,1689161.876,0],[793352.8621,1689140.2904,0],[793375.5546,1689134.8915,0],[793415.5387,1689133.8017,0],[793464.1562,1689137.0411,0],[793494.4102,1689130.5624,0],[793509.5414,1689118.6848,0],[793515.4784,1689105.7274,0],[793519.8157,1689084.1318,0],[793514.4064,1689064.6958,0],[793499.2753,1689047.4193,0],[793473.3421,1689031.2226,0],[793427.9652,1689009.627,0],[793408.5133,1688990.1909,0],[793400.9518,1688973.9942,0],[793403.1123,1688958.8773,0],[793413.9143,1688945.92,0],[793450.6495,1688927.5637,0],[793491.1696,1688909.2074,0],[793500.8997,1688895.1703,0],[793503.0601,1688884.3725,0],[793500.8997,1688867.096,0],[793485.7686,1688845.5004,0],[793465.2364,1688821.7452,0],[793443.6323,1688799.0698,0],[793437.1429,1688778.554,0],[793440.3835,1688759.118,0],[793461.9958,1688733.2033,0],[793477.1187,1688721.3257,0],[793481.456,1688712.6874,0],[793484.1524,1688700.8098,0],[793483.0722,1688687.8525,0],[793478.7514,1688672.7356,0],[793466.8609,1688651.14,0],[793461.4598,1688623.0657,0],[793464.7005,1688603.6296,0],[793485.2326,1688579.8745,0],[793506.845,1688551.8002,0],[793519.2632,1688531.2844,0],[793524.6725,1688494.5718,0],[793524.6725,1688471.8964,0],[793518.183,1688442.7424,0],[793500.8997,1688402.7905,0],[793476.0385,1688369.3173,0],[793473.3421,1688345.5622,0],[793477.6629,1688331.525,0],[793492.7941,1688314.2485,0],[793509.0054,1688298.0518,0],[793516.5586,1688287.254,0],[793520.8959,1688271.0573,0],[793519.8157,1688254.8606,0],[793510.0856,1688233.265,0],[793501.4357,1688200.8716,0],[793503.5961,1688170.6378,0],[793514.9424,1688153.3613,0],[793527.9131,1688149.0422,0],[793560.3358,1688149.0422,0],[793600.3116,1688146.8826,0],[793630.5656,1688140.4039,0],[793659.7394,1688133.9252,0],[793677.0227,1688117.7285,0],[793684.5924,1688104.7712,0],[793684.5924,1688093.9734,0],[793678.1112,1688077.7767,0],[793659.7394,1688057.2608,0],[793646.7687,1688033.5057,0],[793638.1188,1687993.5538,0],[793640.2957,1687955.7615,0],[793645.6885,1687946.0335,0],[793668.9253,1687927.4873,0],[793706.7407,1687905.9116,0],[793749.9654,1687887.5754,0],[793772.6663,1687870.3089,0],[793784.5403,1687843.3444,0],[793785.6205,1687816.3699,0],[793774.8184,1687760.2713,0],[793771.5696,1687747.3239,0],[793754.4017,1687709.2417,0],[793766.3005,1687627.6883,0],[793778.191,1687545.9149,0],[793788.7621,1687482.6078,0],[793797.3461,1687442.6359,0],[793813.1946,1687388.517,0],[793827.7238,1687337.0474,0],[793833.0093,1687294.806,0],[793833.0093,1687249.9252,0],[793823.7658,1687199.7654,0],[793823.1061,1687162.153,0],[793828.3834,1687130.4695,0],[793840.2739,1687085.5886,0],[793849.5258,1687047.3164,0],[793849.5258,1687016.9526,0],[793838.9546,1686981.3098,0],[793825.0851,1686934.4594,0],[793818.4802,1686893.5377,0],[793819.7995,1686869.7825,0],[793827.7238,1686848.6568,0],[793852.8241,1686835.4595,0],[793892.4536,1686838.099,0],[793926.8058,1686843.3779,0],[793946.6123,1686835.4595,0],[793954.5448,1686816.9833,0],[793959.8304,1686761.5446,0],[793965.116,1686717.9834,0],[793974.3596,1686673.1026,0],[793990.2164,1686626.912,0],[794002.0986,1686599.1876,0],[794012.6698,1686558.266,0],[794027.199,1686497.5483,0],[794040.4088,1686465.8748,0],[794057.5684,1686448.7183,0],[794077.3914,1686440.7899,0],[794098.5338,1686442.1096,0],[794138.1633,1686465.8748,0],[794179.1122,1686497.5483,0],[794205.5319,1686509.4359,0],[794224.019,1686509.4359,0],[794243.842,1686502.8272,0],[794257.0519,1686489.6299,0],[794264.9761,1686467.1945,0],[794259.6906,1686440.7899,0],[794245.1614,1686395.919,0],[794240.5355,1686363.5756,0],[794232.6112,1686327.9428,0],[794220.7207,1686310.7763,0],[794161.2764,1686276.4633,0],[794117.6889,1686234.2219,0],[794088.6223,1686195.9397,0],[794067.4964,1686185.3819,0],[794029.1862,1686185.3819,0],[794000.1196,1686184.0621,0],[793988.2291,1686180.1029,0],[793980.3049,1686166.9056,0],[793983.6032,1686141.1609,0],[793992.8385,1686114.7662,0],[793999.4517,1686083.0827,0],[794000.7793,1686052.7289,0],[793998.1324,1686031.6132,0],[793982.2839,1686011.8072,0],[793963.7884,1686005.2085,0],[793943.9737,1686007.848,0],[793920.1927,1686019.7256,0],[793899.0586,1686054.0486,0],[793881.8907,1686085.7221,0],[793864.7146,1686151.7287,0],[793851.5048,1686200.5588,0],[793839.6143,1686228.2831,0],[793827.7238,1686249.3988,0],[793813.1946,1686250.7186,0],[793801.3041,1686244.1199,0],[793785.4556,1686219.045,0],[793774.8844,1686178.1233,0],[793764.3215,1686147.7695,0],[793739.2211,1686122.6846,0],[793702.2303,1686097.6097,0],[793683.7348,1686076.484,0],[793679.7686,1686042.171,0],[793679.7686,1685984.0928,0],[793685.0624,1685939.212,0],[793687.0414,1685902.9094,0],[793679.1089,1685875.195,0],[793669.8653,1685860.6779,0],[793668.546,1685848.7904,0],[793672.5122,1685834.2733,0],[793696.285,1685799.9603,0],[793721.3853,1685784.1135,0],[793739.8808,1685780.1543,0],[793759.6955,1685768.2768,0],[793772.9054,1685751.1202,0],[793784.7959,1685731.3143,0],[793806.5897,1685693.7019,0],[793818.4802,1685683.1441,0],[793840.9336,1685676.5454,0],[793877.9245,1685685.7835,0],[793913.596,1685702.9401,0],[793936.0494,1685709.5387,0],[793965.116,1685712.1782,0],[793991.5357,1685713.4979,0],[794007.3842,1685709.5387,0],[794020.5941,1685698.9809,0],[794028.5183,1685675.2157,0],[794029.8459,1685601.3007,0],[794029.9696,1685596.8417,0],[794088.0616,1685549.6313,0],[794118.4887,1685535.7641,0],[794196.2883,1685502.5308,0],[794276.7759,1685510.8392,0],[794337.6798,1685538.5335,0],[794538.8289,1685636.3836,0],[794638.7108,1685672.3963,0],[794708.0748,1685672.3963,0],[794782.9801,1685655.7697,0],[794927.2659,1685622.5264,0],[795043.7961,1685611.4487,0],[795096.4953,1685616.9876,0],[795146.4404,1685639.153,0],[795210.255,1685677.9351,0],[795307.3663,1685733.3339,0],[795404.4694,1685785.9632,0],[795507.1219,1685860.7579,0],[795616.3793,1685955.0987,0],[795888.6241,1686289.6106,0],[795960.9896,1686349.1185,0],[796024.8372,1686353.3677,0],[796109.9673,1686319.3646,0],[796195.1139,1686264.1158,0],[796254.7066,1686242.8602,0],[796344.0998,1686238.611,0],[796424.9833,1686221.6145,0],[796582.4872,1686153.6083,0],[796854.9216,1686000.6095,0],[797093.3007,1685890.112,0],[797280.5968,1685843.3615,0],[797512.5937,1685748.4208,0],[797631.7791,1685684.6238,0],[797687.117,1685650.5907,0],[797699.8898,1685625.0759,0],[797678.6073,1685552.7606,0],[797665.8344,1685480.4553,0],[797661.5796,1685386.8844,0],[797661.5796,1685314.5791,0],[797687.117,1685182.7359,0],[797684.9895,1685116.8094,0],[797680.7347,1685010.481,0],[797680.7347,1684929.6675,0],[797693.5075,1684870.1196,0],[797727.5628,1684814.8308,0],[797846.7483,1684704.2433,0],[797903.8342,1684674.2994,0],[798017.0167,1684614.9315,0],[798272.4317,1684500.0949,0],[798470.3732,1684357.6139,0],[798525.7111,1684340.5974,0],[798632.132,1684349.1056,0],[798759.8271,1684391.637,0],[798913.0844,1684412.9026,0],[799236.6018,1684434.1683,0],[799438.7982,1684449.0553,0],[799549.4821,1684436.2979,0],[799719.7506,1684389.5074,0],[799877.2462,1684342.7269,0],[800047.5229,1684308.6939,0],[800222.0462,1684274.6708,0],[800360.395,1684272.5412,0],[800526.4085,1684251.2755,0],[800671.1396,1684213.0033,0],[800820.1255,1684132.1898,0],[800986.1391,1683996.0875,0],[801071.2774,1683928.0413,0],[801122.3604,1683906.7657,0],[801262.8366,1683885.5,0],[801486.3155,1683823.8325,0],[801682.1296,1683760.0355,0],[801780.0325,1683738.7699,0],[801848.1349,1683743.019,0],[801958.8189,1683768.5438,0],[802048.2121,1683836.5899,0],[802124.8407,1683883.3804,0],[802171.6689,1683896.1378,0],[802244.0344,1683900.387,0],[802305.7545,1683881.2509,0],[802361.1006,1683877.0017,0],[802416.4303,1683898.2674,0],[802501.5686,1684000.3366,0],[802603.7346,1684110.9241,0],[802718.6652,1684195.9868,0],[802803.8035,1684221.5116,0],[802876.1691,1684213.0033,0],[802948.5346,1684183.2294,0],[803016.637,1684140.698,0],[803106.0302,1684042.868,0],[803191.1686,1683957.8053,0],[803272.0438,1683915.2739,0],[803444.4479,1683866.3639,0],[803563.6333,1683802.5669,0],[803640.2537,1683734.5007,0],[803755.2008,1683602.6576,0],[803865.8683,1683479.3127,0],[803968.0343,1683411.2665,0],[804129.793,1683355.9678,0],[804261.743,1683334.7021,0],[804446.9199,1683336.8317,0],[804583.133,1683336.8317,0],[804659.7534,1683324.0743,0],[804723.6092,1683302.8086,0],[804813.0107,1683268.7755,0],[804868.3403,1683264.5264,0],[804927.933,1683268.7755,0],[805000.3068,1683324.0743,0],[805081.1738,1683353.8482,0],[805157.8107,1683362.3465,0],[805230.1762,1683362.3465,0],[805445.1454,1683304.9282,0],[805653.7322,1683258.1477,0],[805755.8818,1683253.8886,0],[805870.8288,1683219.8655,0],[805947.4492,1683190.0915,0],[805968.7317,1683185.8424,0],[806058.1249,1683321.9447,0],[806202.856,1683449.5387,0],[806328.432,1683536.731,0],[806456.1353,1683566.5049,0],[806622.1489,1683587.7706,0],[806741.3426,1683557.9967,0],[806903.1013,1683485.6914,0],[806983.9766,1683464.4257,0],[807077.6246,1683477.1831,0],[807256.4193,1683562.2558,0],[807467.1253,1683640.9398,0],[807611.8564,1683657.9463,0],[807773.6151,1683657.9463,0],[807935.3738,1683623.9232,0],[808054.5675,1683598.4084,0],[808173.7612,1683598.4084,0],[808322.7471,1683636.6806,0],[808490.8799,1683643.0593,0],[808622.8546,1683600.528,0],[808682.4473,1683528.2227,0],[808895.2808,1683166.7063,0],[809069.8124,1682979.5644,0],[809229.4437,1682854.0899,0],[809357.1471,1682726.4959,0],[809467.8228,1682573.3771,0],[809574.2436,1682373.4778,0],[809629.5815,1682258.6411,0],[809691.3017,1682154.4423,0],[809742.3847,1682111.911,0],[809793.4677,1682094.8945,0],[809895.6337,1682082.1271,0],[810023.3371,1682048.104,0],[810168.0599,1682009.8218,0],[810312.8074,1681946.0248,0],[810470.2948,1681848.2047,0],[810589.4802,1681780.1485,0],[810663.9814,1681731.2385,0],[810698.0368,1681731.2385,0],[810740.6018,1681752.5042,0],[810795.9397,1681837.5668,0],[810919.38,1682131.0371,0],[811089.6567,1682390.4843,0],[811251.4236,1682564.8788,0],[811376.9996,1682647.8119,0],[811415.3098,1682686.0941,0],[811432.3457,1682762.6485,0],[811432.3457,1682873.236,0],[811453.6282,1682962.5479,0],[811504.703,1683030.604,0],[811602.6141,1683128.4241,0],[811730.3258,1683200.7294,0],[811898.4585,1683236.882,0],[812047.4445,1683236.882,0],[812192.1755,1683228.3737,0],[812447.5823,1683241.1312,0],[812600.8313,1683270.9051,0],[812732.7896,1683334.7021,0],[812871.1383,1683434.6518,0],[812986.0689,1683553.7475,0],[813054.1796,1683715.3646,0],[813105.2626,1683821.693,0],[813143.5728,1683864.2343,0],[813181.883,1683868.4835,0],[813356.398,1683825.9521,0],[813628.8407,1683732.3812,0],[813828.9261,1683689.8498,0],[814065.1778,1683653.6972,0],[814226.9283,1683640.9398,0],[814392.9501,1683640.9398,0],[814520.6535,1683623.9232,0],[814656.8666,1683568.6345,0],[814805.8525,1683432.5222,0],[814888.8635,1683349.5791,0],[814918.6639,1683285.7821,0],[814948.4562,1683128.4141,0],[814948.4562,1682996.5609,0],[814952.711,1682915.7574,0],[814965.4838,1682868.9669,0],[815016.5668,1682813.6782,0],[815197.4807,1682692.4628,0],[815240.054,1682632.915,0],[815248.5637,1682573.3671,0],[815235.7909,1682492.5635,0],[815214.5083,1682356.4612,0],[815193.2341,1682169.3193,0],[815191.0984,1682103.3927,0],[815203.863,1682031.0875,0],[815289.0013,1681920.51,0],[815433.7324,1681788.6568,0],[815518.8707,1681707.8432,0],[815595.4911,1681554.7344,0],[815650.8289,1681520.7013,0],[815742.3496,1681514.3226,0],[815904.1083,1681522.8309,0],[816027.5568,1681510.0735,0],[816125.4597,1681471.7913,0],[816214.8529,1681386.7286,0],[816295.7364,1681322.9316,0],[816402.149,1681263.3837,0],[816474.5063,1681242.118,0],[816551.1432,1681242.118,0],[816632.0184,1681250.6263,0],[816740.5667,1681205.9654,0],[816838.4697,1681103.8962,0],[816898.0706,1680972.043,0],[816957.6633,1680874.2229,0],[816987.4638,1680797.6585,0],[816987.4638,1680699.8284,0],[816970.4361,1680525.4439,0],[816955.5442,1680408.4777,0],[816955.5442,1680348.9398,0],[816981.0733,1680263.8772,0],[817040.666,1680136.2731,0],[817057.7019,1680000.1708,0],[817053.4388,1679898.1016,0],[817051.3114,1679853.4407,0],[817051.3114,1679832.175,0],[817106.6492,1679823.6668,0],[817310.973,1679781.1354,0],[817613.208,1679730.0958,0],[817860.0968,1679683.3153,0],[817945.2434,1679623.7675,0],[817996.3264,1679602.5018,0],[818060.1822,1679615.2592,0],[818168.7305,1679596.1231,0],[818266.6416,1679566.3491,0],[818373.0543,1679511.0604,0],[818496.4945,1679379.2072,0],[818645.4887,1679247.3541,0],[818726.3722,1679200.5736,0],[818828.53,1679187.8162,0],[818947.7319,1679192.0653,0],[819049.8814,1679187.8162,0],[819132.8923,1679151.6636,0],[819235.0583,1679058.0926,0],[819315.9418,1679045.3352,0],[819430.8724,1679062.3417,0],[819558.5675,1679066.6009,0],[819720.3263,1679024.0695,0],[819779.9272,1679007.053,0],[819928.9049,1678998.5447,0],[820001.2787,1678977.279,0],[820073.6442,1678934.7477,0],[820135.3643,1678919.8607,0],[820309.8959,1678936.8773,0],[820433.3444,1678932.6181,0],[820458.8818,1678915.6116,0],[820488.0391,1678860.9227,0],[820490.7685,1678825.42,0],[820497.5878,1678794.0163,0],[820498.9484,1678762.6127,0],[820507.1365,1678728.4797,0],[820512.5952,1678701.1752,0],[820527.6109,1678667.0422,0],[820543.2945,1678645.1966,0],[820569.2277,1678609.6939,0],[820595.1444,1678582.3894,0],[820618.3482,1678557.8144,0],[820645.6419,1678531.8697,0],[820672.9274,1678511.3839,0],[820709.7699,1678484.0794,0],[820738.4242,1678456.775,0],[820757.5298,1678430.8303,0],[820782.7703,1678400.7964,0],[820811.4246,1678365.2836,0],[820834.6202,1678329.7808,0],[820855.0864,1678295.6478,0],[820874.192,1678254.6861,0],[820893.2976,1678215.0942,0],[820917.1776,1678186.42,0],[820944.4548,1678149.5575,0],[820977.2156,1678123.6128,0],[821016.7874,1678100.4075,0],[821054.9904,1678081.2914,0],[821104.1191,1678043.0592,0],[821150.5102,1678018.4842,0],[821181.9022,1678007.5564,0],[821221.4657,1678004.827,0],[821246.7063,1678004.827,0],[821280.8193,1677999.3681,0],[821319.0223,1677978.8823,0],[821354.5042,1677955.677,0],[821387.2484,1677927.0028,0],[821425.4597,1677896.9689,0],[821462.3104,1677881.942,0],[821505.9803,1677868.2948,0],[821553.7403,1677860.0964,0],[821580.3331,1677856.0073,0],[821617.1838,1677856.0073,0],[821656.7556,1677862.8259,0],[821686.7705,1677871.0242,0],[821723.6129,1677881.942,0],[821764.5453,1677896.9589,0],[821800.0271,1677907.8867,0],[821836.8696,1677916.0751,0],[821868.2533,1677914.7153,0],[821905.0957,1677907.8867,0],[821974.6906,1677886.0412,0],[822016.9836,1677871.0242,0],[822066.1041,1677853.2678,0],[822115.2328,1677836.8912,0],[822160.2551,1677830.0626,0],[822206.6545,1677830.0626,0],[822238.0382,1677840.9803,0],[822263.9631,1677857.367,0],[822293.978,1677864.1956,0],[822319.9029,1677857.367,0],[822352.6554,1677838.2509,0],[822386.7684,1677812.3062,0],[822397.6859,1677797.2892,0],[822401.7759,1677776.8134,0],[822401.7759,1677748.1392,0],[822392.2272,1677712.6365,0],[822382.6785,1677681.2329,0],[822377.2033,1677656.6579,0],[822375.8427,1677629.3534,0],[822381.3097,1677600.6792,0],[822393.5878,1677558.3579,0],[822409.964,1677505.1087,0],[822424.9632,1677447.7604,0],[822434.5284,1677398.6104,0],[822437.2578,1677349.4504,0],[822441.3477,1677300.3004,0],[822442.7165,1677253.8798,0],[822444.7532,1677223.846,0],[822444.7532,1677141.9226,0],[822446.1303,1677092.7626,0],[822454.3102,1677057.2699,0],[822466.8686,1677034.0946,0],[822553.2026,1676915.9886,0],[822623.1603,1676849.5321,0],[822663.7051,1676821.5578,0],[822683.4704,1676793.6435,0],[822686.3647,1676774.7474,0],[822684.5754,1676753.3617,0],[822680.4772,1676729.5266,0],[822681.2523,1676701.0924,0],[822694.0993,1676665.8595,0],[822714.3181,1676621.3586,0],[822735.2543,1676550.7929,0],[822763.3149,1676480.4073,0],[822784.449,1676402.7231,0],[822799.3328,1676379.4178,0],[822818.9744,1676356.2425,0],[822852.7823,1676335.8267,0],[822897.5985,1676317.4904,0],[822908.3428,1676301.7636,0],[822911.435,1676275.7689,0],[822895.7349,1676242.1358,0],[822862.331,1676160.5824,0],[822836.0598,1676079.2289,0],[822765.9206,1675908.0638,0],[822709.7994,1675702.4056,0],[822683.0004,1675639.9483,0],[822669.1721,1675612.9738,0],[822640.7075,1675568.2829,0],[822576.8104,1675485.5798,0],[822537.8488,1675407.7856,0],[822527.2199,1675322.9229,0],[822520.1367,1675227.4523,0],[822520.1367,1675124.9232,0],[822541.3863,1675029.4526,0],[822560.863,1674964.6258,0],[822550.2506,1674911.5466,0],[822525.4553,1674872.6245,0],[822493.7583,1674849.7492,0],[822449.8739,1674840.5111,0],[822399.063,1674819.7253,0],[822357.4792,1674803.5586,0],[822315.9119,1674766.5961,0],[822288.1894,1674715.7865,0],[822276.637,1674653.4292,0],[822276.637,1674607.2286,0],[822278.9458,1674519.4664,0],[822290.4982,1674438.6229,0],[822290.4982,1674357.7893,0],[822292.8071,1674283.8744,0],[822302.0424,1674223.8266,0],[822320.5213,1674182.2451,0],[822348.3758,1674111.1495,0],[822394.4123,1674058.0803,0],[822449.8656,1674039.0442,0],[822661.5859,1674041.6437,0],[822702.2544,1674020.6779,0],[822730.3151,1674003.0915,0],[822734.2813,1673992.1837,0],[822738.9155,1673957.4208,0],[822711.7454,1673807.9712,0],[822688.319,1673722.8886,0],[822666.3191,1673694.7843,0],[822515.7417,1673545.8646,0],[822488.5799,1673540.0558,0],[822465.5245,1673530.8477,0],[822425.1858,1673512.4014,0],[822384.8389,1673490.4859,0],[822329.5175,1673454.7331,0],[822282.2606,1673418.9804,0],[822235.0119,1673385.5372,0],[822201.0061,1673359.0126,0],[822167.5774,1673331.3283,0],[822126.0843,1673299.0448,0],[822090.3551,1673266.7514,0],[822050.0164,1673221.7706,0],[822032.1477,1673197.5555,0],[822014.8644,1673141.037,0],[821976.8263,1673032.6291,0],[821960.6892,1672987.6482,0],[821951.4703,1672956.5146,0],[821933.0244,1672920.7618,0],[821903.059,1672885.0091,0],[821871.9392,1672857.3247,0],[821838.5188,1672827.3408,0],[821809.6995,1672798.5067,0],[821784.3518,1672768.5228,0],[821769.3609,1672741.9982,0],[821758.9876,1672713.1641,0],[821754.3782,1672683.1802,0],[821754.3782,1672650.8868,0],[821755.5243,1672605.9159,0],[821752.6465,1672566.7039,0],[821745.7283,1672510.1854,0],[821741.1188,1672466.3643,0],[821729.5994,1672412.1554,0],[821714.0395,1672364.875,0],[821694.4391,1672318.7444,0],[821679.4564,1672274.9133,0],[821664.482,1672223.0139,0],[821651.7999,1672176.8832,0],[821637.9716,1672123.834,0],[821625.2895,1672069.6351,0],[821606.8518,1672021.1949,0],[821593.0152,1671985.4422,0],[821573.4149,1671951.999,0],[821557.286,1671922.0051,0],[821530.7756,1671886.2624,0],[821500.8102,1671855.1187,0],[821461.6177,1671801.3397,0],[821408.6546,1671715.2872,0],[821342.457,1671642.462,0],[821315.9796,1671569.6468,0],[821289.5022,1671490.213,0],[821276.2676,1671417.3878,0],[821276.2676,1671291.6134,0],[821277.7848,1671206.8807,0],[821284.6949,1671169.9982,0],[821289.3043,1671126.2071,0],[821288.1581,1671090.4744,0],[821288.1251,1671063.8998,0],[821249.782,1670960.6308,0],[821183.5843,1670920.9089,0],[821163.7283,1670894.4343,0],[821090.9093,1670841.4751,0],[820998.2342,1670788.5158,0],[820951.9008,1670735.5566,0],[820912.1806,1670669.3601,0],[820872.4604,1670589.9263,0],[820845.983,1670510.4924,0],[820839.3616,1670444.2959,0],[820830.5715,1670382.1286,0],[820832.9628,1670338.1175,0],[820839.5842,1670285.1583,0],[820832.9628,1670225.5804,0],[820777.0477,1670164.5029,0],[820765.52,1670136.8385,0],[820744.7817,1670110.3139,0],[820709.0525,1670078.0305,0],[820675.6321,1670056.1149,0],[820644.5205,1670035.3591,0],[820604.1901,1670009.9943,0],[820560.3964,1669989.2385,0],[820524.6836,1669978.8606,0],[820473.9717,1669962.7239,0],[820420.9592,1669947.727,0],[820372.5561,1669938.5089,0],[820313.7962,1669932.5501,0],[820271.1569,1669927.941,0],[820214.6894,1669923.332,0],[820167.4407,1669921.0324,0],[820124.8014,1669922.1822,0],[820077.561,1669929.1008,0],[820039.5311,1669934.8596,0],[819998.0463,1669942.928,0],[819954.2526,1669950.9963,0],[819910.4672,1669953.2959,0],[819895.4762,1669944.0777,0],[819896.6389,1669907.2052,0],[819903.5902,1669869.173,0],[819908.1996,1669820.7528,0],[819913.3862,1669773.4924,0],[819920.2962,1669734.2904,0],[819929.5233,1669702.017,0],[819944.4895,1669668.5838,0],[819965.2278,1669643.219,0],[819994.6078,1669605.1767,0],[820030.3288,1669564.8249,0],[820066.0415,1669521.0138,0],[820108.6726,1669469.1344,0],[820150.1491,1669420.7143,0],[820183.5613,1669380.3625,0],[820208.3318,1669350.3886,0],[820230.2163,1669320.4147,0],[820241.744,1669299.6689,0],[820242.8984,1669280.0629,0],[820237.1263,1669253.5483,0],[820219.8513,1669220.1151,0],[820199.6902,1669191.301,0],[820177.7975,1669157.8678,0],[820143.2391,1669112.9069,0],[820109.827,1669070.2456,0],[820081.016,1669031.0536,0],[820042.9862,1668973.4053,0],[820021.6871,1668935.363,0],[819989.4212,1668882.3338,0],[819953.7084,1668828.1449,0],[819929.5233,1668785.4936,0],[819905.3135,1668735.9236,0],[819889.1764,1668696.7216,0],[819882.2664,1668669.0573,0],[819877.6735,1668637.9236,0],[819874.2102,1668580.2853,0],[819879.9741,1668549.1617,0],[819896.1029,1668518.028,0],[819912.2318,1668496.1325,0],[819928.3607,1668478.836,0],[819954.8463,1668453.4711,0],[819985.3889,1668426.9565,0],[820011.8911,1668395.8329,0],[820016.5005,1668369.3183,0],[820015.3461,1668340.4941,0],[820010.7367,1668301.2921,0],[820004.9811,1668259.7906,0],[819996.9084,1668205.6116,0],[819981.9339,1668161.8005,0],[819965.8133,1668132.9764,0],[819947.3673,1668112.2306,0],[819927.7835,1668098.3934,0],[819898.9807,1668096.0839,0],[819864.4142,1668097.2436,0],[819834.457,1668097.2436,0],[819806.8087,1668093.7843,0],[819784.916,1668085.716,0],[819763.0233,1668070.729,0],[819743.4394,1668054.5823,0],[819722.7011,1668037.2958,0],[819690.4433,1668011.931,0],[819654.7223,1667986.5662,0],[819615.5463,1667951.9832,0],[819570.6065,1667916.2405,0],[819536.0564,1667888.5761,0],[819501.4898,1667870.1299,0],[819474.9877,1667859.752,0],[819452.526,1667856.2927,0],[819413.35,1667855.1429,0],[819389.1567,1667852.8334,0],[819353.4439,1667848.2243,0],[819320.0235,1667835.5469,0],[819282.0019,1667813.6414,0],[819246.2892,1667792.8856,0],[819204.8126,1667768.6805,0],[819165.0594,1667747.9247,0],[819135.1105,1667732.9378,0],[819094.78,1667722.5599,0],[819061.3679,1667719.1006,0],[819031.4107,1667717.9508,0],[818994.5435,1667716.8011,0],[818958.8308,1667715.6513,0],[818887.966,1667715.6513,0],[818847.6438,1667717.9508,0],[818810.7767,1667717.9508,0],[818776.2101,1667719.1006,0],[818750.8706,1667716.8011,0],[818731.2785,1667711.0323,0],[818712.8408,1667697.2051,0],[818686.3386,1667675.2995,0],[818666.7547,1667652.2442,0],[818637.952,1667616.5015,0],[818616.6283,1667593.4462,0],[818591.2888,1667568.0814,0],[818561.3316,1667538.1075,0],[818532.5289,1667513.8924,0],[818496.8079,1667490.8371,0],[818462.2496,1667468.9315,0],[818428.8456,1667445.8762,0],[818389.6614,1667418.2119,0],[818344.7298,1667384.7787,0],[818306.7082,1667357.1043,0],[818262.9228,1667325.9806,0],[818232.9739,1667308.6942,0],[818193.7979,1667276.4107,0],[818153.4757,1667240.668,0],[818122.3641,1667210.6941,0],[818101.6258,1667185.3293,0],[818086.6431,1667153.0558,0],[818073.9857,1667117.3131,0],[818060.7182,1667088.489,0],[818048.0526,1667059.6748,0],[818030.7693,1667021.6226,0],[818013.4777,1667002.0266,0],[817983.5288,1666984.7401,0],[817959.3355,1666977.8215,0],[817935.1422,1666972.0527,0],[817904.0306,1666963.9843,0],[817866.009,1666953.6064,0],[817810.7124,1666942.0788,0],[817773.8452,1666938.6195,0],[817748.5058,1666928.2416,0],[817735.8237,1666916.7139,0],[817721.9954,1666898.2677,0],[817705.8583,1666867.144,0],[817690.8838,1666839.4797,0],[817666.6905,1666797.9681,0],[817650.5616,1666765.6947,0],[817630.9777,1666723.0334,0],[817614.8489,1666673.4535,0],[817598.7118,1666631.9519,0],[817576.8355,1666593.9096,0],[817552.6257,1666566.2353,0],[817534.188,1666547.789,0],[817522.883,1666492.3303,0],[817529.5044,1666406.2678,0],[817562.6032,1666234.1629,0],[817569.2164,1666068.6666,0],[817575.8378,1665969.3768,0],[817582.4592,1665810.4991,0],[817617.7184,1665763.8586,0],[817644.2206,1665748.8716,0],[817674.1777,1665731.5752,0],[817712.1993,1665707.3601,0],[817743.3026,1665678.546,0],[817772.1136,1665646.2625,0],[817808.9808,1665602.4515,0],[817833.1741,1665569.0183,0],[817859.668,1665536.7448,0],[817885.0157,1665517.1388,0],[817923.0456,1665498.6926,0],[817950.6939,1665484.8654,0],[817982.9516,1665467.5689,0],[818019.8188,1665442.2041,0],[818053.2309,1665417.999,0],[818080.8958,1665396.0935,0],[818114.2997,1665370.7286,0],[818138.493,1665347.6733,0],[818158.0851,1665328.0773,0],[818177.6607,1665307.3215,0],[818192.6434,1665287.7255,0],[818208.7723,1665261.2109,0],[818219.1456,1665236.9958,0],[818227.2018,1665209.3315,0],[818228.3479,1665185.1164,0],[818226.0556,1665151.6832,0],[818219.1456,1665114.8007,0],[818208.7723,1665082.5173,0],[818197.8218,1665047.9343,0],[818187.4486,1665011.0418,0],[818179.3924,1664961.4619,0],[818170.1735,1664908.4327,0],[818164.9951,1664860.0126,0],[818162.678,1664806.9834,0],[818167.2957,1664760.8728,0],[818167.2957,1664720.521,0],[818162.3894,1664647.2759,0],[818224.5713,1664235.0098,0],[818244.4273,1664162.1946,0],[818284.1476,1664082.7608,0],[818351.6398,1663950.4177,0],[818372.3781,1663908.9162,0],[818391.3848,1663862.7956,0],[818408.6681,1663822.4438,0],[818423.6425,1663780.9422,0],[818439.7714,1663746.3593,0],[818454.1851,1663715.2256,0],[818479.5246,1663676.0336,0],[818495.6535,1663657.5873,0],[818519.8385,1663634.532,0],[818547.5033,1663612.6265,0],[818572.8511,1663591.8707,0],[818593.5894,1663568.8154,0],[818615.4738,1663533.0827,0],[818630.4483,1663495.0404,0],[818641.9677,1663460.4475,0],[818654.6498,1663415.4766,0],[818673.0958,1663367.0565,0],[818684.6152,1663331.3237,0],[818697.2809,1663292.1217,0],[818712.2553,1663254.0795,0],[818727.2298,1663212.5779,0],[818746.8219,1663163.008,0],[818760.6419,1663123.806,0],[818772.7551,1663086.9135,0],[818784.258,1663054.6401,0],[818799.2407,1663011.9787,0],[818808.4596,1662980.8551,0],[818819.979,1662942.8128,0],[818826.9055,1662907.0701,0],[818832.6529,1662869.0278,0],[818838.4085,1662829.8258,0],[818842.4489,1662806.7705,0],[818853.9684,1662775.6468,0],[818871.2517,1662750.282,0],[818900.0544,1662724.9172,0],[818930.0116,1662709.9302,0],[818968.0332,1662694.9433,0],[818997.9903,1662684.5754,0],[819014.6881,1662671.888,0],[819030.8253,1662653.4417,0],[819035.4347,1662631.5362,0],[819033.1259,1662600.4125,0],[819036.5809,1662565.8295,0],[819051.5636,1662545.0738,0],[819073.448,1662525.4778,0],[819105.714,1662504.722,0],[819130.4845,1662483.9762,0],[819148.9222,1662466.6797,0],[819167.3517,1662444.7742,0],[819188.09,1662419.4193,0],[819214.5921,1662394.0545,0],[819246.8499,1662370.9992,0],[819276.8153,1662356.0123,0],[819311.3736,1662331.7972,0],[819337.8758,1662307.5921,0],[819357.4596,1662285.6866,0],[819380.4985,1662239.566,0],[819390.8718,1662211.9016,0],[819398.928,1662169.2503,0],[819404.6918,1662128.8985,0],[819413.9107,1662097.7648,0],[819436.9578,1662070.1005,0],[819469.2156,1662045.8854,0],[819496.8639,1662030.8984,0],[819533.7311,1662021.6803,0],[819568.3059,1662018.221,0],[819604.0186,1662014.7617,0],[819633.9758,1662003.2341,0],[819650.1047,1661990.5466,0],[819657.0147,1661972.1104,0],[819653.5597,1661942.1365,0],[819640.8858,1661914.4621,0],[819618.9931,1661885.638,0],[819593.6454,1661854.5143,0],[819585.5809,1661832.6088,0],[819627.9398,1661785.7183,0],[819753.7219,1661765.8624,0],[819839.7756,1661752.6251,0],[819965.5494,1661719.5218,0],[820111.1793,1661673.1812,0],[820223.7186,1661640.088,0],[820362.727,1661560.6442,0],[820455.4021,1661527.5509,0],[820548.0771,1661487.829,0],[820653.995,1661434.8798,0],[820706.9498,1661381.9205,0],[820786.3985,1661335.58,0],[820839.3533,1661262.7648,0],[820880.3599,1661132.6613,0],[820902.1372,1661108.0963,0],[820927.4766,1661081.9416,0],[820955.999,1661050.238,0],[820982.1383,1661019.3243,0],[821010.6525,1660985.2513,0],[821030.0467,1660957.5069,0],[821053.0279,1660926.6032,0],[821079.9588,1660901.2384,0],[821106.8897,1660878.253,0],[821128.2794,1660855.2677,0],[821148.8693,1660833.8721,0],[821159.5559,1660818.0153,0],[821173.8212,1660792.6605,0],[821186.5034,1660760.1571,0],[821195.2027,1660723.7045,0],[821201.9396,1660689.6214,0],[821212.2386,1660656.9881,0],[821225.7041,1660633.2229,0],[821246.294,1660616.5963,0],[821269.2669,1660603.9189,0],[821306.4886,1660591.2515,0],[821333.4196,1660581.7434,0],[821363.5334,1660570.6557,0],[821390.4561,1660556.3986,0],[821418.1786,1660537.3824,0],[821450.6507,1660513.6273,0],[821472.0322,1660497.7805,0],[821498.1715,1660479.5642,0],[821519.4376,1660460.4581,0],[821530.4375,1660416.9869,0],[821541.4375,1660384.0037,0],[821558.4322,1660360.0085,0],[821583.4171,1660335.0236,0],[821612.4095,1660321.0265,0],[821660.392,1660308.0291,0],[821713.3633,1660301.0405,0],[821760.3481,1660303.0301,0],[821811.324,1660318.0271,0],[821850.3103,1660337.0232,0],[821894.2936,1660365.0075,0],[821931.2763,1660395.0014,0],[821954.2739,1660432.9837,0],[821972.3735,1660469.0363,0],[821986.6389,1660484.3032,0],[822011.1785,1660505.6789,0],[822036.5097,1660521.5157,0],[822056.2997,1660532.5934,0],[822078.4563,1660539.722,0],[822110.1286,1660549.22,0],[822134.6682,1660553.1792,0],[822167.9237,1660556.3386,0],[822203.554,1660557.9283,0],[822247.8837,1660560.2978,0],[822285.8723,1660561.8874,0],[822300.9127,1660562.0174,0],[822329.0063,1660562.8073,0],[822362.2618,1660562.0174,0],[822393.9341,1660561.2176,0],[822426.3815,1660562.0074,0],[822462.0035,1660566.7665,0],[822488.918,1660571.5155,0],[822516.624,1660577.0644,0],[822557.0039,1660588.9419,0],[822587.8681,1660606.3684,0],[822611.6161,1660620.6255,0],[822635.3642,1660639.6316,0],[822659.1122,1660664.1866,0],[822678.1106,1660684.7824,0],[822689.5229,1660699.0195,0],[822745.0009,1660717.5158,0],[822842.7059,1660742.8806,0],[823006.6993,1660734.8622,0],[823111.4132,1660704.5084,0],[823301.447,1660593.481,0],[823407.5215,1660513.3773,0],[823485.0242,1660411.568,0],[823518.8074,1660342.1722,0],[823539.2819,1660274.7659,0],[823550.6116,1660246.0817,0],[823564.209,1660230.6349,0],[823585.3679,1660228.5753,0],[823660.9493,1660262.2484,0],[823777.9826,1660323.416,0],[823887.4544,1660371.1963,0],[824024.4673,1660418.9065,0],[824197.193,1660514.977,0],[824328.3679,1660587.2723,0],[824417.1015,1660669.4955,0],[824473.1237,1660730.883,0],[824514.7652,1660749.7492,0],[824622.8188,1660692.8108,0],[824867.6791,1660581.9534,0],[825038.5413,1660500.12,0],[825142.3317,1660434.1434,0],[825177.2034,1660382.6839,0],[825220.2962,1660338.8228,0],[825247.2353,1660318.467,0],[825286.9803,1660311.6484,0],[825334.4929,1660310.2987,0],[825403.09,1660309.5188,0],[825510.921,1660320.3566,0],[825566.2918,1660321.8563,0],[825621.9842,1660310.1787,0],[825704.5499,1660280.7947,0],[825784.2707,1660259.2291,0],[825869.2524,1660237.8234,0],[825954.5968,1660203.2304,0],[826058.7501,1660155.9801,0],[826200.9992,1660113.7187,0],[826320.3907,1660087.9539,0],[826423.4638,1660080.2155,0],[826547.6957,1660070.3975,0],[826597.8552,1660069.1277,0],[826688.2544,1660042.5831,0],[826795.1122,1659992.7633,0],[826938.4333,1659959.75,0],[827197.6826,1659883.7555,0],[827277.4034,1659862.1899,0],[827447.3668,1659819.3586,0],[827572.3161,1659783.2059,0],[827726.6123,1659734.6758,0],[827768.1466,1659710.7607,0],[827789.8744,1659687.6254,0],[827858.5623,1659586.6959,0],[827977.1788,1659394.855,0],[828062.1027,1659278.5387,0],[828250.3966,1658997.6358,0],[828371.4373,1658813.7633,0],[828518.9967,1658576.5815,0],[828656.5621,1658366.7942,0],[828833.7488,1658106.6872,0],[828976.5174,1657899.6793,0],[829271.6032,1657474.066,0],[829345.4777,1657375.8959,0],[829514.9133,1657129.3461,0],[829517.0984,1657126.1768,0],[829628.9451,1657087.0247,0],[829812.3162,1657036.635,0],[829902.2866,1657025.8872,0],[830005.5163,1657012.8698,0],[830076.6614,1656991.5442,0],[830128.2639,1656960.8404,0],[830169.0809,1656963.2599,0],[830228.9952,1656991.2442,0],[830270.0924,1657031.896,0],[830311.7669,1657051.482,0],[830367.0553,1657055.6111,0],[830480.3202,1657061.32,0],[830574.2074,1657100.7619,0],[830662.7018,1657145.3329,0],[830744.2615,1657152.8214,0],[830829.0452,1657139.2941,0],[830916.6656,1657117.9484,0],[830949.4263,1657117.5985,0],[831077.4596,1657073.5375,0],[831240.3315,1657001.4922,0],[831357.4472,1656962.4901,0],[831458.2526,1656941.4944,0],[831558.8437,1656928.397,0],[831603.866,1656921.7184,0],[831636.066,1656901.4925,0],[831660.7953,1656865.2599,0],[831686.0771,1656807.9415,0],[831734.9584,1656756.542,0],[831989.219,1656572.3095,0],[832088.8124,1656498.5645,0],[832070.721,1656289.827,0],[832055.697,1656114.1228,0],[832063.0358,1656037.8783,0],[832070.4406,1655958.9944,0],[832044.2271,1655855.4754,0],[832024.9236,1655789.0489,0],[832027.7766,1655732.4605,0],[832042.3058,1655682.7606,0],[832067.167,1655641.249,0],[832076.2952,1655596.6881,0],[832067.1093,1655546.3483,0],[832060.7682,1655488.1902,0],[832085.984,1655433.5213,0],[832152.1652,1655327.2229,0],[832213.1514,1655266.9252,0],[832255.6093,1655257.5271,0],[832361.0407,1655260.3866,0],[832500.247,1655282.602,0],[832668.2478,1655313.5057,0],[832728.4425,1655330.9522,0],[832892.4441,1655411.8457,0],[832936.8232,1655428.8523,0],[833030.5043,1655427.4325,0],[833118.4215,1655395.549,0],[833166.371,1655378.3925,0],[833227.2913,1655369.4943,0],[833355.8028,1655396.6988,0],[833450.4816,1655407.1567,0],[833521.7257,1655406.4568,0],[833601.4465,1655384.8812,0],[833678.6771,1655357.9767,0],[833792.7336,1655334.7014,0],[834008.816,1655294.4096,0],[834122.5179,1655284.3117,0],[834262.2355,1655288.0909,0],[834293.5697,1655299.4786,0],[834324.3514,1655331.942,0],[834397.5168,1655455.1869,0],[834445.5324,1655532.9311,0],[834483.5787,1655589.3196,0],[834514.6408,1655611.2551,0],[834561.8235,1655623.0827,0],[834636.6958,1655634.3304,0],[834691.91,1655641.0891,0],[834741.352,1655666.164,0],[834782.5235,1655704.1762,0],[834935.1376,1655816.3934,0],[835111.2194,1655926.411,0],[835160.2739,1655962.4836,0],[835205.4364,1656013.7332,0],[835239.7144,1656064.5229,0],[835288.7936,1656102.7651,0],[835425.3613,1656173.6807,0],[835571.7086,1656225.0902,0],[835747.2543,1656269.3912,0],[835915.3871,1656295.026,0],[836020.8432,1656297.8754,0],[836113.7162,1656292.9564,0],[836192.0434,1656279.3591,0],[836295.4051,1656280.4789,0],[836382.3987,1656282.8384,0],[836451.4329,1656266.2418,0],[836512.9222,1656236.2779,0],[836551.3808,1656206.0841,0],[836578.0396,1656169.4915,0],[836592.0081,1656140.8673,0],[836610.8169,1656128.2099,0],[836640.0319,1656121.0814,0],[836671.8031,1656116.6723,0],[836724.6755,1656112.833,0],[836772.1221,1656114.1128,0],[836864.459,1656113.9728,0],[836960.853,1656109.9936,0],[837018.7718,1656114.1928,0],[837060.8091,1656120.6015,0],[837115.6027,1656143.1769,0],[837162.3402,1656170.8112,0],[837211.1391,1656219.5813,0],[837270.2041,1656279.1792,0],[837403.7208,1656414.6116,0],[837447.7618,1656444.8055,0],[837554.9083,1656481.9679,0],[837638.983,1656494.7953,0],[837937.095,1656543.7253,0],[838710.7036,1656568.6203,0],[838773.8255,1656575.6088,0],[838812.9521,1656592.4754,0],[838893.0192,1656655.2826,0],[840150.6836,1657854.5085,0],[840051.5603,1658090.3005,0],[839988.9331,1658201.208,0],[839939.9116,1658299.248,0],[839898.369,1658352.6571,0],[839834.9502,1658453.7565,0],[839799.6745,1658587.2494,0],[839758.4783,1658793.0975,0],[839735.7445,1658950.6654,0],[839720.8772,1659048.4655,0],[839725.701,1659114.842,0],[839710.6689,1659180.6786,0],[839701.8953,1659259.9325,0],[839687.2259,1659312.5317,0],[839665.0281,1659398.0443,0],[839662.6946,1659484.0968,0],[839640.3236,1659576.2281,0],[839609.5089,1659714.4499,0],[839552.6373,1659878.5665,0],[839496.2687,1660002.9012,0],[839420.0441,1660126.696,0],[839398.3905,1660192.3527,0],[839396.0569,1660278.4051,0],[839386.2114,1660397.3609,0],[839344.5204,1660469.1063,0],[839291.0296,1660562.6373,0],[839226.8275,1660595.1607,0],[839180.2549,1660610.3776,0],[839136.7911,1660629.4437,0],[838999.9925,1660770.475,0],[838798.9259,1660939.7405,0],[838825.9557,1661056.2868,0],[839016.0884,1661708.924,0],[839016.4018,1661774.1107,0],[838958.45,1661917.9214,0],[838942.9478,1662029.6387,0],[838936.8788,1662100.0943,0],[838903.7388,1662248.7341,0],[838752.5842,1662610.1605,0],[838713.0454,1662764.859,0],[838690.6827,1662976.096,0],[838678.1985,1663129.4348,0],[838672.245,1663195.7413,0],[838675.6093,1663224.9054,0],[838821.536,1663361.7975,0],[838901.0094,1663496.87,0],[839010.572,1663672.2343,0],[839054.1018,1663752.338,0],[839056.4601,1663818.8645,0],[839029.7271,1663884.5911,0],[838910.3685,1663993.5089,0],[838833.4512,1664070.3333,0],[838775.1778,1664226.5915,0],[838725.4142,1664374.7713,0],[838724.8287,1664472.3615,0],[838804.7557,1664590.8474,0],[838921.0468,1664747.6954,0],[838943.8218,1664827.2392,0],[838920.8077,1664909.6925,0],[838752.4688,1665137.726,0],[838677.9016,1665281.0769,0],[838546.8504,1665437.435,0],[838401.773,1665574.7171,0],[838338.9809,1665626.3866,0],[838316.1894,1665697.3021,0],[838325.2846,1665788.6236,0],[838381.4553,1665818.3175,0],[838482.2277,1665826.1259,0],[838552.0535,1665857.0996,0],[838588.2033,1665903.7701,0],[838594.6763,1666124.0953,0],[838601.3884,1666259.2778,0],[838620.7909,1666309.6675,0],[838693.6512,1666382.2627,0],[838764.384,1666380.0332,0],[838892.4832,1666408.4474,0],[839055.586,1666525.0337,0],[839317.3751,1666681.7018,0],[839455.6661,1666793.469,0],[839515.9433,1666869.8835,0],[839564.8494,1667058.1352,0],[839609.179,1667186.0291,0],[839693.2619,1667304.625,0],[839774.5247,1667373.301,0],[839901.4942,1667443.2168,0],[840017.3566,1667522.2007,0],[840089.3016,1667468.5616,0],[840189.3154,1667408.6938,0],[840369.4953,1667359.9437,0],[840520.518,1667396.8462,0],[840664.4904,1667513.8524,0],[840848.2985,1667620.4107,0],[840946.3911,1667619.151,0],[841246.2677,1667525.8999,0],[841435.7572,1667473.0707,0],[841592.0242,1667431.8891,0],[841680.7083,1667369.1518,0],[841800.0669,1667260.234,0],[842014.8711,1667158.0848,0],[842095.8288,1667110.6445,0],[842228.5457,1667033.7701,0],[842317.4771,1667002.7764,0],[842381.1927,1666949.8372,0],[842462.3483,1666831.7112,0],[842552.6486,1666722.0236,0],[842667.5297,1666625.4532,0],[842741.1733,1666558.6668,0],[842882.8287,1666488.1012,0],[843005.733,1666418.6553,0],[843082.4441,1666350.1193,0],[843223.7943,1666200.1198,0],[843260.0678,1666089.0124,0],[843258.1795,1666005.9193,0],[843239.0904,1665943.1321,0],[843224.2808,1665876.3057,0],[843250.7912,1665818.8974,0],[843334.8494,1665672.6472,0],[843387.0373,1665596.6126,0],[843475.2514,1665480.5463,0],[843486.2266,1665418.4389,0],[843492.312,1665348.0232,0],[843493.6643,1665298.2434,0],[843506.4619,1665286.1358,0],[843559.829,1665274.7582,0],[843630.7927,1665290.365,0],[843698.4334,1665316.4997,0],[843737.1311,1665367.1394,0],[843793.6399,1665501.352,0],[843925.6229,1665618.8581,0],[844004.5274,1665677.2062,0],[844039.9598,1665699.2118,0],[844073.6523,1665683.5349,0],[844127.1431,1665636.4945,0],[844226.8436,1665554.8411,0],[844355.2066,1665498.8825,0],[844414.5025,1665458.9507,0],[844466.9708,1665364.8098,0],[844545.9083,1665262.1007,0],[844649.4101,1665198.0938,0],[844750.9412,1665150.7234,0],[844857.7166,1665063.8011,0],[844921.5147,1665011.5217,0],[844999.0174,1664990.776,0],[845024.5053,1664970.7,0],[845061.826,1664822.1203,0],[845116.3146,1664653.2447,0],[845164.7177,1664554.8347,0],[845224.7062,1664489.9979,0],[845375.4814,1664414.3533,0],[845498.0807,1664376.9209,0],[845540.9261,1664362.6538,0],[845577.4716,1664359.0845,0],[845639.0021,1664386.5789,0],[845725.666,1664439.0583,0],[845751.2611,1664447.3566,0],[845792.2017,1664449.986,0],[845830.3552,1664443.4274,0],[845938.0954,1664405.5051,0],[846201.0306,1664217.3734,0],[846280.3144,1664150.357,0],[846315.4912,1664137.3797,0],[846362.4018,1664148.0375,0],[846397.8095,1664168.7033,0],[846547.62,1664241.3385,0],[846593.2195,1664246.7374,0],[846686.7768,1664170.323,0],[846733.3246,1664136.8598,0],[846783.9871,1664116.9738,0],[846883.6629,1664117.5037,0],[846928.8006,1664139.5092,0],[847090.7243,1664301.8062,0],[847254.3548,1664401.8258,0],[847390.5844,1664438.7783,0],[847589.8122,1664452.5055,0],[847669.1043,1664442.1976,0],[847750.7546,1664421.5618,0],[847855.0975,1664407.7746,0],[847950.4442,1664418.6824,0],[848050.623,1664404.7852,0],[848175.3002,1664408.1745,0],[848235.0578,1664421.0619,0],[848287.6086,1664365.9531,0],[848362.8601,1664304.9656,0],[848443.1087,1664253.1961,0],[848512.6541,1664226.4415,0],[848587.7408,1664206.5256,0],[848636.6716,1664191.8186,0],[848698.466,1664180.5709,0],[848773.6681,1664163.5543,0],[848855.9286,1664161.0049,0],[848960.7003,1664167.3036,0],[848992.8756,1664161.0149,0],[849006.6379,1664153.4064,0],[849019.7323,1664139.2193,0],[849041.0726,1664076.792,0],[849068.523,1664019.3737,0],[849077.4038,1664006.6063,0],[849081.0814,1663994.4488,0],[849124.3391,1663942.8093,0],[849244.4481,1663921.3836,0],[849297.7904,1663889.8401,0],[849368.9851,1663845.1991,0],[849408.2023,1663832.6817,0],[849516.495,1663818.5746,0],[849535.4192,1663801.1981,0],[849540.0946,1663772.214,0],[849534.9492,1663746.8392,0],[849506.9298,1663705.3276,0],[849452.0537,1663649.479,0],[849416.3657,1663603.8783,0],[849382.0877,1663535.9121,0],[849380.1005,1663417.8261,0],[849387.8186,1663355.2289,0],[849397.5652,1663330.7339,0],[849412.6056,1663311.7977,0],[849446.0013,1663299.9601,0],[849482.654,1663310.6579,0],[849511.3743,1663326.9746,0],[849546.1635,1663363.0573,0],[849572.1627,1663379.084,0],[849588.7533,1663381.4135,0],[849609.1205,1663378.1442,0],[849647.0844,1663361.7575,0],[849722.0556,1663305.219,0],[849735.3974,1663290.2321,0],[849749.069,1663274.0954,0],[849764.3733,1663238.1927,0],[849787.3875,1663202.49,0],[849800.0366,1663183.0239,0],[849827.1407,1663159.5487,0],[849888.8443,1663120.4966,0],[849920.2857,1663099.341,0],[849933.9821,1663082.1045,0],[849937.4041,1663076.8755,0],[849943.1927,1663068.0473,0],[849948.099,1663049.4611,0],[849948.3711,1663039.5631,0],[849945.5098,1663022.9765,0],[849934.0975,1663012.6986,0],[849893.8495,1662976.436,0],[849852.7935,1662945.6022,0],[849812.0095,1662904.8605,0],[849754.1979,1662841.6534,0],[849733.7647,1662822.3873,0],[849729.2048,1662820.1378,0],[849678.1877,1662789.724,0],[849644.52,1662748.9423,0],[849629.2899,1662716.3589,0],[849621.4151,1662667.9088,0],[849634.8311,1662566.5394,0],[849648.8738,1662536.6255,0],[849660.3767,1662503.5722,0],[849681.1233,1662440.955,0],[849736.3209,1662336.5262,0],[849756.0862,1662285.6466,0],[849761.2316,1662230.0679,0],[849764.7444,1662190.186,0],[849780.8155,1662108.3127,0],[849796.4909,1662071.0803,0],[849839.2208,1661998.485,0],[849943.1185,1661830.8891,0],[849964.9287,1661778.0699,0],[849978.6251,1661742.8471,0],[849987.3739,1661702.3853,0],[849988.2067,1661671.8915,0],[849994.8694,1661613.5634,0],[849998.11,1661588.2185,0],[850009.4563,1661545.2873,0],[850043.6518,1661505.5254,0],[850087.7588,1661476.2013,0],[850162.0621,1661460.4246,0],[850256.2544,1661462.974,0],[850294.5069,1661461.4743,0],[850322.8396,1661449.5268,0],[850372.3147,1661410.1748,0],[850465.4102,1661359.2851,0],[850541.6018,1661321.0529,0],[850583.5155,1661278.9215,0],[850613.0274,1661223.7327,0],[850621.8339,1661180.7015,0],[850623.0131,1661137.4703,0],[850627.1442,1661079.0422,0],[850641.2611,1661028.5325,0],[850662.9147,1660980.7522,0],[850699.8726,1660933.4118,0],[850743.9796,1660904.0578,0],[850826.9575,1660850.3287,0],[850858.5309,1660828.1832,0],[850885.47,1660799.749,0],[850912.368,1660773.5144,0],[850957.4233,1660720.2952,0],[850986.762,1660684.0726,0],[851012.0355,1660636.8622,0],[851016.9748,1660615.2266,0],[851034.0684,1660548.1902,0],[851035.0084,1660513.3673,0],[851030.0692,1660454.4493,0],[851023.8188,1660362.828,0],[851018.8878,1660303.91,0],[851022.483,1660251.7406,0],[851028.3623,1660195.2821,0],[851040.6981,1660143.3726,0],[851062.0713,1660078.6258,0],[851089.2249,1660042.3432,0],[851107.9594,1659978.7861,0],[851124.5995,1659922.6776,0],[851126.8424,1659839.7844,0],[851124.6078,1659783.1759,0],[851124.1707,1659743.2241,0],[851128.3431,1659715.9496,0],[851134.173,1659690.4348,0],[851150.2524,1659666.8996,0],[851176.738,1659638.5154,0],[851229.429,1659592.0149,0],[851281.7653,1659559.1915,0],[851320.2487,1659531.1373,0],[851351.8715,1659502.893,0],[851380.1135,1659472.8391,0],[851406.9867,1659430.7777,0],[851436.144,1659366.5208,0],[851495.6131,1659228.7888,0],[851530.7568,1659133.8281,0],[851575.8699,1659051.115,0],[851620.8674,1658971.8311,0],[851644.5412,1658952.775,0],[851677.7885,1658927.99,0],[851705.3461,1658923.5909,0],[851749.9314,1658923.091,0],[851777.2086,1658928.9598,0],[851802.6388,1658939.9276,0],[851839.4895,1658971.7711,0],[851879.7704,1659003.6846,0],[851918.4352,1659032.1388,0],[851943.7252,1659048.2355,0],[851974.3668,1659055.924,0],[852010.3516,1659056.9038,0],[852051.6551,1659051.1649,0],[852072.6325,1659036.328,0],[852100.7426,1659011.393,0],[852141.543,1658961.1133,0],[852177.4784,1658900.4156,0],[852227.2998,1658864.9429,0],[852253.7525,1658838.2583,0],[852264.4886,1658821.4117,0],[852271.9016,1658801.0659,0],[852270.7472,1658780.48,0],[852266.0223,1658764.9332,0],[852258.1887,1658737.3088,0],[852240.1386,1658707.7049,0],[852228.6109,1658690.2684,0],[852218.6994,1658676.2913,0],[852212.3006,1658658.9948,0],[852213.3231,1658621.3424,0],[852215.5989,1658600.8366,0],[852224.6776,1658582.2404,0],[852233.748,1658563.6442,0],[852256.9024,1658531.7407,0],[852291.5926,1658517.2536,0],[852354.4342,1658507.8355,0],[852381.9918,1658503.4364,0],[852407.8673,1658497.2877,0],[852442.4091,1658487.9396,0],[852478.8558,1658471.8129,0],[852510.4374,1658445.2583,0],[852545.6306,1658411.9451,0],[852580.7332,1658382.0711,0],[852619.1258,1658357.4162,0],[852671.1241,1658336.5604,0],[852705.5753,1658330.6416,0],[852729.4717,1658334.7208,0],[852759.8494,1658352.6571,0],[852789.7159,1658389.4396,0],[852824.167,1658446.9079,0],[852850.8835,1658473.3226,0],[852882.0363,1658493.8584,0],[852902.2799,1658506.4058,0],[852927.842,1658512.2346,0],[852946.7332,1658511.0349,0],[852969.2279,1658503.0765,0],[852985.2083,1658482.9606,0],[852994.6663,1658450.6772,0],[853007.5793,1658416.7641,0],[853019.3874,1658360.5555,0],[853030.8821,1658316.3245,0],[853059.4539,1658274.2831,0],[853096.486,1658235.8909,0],[853158.1814,1658174.1835,0],[853229.1699,1658085.3215,0],[853244.4989,1658057.4772,0],[853251.9202,1658037.1214,0],[853250.8482,1658013.1162,0],[853246.1728,1657995.8598,0],[853230.1924,1657952.5986,0],[853200.5156,1657908.9774,0],[853185.7473,1657884.6024,0],[853176.5202,1657844.9405,0],[853174.2196,1657803.7789,0],[853185.6566,1657761.2675,0],[853204.8281,1657686.4227,0],[853235.1151,1657612.7277,0],[853284.1614,1657511.2784,0],[853313.3847,1657445.2718,0],[853321.5811,1657395.8219,0],[853320.74,1657363.2485,0],[853318.1508,1657332.3448,0],[853313.7558,1657304.8204,0],[853305.9717,1657275.4864,0],[853282.1247,1657238.024,0],[853260.3144,1657220.2976,0],[853238.6444,1657197.4523,0],[853219.011,1657162.6593,0],[853216.0507,1657145.4429,0],[853211.5485,1657121.3478,0],[853219.1017,1657095.8529,0],[853238.6526,1657070.6981,0],[853259.5806,1657057.5507,0],[853289.0347,1657046.363,0],[853332.144,1657037.2549,0],[853382.3777,1657018.0588,0],[853437.4929,1657009.2806,0],[853490.8353,1657002.152,0],[853537.1027,1657003.4018,0],[853586.9241,1656999.6025,0],[853591.1377,1656997.6329,0],[853618.1758,1656985.0255,0],[853634.1068,1656966.6292,0],[853678.89,1656895.8936,0],[853712.3269,1656832.5665,0],[853727.1034,1656793.5745,0],[853739.7361,1656769.9293,0],[853748.9549,1656746.2041,0],[853763.5418,1656714.0407,0],[853782.7464,1656700.8633,0],[853807.2118,1656684.3967,0],[853847.0805,1656668.34,0],[853881.7213,1656655.5826,0],[853928.1619,1656649.9837,0],[853976.3258,1656644.4348,0],[854033.1397,1656635.6966,0],[854081.5511,1656621.5995,0],[854203.0453,1656566.6407,0],[854241.2978,1656547.1246,0],[854318.9159,1656498.6945,0],[854448.252,1656407.983,0],[854538.544,1656365.8815,0],[854578.1405,1656360.1127,0],[854643.3404,1656358.443,0],[854707.1468,1656344.7658,0],[854762.5836,1656323.9901,0],[854841.1665,1656271.3108,0],[854920.8626,1656209.2234,0],[854989.4515,1656145.9963,0],[855053.868,1656110.0536,0],[855081.9286,1656086.8283,0],[855104.9428,1656060.0338,0],[855126.6623,1656017.8024,0],[855158.8871,1655967.2927,0],[855185.6119,1655866.9431,0],[855241.5022,1655797.3672,0],[855279.9278,1655771.9724,0],[855307.2793,1655751.8965,0],[855351.2462,1655723.3523,0],[855374.0129,1655707.6055,0],[855392.5084,1655684.3203,0],[855405.3884,1655648.9675,0],[855411.0945,1655603.0368,0],[855422.3501,1655572.1031,0],[855431.9647,1655547.0882,0],[855442.7833,1655532.5112,0],[855448.811,1655529.7017,0],[855465.113,1655533.121,0],[855503.6541,1655540.0996,0],[855523.0401,1655539.1498,0],[855542.5497,1655533.7209,0],[855557.6314,1655526.6923,0],[855574.4529,1655510.7956,0],[855585.3127,1655494.7289,0],[855597.6485,1655478.7121,0],[855602.2497,1655474.373,0],[855623.0292,1655476.4126,0],[855649.8199,1655477.1424,0],[855669.2471,1655474.6929,0],[855693.4734,1655460.4758,0],[855724.0655,1655430.082,0],[855765.1381,1655398.4884,0],[855809.8223,1655370.934,0],[855865.6961,1655342.6798,0],[855914.0827,1655315.7253,0],[855933.7903,1655302.8579,0],[855949.1193,1655286.9112,0],[855961.4304,1655272.3641,0],[855972.3314,1655254.7977,0],[855980.2062,1655238.641,0],[855992.7646,1655215.1658,0],[856003.6574,1655197.5993,0],[856022.0373,1655178.7532,0],[856036.7644,1655157.5775,0],[856040.104,1655144.2802,0],[856052.5305,1655125.2741,0],[856060.2816,1655113.5764,0],[856070.9517,1655104.9382,0],[856082.8917,1655103.7684,0],[856096.217,1655107.0978,0],[856106.3923,1655116.3159,0],[856117.9283,1655130.0131,0],[856125.1846,1655137.6415,0],[856136.8772,1655145.41,0],[856150.2767,1655145.7699,0],[856184.5877,1655143.7203,0],[856222.2959,1655137.4516,0],[856272.3729,1655131.9427,0],[856323.6373,1655091.171,0],[856328.8405,1655083.8225,0],[856352.102,1655053.1087,0],[856365.0892,1655028.8237,0],[856385.5554,1654976.7643,0],[856413.5748,1654894.661,0],[856442.3198,1654827.1447,0],[856480.0363,1654738.1528,0],[856517.225,1654648.4211,0],[856576.1993,1654541.3429,0],[856627.2411,1654457.0201,0],[856671.8923,1654382.0553,0],[856709.9881,1654341.6336,0],[856759.7271,1654285.8349,0],[856784.9181,1654245.6331,0],[856802.7539,1654208.0208,0],[856812.7478,1654170.1985,0],[856815.5927,1654147.883,0],[856815.1721,1654122.0982,0],[856813.4817,1654101.8924,0],[856805.1122,1654079.257,0],[856791.2427,1654053.1123,0],[856770.5868,1654029.0272,0],[856726.0016,1653998.1335,0],[856646.5611,1653950.0533,0],[856615.8206,1653925.6982,0],[856591.5943,1653909.3615,0],[856577.4444,1653893.2948,0],[856568.9924,1653874.0287,0],[856562.7916,1653854.8127,0],[856563.3358,1653834.6568,0],[856566.1476,1653813.4511,0],[856575.8365,1653786.8265,0],[856588.8979,1653760.2919,0],[856614.6992,1653739.1462,0],[856626.0125,1653734.967,0],[856642.801,1653736.5467,0],[856664.0258,1653739.3562,0],[856692.8615,1653751.3337,0],[856730.6605,1653763.5612,0],[856754.0374,1653769.8,0],[856779.7232,1653773.8491,0],[856799.9008,1653774.389,0],[856823.5169,1653771.6796,0],[856837.2957,1653759.722,0],[856852.4681,1653737.7265,0],[856870.2214,1653703.4835,0],[856895.3465,1653644.7754,0],[856919.9438,1653564.7817,0],[856924.6604,1653514.5019,0],[856938.0764,1653412.3627,0],[856946.0996,1653322.9509,0],[856955.6318,1653260.4736,0],[856979.9736,1653168.7123,0],[857017.0221,1653084.5694,0],[857046.6989,1653023.7618,0],[857065.1119,1653006.3254,0],[857085.9162,1653004.0958,0],[857100.3959,1653007.8351,0],[857124.8366,1653016.3433,0],[857147.9084,1653033.7698,0],[857192.7493,1653076.4311,0],[857278.9019,1653166.1428,0],[857300.9183,1653181.2997,0],[857315.431,1653183.9292,0],[857332.302,1653182.1496,0],[857358.2187,1653177.2406,0],[857379.8475,1653165.513,0],[857401.7155,1653144.8172,0],[857424.9111,1653116.313,0],[857435.1194,1653091.378,0],[857442.9612,1653050.1364,0],[857445.806,1653027.811,0],[857444.1734,1653005.3656,0],[857442.4747,1652985.1497,0],[857436.2903,1652964.8238,0],[857420.112,1652940.8587,0],[857397.2463,1652915.5938,0],[857378.6107,1652899.4071,0],[857362.053,1652889.989,0],[857338.5276,1652889.3592,0],[857306.9955,1652894.1082,0],[857282.1013,1652902.3965,0],[857258.477,1652905.116,0],[857238.2746,1652905.6958,0],[857220.4389,1652901.8466,0],[857197.1114,1652893.3883,0],[857179.523,1652880.581,0],[857167.4923,1652869.0533,0],[857149.0299,1652847.2777,0],[857116.6072,1652780.8613,0],[857104.9806,1652754.7766,0],[857104.56,1652729.0018,0],[857101.707,1652709.8757,0],[857104.4034,1652693.1491,0],[857109.3756,1652675.3627,0],[857121.06,1652657.7463,0],[857131.5074,1652644.589,0],[857155.3792,1652632.9114,0],[857198.5709,1652611.6757,0],[857275.2737,1652594.6891,0],[857334.2398,1652591.2498,0],[857360.2472,1652582.9915,0],[857383.1789,1652564.5653,0],[857407.6773,1652529.3724,0],[857418.2814,1652510.6163,0],[857425.9088,1652477.2131,0],[857430.543,1652430.2826,0],[857435.3173,1652377.7533,0],[857431.9036,1652338.4613,0],[857423.4186,1652299.5792,0],[857411.726,1652275.7341,0],[857384.9022,1652231.3231,0],[857369.1115,1652192.8109,0],[857360.9646,1652162.3371,0],[857354.6895,1652145.3706,0],[857349.5688,1652127.3043,0],[857341.9414,1652119.2559,0],[857330.793,1652116.7164,0],[857309.5022,1652116.1366,0],[857285.9439,1652116.6265,0],[857262.402,1652115.9866,0],[857238.8271,1652117.5963,0],[857217.5116,1652117.0164,0],[857203.0154,1652114.3869,0],[857184.1654,1652106.0286,0],[857141.6251,1652062.3075,0],[857129.7099,1652025.585,0],[857129.2646,1652000.92,0],[857130.7983,1651985.2832,0],[857134.9295,1651957.3889,0],[857139.8193,1651941.832,0],[857149.2443,1651925.2854,0],[857159.8154,1651907.639,0],[857190.7291,1651883.8238,0],[857269.1718,1651844.4918,0],[857342.1723,1651799.411,0],[857373.8611,1651767.2276,0],[857383.385,1651747.3216,0],[857400.0334,1651711.9088,0],[857402.6885,1651696.302,0],[857402.0866,1651677.2459,0],[857399.2665,1651657,0],[857390.7898,1651638.8537,0],[857380.3588,1651609.4397,0],[857362.4653,1651566.3885,0],[857355.2914,1651541.5435,0],[857350.3851,1651494.923,0],[857352.0755,1651432.2258,0],[857359.2164,1651416.7389,0],[857377.9015,1651389.2345,0],[857390.4434,1651381.736,0],[857419.8316,1651372.4479,0],[857448.1973,1651360.8903,0],[857463.0728,1651350.0825,0],[857479.177,1651334.8356,0],[857490.7377,1651321.6983,0],[857502.3396,1651307.4512,0],[857507.3036,1651293.2141,0],[857529.5261,1651235.9957,0],[857569.0567,1651208.9512,0],[857579.7103,1651202.2326,0],[857619.1007,1651171.5188,0],[857653.4529,1651149.3333,0],[857675.9311,1651138.3956,0],[857700.2728,1651129.4274,0],[857723.658,1651120.4292,0],[857754.6212,1651116.45,0],[857798.1592,1651110.8812,0],[857837.863,1651104.2525,0],[857872.7924,1651096.5341,0],[857951.8865,1651078.1178,0],[857988.8774,1651064.6706,0],[858035.623,1651047.624,0],[858067.9055,1651030.1976,0],[858085.4857,1651021.9893,0],[858101.9444,1651019.5498,0],[858126.0717,1651018.27,0],[858147.2718,1651018.8399,0],[858172.2484,1651022.4092,0],[858192.6981,1651033.077,0],[858244.1604,1651055.6624,0],[858289.7022,1651082.8969,0],[858332.6713,1651098.5137,0],[858359.4126,1651107.9118,0],[858389.1471,1651113.5206,0],[858414.198,1651114.2005,0],[858444.2541,1651108.2617,0],[858494.8506,1651091.3252,0],[858543.13,1651070.9493,0],[858579.2963,1651052.653,0],[858614.8441,1651021.8193,0],[858659.3222,1650981.5975,0],[858698.5972,1650955.6828,0],[858742.4403,1650938.5562,0],[858772.414,1650935.5169,0],[858792.7482,1650932.2075,0],[858825.344,1650921.0498,0],[858893.397,1650777.0391,0],[859045.739,1650519.1916,0],[859090.4974,1650385.3588,0],[859151.1868,1650085.6599,0],[859186.8336,1650005.3062,0],[859284.6211,1649926.6222,0],[859453.0672,1649888.1301,0],[859549.0406,1649876.3625,0],[859770.9692,1649805.8168,0],[859889.0909,1649786.0508,0],[859945.7234,1649774.1433,0],[859994.8521,1649743.2995,0],[860042.3152,1649724.0834,0],[860115.6867,1649723.1336,0],[860244.4374,1649735.3911,0],[860382.1265,1649742.0298,0],[860402.8895,1649733.8015,0],[860420.9561,1649716.705,0],[860466.9927,1649641.8002,0],[860521.8605,1649510.357,0],[860592.445,1649395.0304,0],[860602.34,1649354.2687,0],[860610.3467,1649275.3548,0],[860609.7035,1649190.3421,0],[860597.879,1649084.5236,0],[860587.4232,1649037.3432,0],[860557.1445,1648963.2683,0],[860521.8028,1648913.9483,0],[860513.6394,1648890.2932,0],[860526.47,1648849.6014,0],[860545.0891,1648811.9991,0],[860557.9279,1648771.3174,0],[860556.089,1648730.2357,0],[860548.3957,1648689.0041,0],[860534.6086,1648656.3908,0],[860509.4918,1648608.8105,0],[860475.5766,1648561.0002,0],[860462.2596,1648510.8204,0],[860466.4402,1648464.0499,0],[860479.6748,1648408.7112,0],[860515.3133,1648283.6566,0],[860525.5959,1648174.029,0],[860525.2743,1648077.2986,0],[860538.7315,1648013.1817,0],[860555.4376,1647937.4271,0],[860586.2523,1647882.5783,0],[860631.9591,1647819.3312,0],[860721.8058,1647751.415,0],[860951.3041,1647616.9224,0],[861000.2844,1647596.2466,0],[861044.1771,1647600.3657,0],[861090.7743,1647613.3331,0],[861125.4728,1647631.8693,0],[861171.5918,1647662.4131,0],[861254.3142,1647749.6353,0],[861345.6946,1647842.9463,0],[861481.9077,1647905.2337,0],[861681.82,1647998.5347,0],[861848.2128,1648029.3984,0],[861933.6233,1648017.0409,0],[861958.8473,1648005.0034,0],[862009.8479,1647979.8185,0],[862051.6873,1647931.0484,0],[862055.6371,1647893.1461,0],[862076.4166,1647842.0065,0],[862101.0717,1647808.2134,0],[862125.5948,1647778.7294,0],[862152.1547,1647753.5945,0],[862200.4423,1647722.5908,0],[862239.8162,1647702.115,0],[862257.2397,1647696.1262,0],[862266.3843,1647676.9801,0],[862267.143,1647649.0058,0],[862263.2427,1647633.8289,0],[862253.3229,1647601.2555,0],[862234.7863,1647568.4422,0],[862216.6207,1647524.8411,0],[862202.7594,1647479.2204,0],[862203.7407,1647442.6178,0],[862219.5727,1647415.0235,0],[862241.7045,1647394.0777,0],[862272.6429,1647366.8932,0],[862299.0709,1647346.0575,0],[862329.597,1647333.95,0],[862373.2093,1647315.7337,0],[862388.7527,1647298.9071,0],[862400.0083,1647281.9805,0],[862404.898,1647260.5649,0],[862407.6934,1647236.9297,0],[862410.4228,1647215.4541,0],[862415.2548,1647196.188,0],[862430.9054,1647175.0623,0],[862450.8356,1647156.2061,0],[862470.6422,1647141.6591,0],[862484.1488,1647120.4734,0],[862488.9809,1647101.2073,0],[862491.8834,1647073.273,0],[862492.6998,1647043.1291,0],[862489.4262,1647004.2571,0],[862490.1023,1646979.2721,0],[862505.753,1646929.6422,0],[862529.8143,1646880.2423,0],[862540.971,1646866.6851,0],[862558.0399,1646848.2388,0],[862578.6297,1646816.4753,0],[862588.566,1646799.3988,0],[862592.0787,1646786.1015,0],[862593.1012,1646777.4532,0],[862592.7301,1646761.6764,0],[862589.0195,1646752.9082,0],[862581.4251,1646741.6805,0],[862568.4461,1646725.5638,0],[862533.1786,1646686.7917,0],[862497.0371,1646651.1389,0],[862472.8026,1646613.4466,0],[862462.2067,1646595.8202,0],[862453.3671,1646572.7249,0],[862444.643,1646544.9106,0],[862437.6588,1646510.8275,0],[862430.856,1646470.4557,0],[862428.5141,1646440.4418,0],[862432.6123,1646405.089,0],[862440.2315,1646386.3828,0],[862462.6437,1646360.0882,0],[862487.34,1646336.7229,0],[862536.4522,1646301.0602,0],[862570.1448,1646287.173,0],[862652.5537,1646252.4201,0],[862714.414,1646224.5058,0],[862737.0654,1646208.469,0],[862752.3119,1646192.2523,0],[862760.162,1646175.8157,0],[862760.6567,1646157.3494,0],[862757.6058,1646133.2344,0],[862756.2535,1646114.6981,0],[862756.9461,1646088.8434,0],[862761.0855,1646072.3168,0],[862769.051,1646052.2008,0],[862780.6859,1646032.1749,0],[862811.1378,1646001.5612,0],[862821.0411,1645977.796,0],[862823.6303,1645950.1316,0],[862812.9766,1645933.2051,0],[862800.4265,1645918.0782,0],[862767.7647,1645893.1632,0],[862740.207,1645885.0349,0],[862714.6037,1645873.2573,0],[862696.5948,1645854.2711,0],[862693.4366,1645833.8553,0],[862695.7372,1645817.2787,0],[862703.6367,1645799.0124,0],[862707.5288,1645791.7139,0],[862732.1344,1645772.0479,0],[862779.3336,1645738.1748,0],[862815.2855,1645709.5606,0],[862856.6714,1645616.3896,0],[862867.2095,1645568.5993,0],[862881.3099,1645526.4579,0],[862882.654,1645476.588,0],[862879.6525,1645450.6233,0],[862880.0978,1645433.9867,0],[862890.2897,1645399.1338,0],[862901.7184,1645381.6273,0],[862912.875,1645363.4111,0],[862922.5969,1645346.9944,0],[862927.0991,1645334.6069,0],[862933.7205,1645312.5514,0],[862938.0496,1645289.5261,0],[862939.9296,1645271.5098,0],[862946.4356,1645253.6234,0],[862956.2564,1645233.5175,0],[862968.3283,1645215.7811,0],[862981.1754,1645203.6236,0],[863015.6512,1645181.3881,0],[863059.783,1645161.2722,0],[863137.7722,1645124.0098,0],[863156.7046,1645110.1626,0],[863176.1483,1645094.0159,0],[863195.2127,1645075.0797,0],[863210.113,1645055.1038,0],[863221.4098,1645032.2485,0],[863228.9135,1645011.6127,0],[863238.4127,1644968.8014,0],[863245.768,1644919.9113,0],[863252.0596,1644875.6303,0],[863257.642,1644840.5775,0],[863259.0438,1644823.021,0],[863257.0318,1644811.3934,0],[863252.6863,1644800.1557,0],[863243.9209,1644781.3895,0],[863237.8025,1644767.3424,0],[863233.6961,1644747.7864,0],[863232.7726,1644730.1499,0],[863233.795,1644709.3442,0],[863237.9097,1644694.6372,0],[863258.7552,1644660.924,0],[863275.8653,1644628.5106,0],[863294.1381,1644586.8591,0],[863299.2093,1644570.7924,0],[863301.0894,1644552.7761,0],[863300.8585,1644543.9778,0],[863298.5002,1644528.1711,0],[863292.456,1644511.3345,0],[863286.2963,1644481.9905,0],[863281.2251,1644446.1977,0],[863279.9141,1644425.7819,0],[863281.6457,1644413.3344,0],[863285.2738,1644399.0673,0],[863293.6104,1644382.1608,0],[863329.5293,1644340.0594,0],[863371.2203,1644290.2395,0],[863392.4368,1644260.2456,0],[863402.1999,1644241.9793,0],[863406.2734,1644228.662,0],[863412.7381,1644195.0289,0],[863415.0469,1644160.8258,0],[863420.5552,1644128.5524,0],[863426.9539,1644097.6987,0],[863432.6848,1644074.2335,0],[863446.2575,1644035.2414,0],[863455.7979,1644008.1769,0],[863467.1277,1643983.4719,0],[863484.444,1643960.3166,0],[863509.1073,1643940.1408,0],[863529.9363,1643924.9438,0],[863553.3957,1643914.466,0],[863572.4436,1643913.1263,0],[863595.5155,1643917.9153,0],[863629.4389,1643932.7123,0],[863651.8923,1643943.0502,0],[863672.6801,1643945.9296,0],[863698.5885,1643948.4691,0],[863723.2106,1643946.8094,0],[863754.9242,1643940.7206,0],[863790.4637,1643929.6329,0],[863857.7333,1643894.86,0],[863910.9273,1643865.7259,0],[863955.8424,1643834.0423,0],[863972.936,1643819.2254,0],[863984.9585,1643803.3386,0],[863992.2643,1643790.5712,0],[863994.3835,1643779.9734,0],[863997.5087,1643768.0158,0],[863998.4404,1643750.4494,0],[863995.909,1643723.9848,0],[863991.7118,1643690.0617,0],[863991.3737,1643668.2861,0],[863993.3115,1643647.9602,0],[863999.8505,1643628.6941,0],[864010.9989,1643610.9278,0],[864025.8826,1643591.8816,0],[864037.5175,1643573.2054,0],[864047.9897,1643546.1609,0],[864058.6681,1643511.2581,0],[864066.9964,1643477.205,0],[864073.3374,1643448.6708,0],[864081.9214,1643405.3596,0],[864085.4176,1643378.6051,0],[864088.5593,1643348.1213,0],[864090.4888,1643328.2553,0],[864097.1432,1643304.8201,0],[864110.6004,1643269.9772,0],[864133.9361,1643230.3252,0],[864162.8213,1643190.3434,0],[864196.9426,1643146.8122,0],[864221.1772,1643108.0901,0],[864246.0219,1643063.3792,0],[864272.7302,1643018.7083,0],[864305.7218,1642964.9493,0],[864320.1685,1642944.9633,0],[864331.7457,1642928.5967,0],[864345.9368,1642918.3287,0],[864357.1759,1642913.9996,0],[864377.2463,1642909.4405,0],[864411.1779,1642906.6511,0],[864441.8442,1642904.6915,0],[864465.5922,1642901.1622,0],[864493.6611,1642892.654,0],[864510.9774,1642886.6352,0],[864576.9359,1642865.7095,0],[864662.5855,1642837.4452,0],[864748.4165,1642801.7725,0],[864789.4066,1642778.3272,0],[864824.9709,1642749.1832,0],[864854.1447,1642716.6198,0],[864881.6446,1642676.5979,0],[864921.1009,1642623.9487,0],[864955.8324,1642573.9388,0],[864979.9845,1642538.926,0],[865006.8,1642507.2224,0],[865042.8343,1642477.6284,0],[865067.0689,1642456.5127,0],[865084.6902,1642439.3862,0],[865098.6917,1642418.9304,0],[865121.1863,1642375.5392,0],[865145.7919,1642322.9299,0],[865181.5047,1642236.8275,0],[865196.6276,1642191.3867,0],[865206.0031,1642170.8009,0],[865219.2129,1642145.2261,0],[865242.0127,1642107.8537,0],[865302.0754,1642030.7394,0],[865329.0971,1641991.6374,0],[865347.007,1641963.4131,0],[865367.6711,1641936.6386,0],[865387.1725,1641918.6422,0],[865416.0248,1641898.1064,0],[865455.1843,1641872.7616,0],[865491.8535,1641855.2251,0],[865519.5183,1641843.9274,0],[865550.3578,1641835.0192,0],[865582.5743,1641827.5508,0],[865619.1611,1641812.3239,0],[865654.6347,1641786.879,0],[865690.4877,1641747.0871,0],[865702.675,1641725.1816,0],[865714.4748,1641700.0267,0],[865723.2237,1641685.4497,0],[865738.1404,1641665.4738,0],[865754.2775,1641651.5466,0],[865781.192,1641633.7402,0],[865810.8028,1641619.2532,0],[865834.221,1641611.0848,0],[865866.3303,1641606.8557,0],[865908.145,1641604.7261,0],[865930.384,1641605.7859,0],[865956.3007,1641607.8755,0],[865984.5262,1641610.4849,0],[866014.2443,1641608.9653,0],[866047.8461,1641601.5368,0],[866070.3078,1641594.2583,0],[866090.4524,1641586.9297,0],[866108.6839,1641581.3909,0],[866126.4455,1641576.7818,0],[866144.6605,1641571.7128,0],[866165.2257,1641565.774,0],[866185.931,1641554.7563,0],[866201.1198,1641541.7389,0],[866222.056,1641522.3829,0],[866231.2419,1641507.8058,0],[866238.0447,1641496.8781,0],[866255.6991,1641456.2563,0],[866265.9652,1641423.723,0],[866283.0918,1641398.3881,0],[866302.6179,1641370.7737,0],[866350.6747,1641329.8621,0],[866467.3534,1641269.6843,0],[866645.1008,1641208.8067,0],[866849.1855,1641129.8728,0],[866982.4631,1641063.1164,0],[867027.8152,1641036.2018,0],[867070.4215,1641023.2745,0],[867126.9302,1641017.7556,0],[867209.4299,1641005.898,0],[867304.5622,1640961.567,0],[867392.6361,1640917.0361,0],[867463.4761,1640902.5191,0],[867738.4586,1640893.4809,0],[867836.9717,1640898.4599,0],[868076.3073,1640904.8786,0],[868366.5363,1640940.8013,0],[868605.4596,1640963.6166,0],[868816.5367,1640973.9745,0],[868948.0002,1640975.1443,0],[869016.4902,1640960.5772,0],[869106.6173,1640927.8239,0],[869173.1942,1640896.7802,0],[869245.535,1640826.0346,0],[869328.4058,1640713.3576,0],[869317.2326,1640691.9619,0],[869299.702,1640644.6016,0],[869285.4861,1640562.1583,0],[869278.4854,1640472.8665,0],[869284.1668,1640348.7618,0],[869287.3579,1640298.262,0],[869292.0333,1640274.2769,0],[869307.1645,1640235.4948,0],[869318.923,1640209.6801,0],[869340.8487,1640180.1261,0],[869357.4311,1640162.4797,0],[869380.1732,1640139.9743,0],[869401.802,1640121.468,0],[869421.2375,1640109.9304,0],[869458.9045,1640093.8537,0],[869506.5985,1640079.0567,0],[869618.173,1640046.8732,0],[869698.2731,1640024.9077,0],[869747.105,1640005.1217,0],[869803.1273,1639980.4867,0],[869826.7846,1639961.0207,0],[869854.7298,1639932.6365,0],[869872.6232,1639902.9725,0],[869882.3781,1639877.1078,0],[869888.2491,1639846.1141,0],[869892.0175,1639818.0798,0],[869890.8383,1639800.4834,0],[869890.2611,1639792.625,0],[869890.1869,1639787.466,0],[869882.8069,1639747.6941,0],[869866.8841,1639656.6426,0],[869947.5697,1639623.7293,0],[870161.2195,1639527.7889,0],[870280.6194,1639469.1408,0],[870457.7813,1639359.8631,0],[870467.0084,1639356.1738,0],[870493.3127,1639350.8549,0],[870527.5082,1639351.7647,0],[870571.541,1639360.9828,0],[870788.9015,1639396.1957,0],[870963.4825,1639382.5384,0],[871016.1074,1639371.8906,0],[871055.5226,1639365.9118,0],[871118.9001,1639366.6117,0],[871266.1462,1639355.4839,0],[871419.5024,1639341.5068,0],[871551.7575,1639325.95,0],[871597.2086,1639320.1311,0],[871622.5893,1639311.7728,0],[871652.4393,1639287.4478,0],[871730.1316,1639205.1146,0],[871752.1398,1639172.5512,0],[871782.8885,1639114.0831,0],[871809.6793,1639053.4954,0],[871823.3921,1638992.5678,0],[871827.6882,1638907.2752,0],[871840.4775,1638843.3082,0],[871918.3512,1638626.6923,0],[871948.1682,1638528.0124,0],[871985.2745,1638411.4361,0],[872026.1574,1638322.0943,0],[872067.8896,1638201.1189,0],[872113.6706,1638098.3298,0],[872151.2056,1638049.5798,0],[872195.1065,1638016.8464,0],[872231.8582,1637997.4804,0],[872288.7381,1637987.7024,0],[872381.578,1637987.9223,0],[872481.2043,1637988.3322,0],[872687.136,1637993.8411,0],[872822.7307,1638004.259,0],[872885.663,1638021.7654,0],[872971.1229,1638044.4008,0],[873076.5708,1638081.1433,0],[873230.5454,1638166.6559,0],[873317.7782,1638207.4276,0],[873425.436,1638246.4897,0],[873515.2827,1638273.7641,0],[873605.5582,1638285.2318,0],[873741.4002,1638286.6015,0],[873822.9351,1638286.5315,0],[873904.2804,1638293.2302,0],[873998.9674,1638309.3269,0],[874178.4382,1638372.9139,0],[874272.7129,1638404.8275,0],[874387.0746,1638446.339,0],[874620.2011,1638536.2307,0],[874972.109,1638672.283,0],[876166.3876,1639205.7744,0],[876167.1544,1639206.2543,0],[876207.4931,1639002.6458,0],[876275.4801,1638849.037,0],[876338.8906,1638786.8597,0],[876352.2654,1638685.0104,0],[876352.9828,1638578.5621,0],[876384.1109,1638377.703,0],[876404.9646,1638360.1665,0],[876712.6088,1638268.8051,0],[876769.2083,1638204.8582,0],[876798.3079,1638133.2727,0],[876869.2881,1637983.4232,0],[876973.8124,1637896.8009,0],[877041.3046,1637891.412,0],[877064.6734,1637886.7929,0],[877074.1396,1637878.7645,0],[877083.6883,1637867.1669,0],[877086.4836,1637860.6582,0],[877086.698,1637852.7598,0],[877084.315,1637843.4817,0],[877081.9896,1637838.2528,0],[877076.836,1637834.1736,0],[877067.4275,1637830.1344,0],[877044.2567,1637820.7463,0],[877009.0304,1637790.7025,0],[876962.7217,1637744.2319,0],[876925.3928,1637700.2709,0],[876868.9747,1637608.3096,0],[876841.7882,1637523.9268,0],[876854.9651,1637454.181,0],[876893.737,1637360.2501,0],[876971.9901,1637228.9368,0],[877056.7244,1637022.1589,0],[877178.9443,1636854.9229,0],[877381.7178,1636678.5188,0],[877571.5042,1636587.3174,0],[877895.5741,1636478.5995,0],[878289.3874,1636366.9822,0],[878548.3316,1636293.6672,0],[878613.8861,1636273.3513,0],[878636.5045,1636268.9622,0],[878689.2696,1636165.4533,0],[878791.1223,1636003.2963,0],[878833.0689,1635929.6113,0],[878890.0724,1635761.3555,0],[878942.1037,1635592.9498,0],[878996.6252,1635424.6141,0],[879031.2,1635253.5389,0],[879046.1003,1635163.9871,0],[879052.9608,1635094.2013,0],[879066.5252,1634997.0311,0],[879068.966,1634993.8817,0],[879104.9756,1634968.9468,0],[879140.8945,1634934.9237,0],[879164.9971,1634875.5958,0],[879190.5427,1634761.3391,0],[879217.1356,1634702.0911,0],[879319.9035,1634580.1659,0],[879363.2602,1634475.6372,0],[879363.8292,1634474.9774,0],[879364.6785,1634474.7174,0],[879365.6845,1634474.8274,0],[879367.2429,1634475.0473,0],[879386.8103,1634480.5862,0],[879420.2884,1634479.7164,0],[879464.5356,1634472.0979,0],[879507.1007,1634460.9102,0],[879568.6394,1634440.9943,0],[879596.4114,1634430.9863,0],[879622.7734,1634417.639,0],[879623.1032,1634417.3591,0],[879623.3753,1634416.9992,0],[879653.1016,1634369.1889,0],[879707.5159,1634302.5725,0],[879814.2914,1634187.8958,0],[879862.9336,1634146.0243,0],[879868.5243,1634098.684,0],[879866.0505,1634029.518,0],[879823.3948,1633847.0452,0],[879825.5882,1633765.0619,0],[879849.3445,1633683.6384,0],[879920.7535,1633599.1956,0],[879948.072,1633542.3072,0],[879954.2481,1633452.5455,0],[879971.2428,1633379.5703,0],[879997.8439,1633299.3167,0],[880012.2164,1633254.5058,0],[880018.8625,1633217.0334,0],[880021.6414,1633183.2103,0],[880022.4907,1633151.2368,0],[880011.9195,1633124.5922,0],[879993.7622,1633099.6373,0],[879949.548,1633064.5644,0],[879878.6502,1633041.949,0],[879807.604,1633025.0025,0],[879764.6679,1633012.555,0],[879727.3554,1633000.2675,0],[879688.2784,1632984.1608,0],[879662.5019,1632962.7552,0],[879638.6631,1632939.5299,0],[879624.571,1632903.3773,0],[879610.7345,1632857.8165,0],[879591.6618,1632797.0589,0],[879570.7009,1632736.2513,0],[879528.7213,1632688.0611,0],[879488.1023,1632658.7271,0],[879452.7276,1632644.6099,0],[879398.6596,1632626.2237,0],[879365.099,1632614.0262,0],[879324.1996,1632595.9998,0],[879292.9314,1632568.7954,0],[879258.2246,1632530.2232,0],[879231.17,1632486.1922,0],[879215.0411,1632455.6284,0],[879212.1798,1632421.6653,0],[879218.9332,1632380.4237,0],[879236.6123,1632352.6494,0],[879265.819,1632315.7769,0],[879304.3271,1632282.9135,0],[879323.6801,1632262.7177,0],[879343.2888,1632233.1137,0],[879349.7288,1632203.1598,0],[879344.7895,1632176.6652,0],[879328.7183,1632144.2318,0],[879283.1683,1632088.4131,0],[879229.9579,1632038.0434,0],[879158.2767,1631973.9964,0],[879091.0154,1631885.5944,0],[879056.8446,1631826.3065,0],[879035.6858,1631773.0273,0],[879029.32,1631729.5562,0],[879028.7015,1631682.4658,0],[879033.4594,1631644.9334,0],[879051.6332,1631598.3529,0],[879056.5478,1631555.1817,0],[879048.3019,1631511.6505,0],[879028.7263,1631469.7091,0],[878994.6545,1631406.6619,0],[878956.872,1631341.6451,0],[878924.5318,1631284.2868,0],[878904.7583,1631249.8738,0],[878894.5829,1631208.1823,0],[878883.3191,1631136.3269,0],[878885.1744,1631066.7111,0],[878882.379,1631030.8684,0],[878872.0882,1630992.9361,0],[878854.203,1630958.5731,0],[878821.401,1630918.1513,0],[878805.0825,1630895.126,0],[878798.2137,1630870.471,0],[878791.8974,1630825.1103,0],[878798.8486,1630776.3502,0],[878813.0562,1630737.1782,0],[878834.7428,1630700.1057,0],[878869.2434,1630676.5505,0],[878901.798,1630654.8149,0],[878928.8774,1630627.3005,0],[878952.2873,1630595.9169,0],[878964.3262,1630567.9926,0],[878968.779,1630541.758,0],[878969.8345,1630502.246,0],[878956.5009,1630467.3631,0],[878925.2987,1630438.289,0],[878850.781,1630409.9348,0],[878804.1177,1630395.5177,0],[878731.3482,1630372.8723,0],[878694.3491,1630349.2871,0],[878665.167,1630314.6142,0],[878623.3771,1630258.9055,0],[878585.3967,1630201.4072,0],[878520.4195,1630097.9983,0],[878472.6265,1630055.307,0],[878410.1148,1630000.928,0],[878379.2094,1629960.5663,0],[878367.0797,1629920.6944,0],[878351.8167,1629858.1571,0],[878349.6233,1629799.739,0],[878349.3924,1629737.6016,0],[878341.6413,1629675.2543,0],[878333.6593,1629626.0543,0],[878319.4435,1629567.0564,0],[878259.4137,1629450.4501,0],[878194.7911,1629357.2691,0],[878153.1825,1629306.0995,0],[878100.5081,1629236.5236,0],[878051.973,1629196.9017,0],[877978.4531,1629163.3785,0],[877882.2158,1629136.0141,0],[877743.0672,1629112.019,0],[877619.2724,1629104.2206,0],[877497.6627,1629098.7217,0],[877452.8877,1629086.2542,0],[877421.8751,1629065.1385,0],[877391.2913,1629028.246,0],[877363.4945,1628971.1377,0],[877349.1715,1628916.6487,0],[877309.8965,1628782.566,0],[877243.6494,1628645.5239,0],[877188.6414,1628547.144,0],[877165.9488,1628475.6785,0],[877148.5583,1628436.1665,0],[877123.4992,1628400.3038,0],[877104.0143,1628385.1369,0],[877076.2835,1628371.2398,0],[877039.9688,1628360.9019,0],[876966.8777,1628374.4491,0],[876922.985,1628379.708,0],[876871.4897,1628371.9096,0],[876829.5761,1628352.8135,0],[876804.0305,1628316.131,0],[876791.167,1628301.6439,0],[876782.0965,1628293.6855,0],[876770.3132,1628288.2367,0],[876759.8163,1628284.0975,0],[876738.6492,1628282.2579,0],[876689.7348,1628277.0989,0],[876672.6494,1628271.5001,0],[876662.2927,1628262.2219,0],[876653.6345,1628238.8567,0],[876635.5102,1628172.8101,0],[876621.0469,1628118.4312,0],[876616.5612,1628087.4575,0],[876613.5432,1628051.3849,0],[876616.0005,1628009.0335,0],[876631.3707,1627929.7396,0],[876639.9464,1627906.8243,0],[876649.8827,1627881.3795,0],[876655.4651,1627871.2415,0],[876666.6465,1627849.6859,0],[876728.4903,1627767.7726,0],[876767.9714,1627728.9705,0],[876854.5693,1627663.1439,0],[876900.6718,1627624.5218,0],[876941.4062,1627588.3191,0],[876976.2944,1627572.5323,0],[877020.5993,1627575.2118,0],[877052.0737,1627581.2306,0],[877065.5969,1627587.7792,0],[877109.1102,1627601.6864,0],[877139.8672,1627615.2436,0],[877179.1917,1627626.2014,0],[877202.816,1627633.4999,0],[877232.2866,1627614.7937,0],[877254.6329,1627582.2004,0],[877269.4177,1627539.649,0],[877269.7063,1627455.7361,0],[877259.9267,1627383.2609,0],[877259.3165,1627332.4912,0],[877262.5159,1627285.7307,0],[877277.3584,1627241.2398,0],[877298.1132,1627194.9492,0],[877361.4166,1627089.5306,0],[877405.4246,1627049.6788,0],[877449.1029,1627021.5545,0],[877510.2376,1626997.7793,0],[877559.2096,1626991.2706,0],[877631.4267,1626991.2407,0],[877723.0958,1626993.6802,0],[877793.4163,1626991.6306,0],[877866.0457,1626975.9838,0],[878025.6441,1626919.6852,0],[878129.855,1626891.211,0],[878189.0849,1626865.4363,0],[878238.6837,1626835.5124,0],[878286.757,1626789.9116,0],[878319.8393,1626756.7584,0],[878350.1675,1626680.264,0],[878357.6795,1626617.9666,0],[878373.0992,1626551.9701,0],[878384.462,1626491.7223,0],[878387.5459,1626448.8411,0],[878389.0549,1626392.2326,0],[878380.6442,1626341.223,0],[878368.2342,1626294.0226,0],[878353.8287,1626248.7118,0],[878312.6819,1626181.2155,0],[878259.0179,1626070.4181,0],[878219.8749,1626001.0122,0],[878195.8713,1625949.5927,0],[878174.2919,1625880.6667,0],[878154.5843,1625813.7303,0],[878144.0874,1625768.5295,0],[878122.038,1625642.9351,0],[878088.6423,1625577.5884,0],[878050.9753,1625525.8089,0],[877999.4058,1625483.4276,0],[877940.0769,1625438.8766,0],[877894.3043,1625398.5948,0],[877846.9484,1625344.6058,0],[877787.4876,1625231.7088,0],[877737.3199,1625136.6182,0],[877707.9234,1625067.4722,0],[877695.6701,1625014.413,0],[877689.7908,1624964.9031,0],[877690.7226,1624805.8255,0],[877698.7541,1624728.3713,0],[877707.6596,1624618.0837,0],[877712.5494,1624546.5183,0],[877713.8192,1624498.758,0],[877723.4916,1624472.1334,0],[877751.4285,1624434.0312,0],[877758.355,1624421.9736,0],[877746.0687,1624415.7949,0],[877701.8298,1624399.2382,0],[877646.7228,1624378.7324,0],[877604.7432,1624360.0362,0],[877570.5642,1624351.0781,0],[877497.7369,1624335.3413,0],[877462.725,1624330.0123,0],[877436.429,1624327.8528,0],[877415.2125,1624326.553,0],[877384.3895,1624329.4025,0],[877362.0927,1624330.2423,0],[877350.5568,1624329.8024,0],[877314.341,1624319.4745,0],[877254.4515,1624302.4879,0],[877225.9951,1624281.0723,0],[877208.9509,1624264.0758,0],[877187.3468,1624237.7211,0],[877146.1918,1624188.7611,0],[877103.8494,1624135.6919,0],[877081.9731,1624085.932,0],[877072.1194,1624042.8308,0],[877060.6412,1624010.8773,0],[877052.5767,1623982.5331,0],[877046.3923,1623950.7195,0],[877033.7185,1623897.6204,0],[877022.5041,1623855.119,0],[877014.9674,1623807.4387,0],[877009.2695,1623756.2991,0],[877001.5514,1623715.6574,0],[876990.2546,1623676.1554,0],[876968.5516,1623631.5645,0],[876939.6581,1623592.0725,0],[876907.153,1623555.9899,0],[876853.7612,1623510.5691,0],[876815.888,1623477.8758,0],[876769.2248,1623444.0627,0],[876736.2496,1623425.5864,0],[876698.1373,1623401.6913,0],[876654.5993,1623382.9251,0],[876628.4435,1623373.437,0],[876600.6055,1623360.3697,0],[876586.802,1623349.4319,0],[876573.2788,1623327.9563,0],[876563.8455,1623285.455,0],[876547.494,1623237.4847,0],[876534.614,1623192.2439,0],[876514.8899,1623138.9048,0],[876496.7903,1623090.8946,0],[876476.7364,1623049.8729,0],[876447.9419,1623006.8517,0],[876412.2292,1622959.2514,0],[876374.7106,1622912.4909,0],[876352.5375,1622885.4964,0],[876342.5353,1622864.1007,0],[876334.5286,1622833.9569,0],[876333.4237,1622809.2819,0],[876334.5863,1622765.3008,0],[876339.2122,1622724.0492,0],[876340.0451,1622692.3857,0],[876334.0751,1622651.7339,0],[876319.2655,1622612.6019,0],[876297.1337,1622583.8478,0],[876261.1076,1622547.6851,0],[876211.1213,1622506.7535,0],[876161.0525,1622468.4513,0],[876119.6007,1622437.4176,0],[876098.9036,1622421.0309,0],[876080.2597,1622394.1264,0],[876072.0056,1622372.7807,0],[876065.9037,1622337.4079,0],[876070.4884,1622297.0361,0],[876096.6937,1622238.758,0],[876133.3877,1622183.3893,0],[876171.7474,1622131.5998,0],[876190.2346,1622098.6365,0],[876197.9114,1622074.1915,0],[876198.4969,1622052.196,0],[876193.8298,1622029.1907,0],[876173.5037,1621998.7169,0],[876140.5781,1621978.481,0],[876097.0483,1621959.7248,0],[876063.8835,1621948.2871,0],[876023.6932,1621936.6495,0],[875958.7572,1621927.8913,0],[875937.6314,1621927.3314,0],[875909.142,1621938.899,0],[875870.0154,1621953.706,0],[875836.1992,1621966.8933,0],[875813.2758,1621968.0531,0],[875774.7347,1621959.9848,0],[875753.9799,1621946.2276,0],[875731.5512,1621928.0313,0],[875717.6652,1621920.6228,0],[875694.9644,1621912.9743,0],[875527.7799,1621908.5452,0],[875492.6609,1621904.0961,0],[875471.7412,1621896.4977,0],[875450.8957,1621885.3799,0],[875425.012,1621865.324,0],[875409.6335,1621847.3177,0],[875393.1088,1621806.386,0],[875379.8247,1621776.1022,0],[875369.7731,1621756.4762,0],[875354.5182,1621734.0607,0],[875346.3714,1621709.2058,0],[875340.1128,1621679.1119,0],[875340.7724,1621654.4769,0],[875346.9403,1621621.1937,0],[875354.2874,1621587.3206,0],[875354.7821,1621568.5644,0],[875354.4523,1621536.9009,0],[875352.1434,1621491.1102,0],[875348.6884,1621444.1198,0],[875342.8834,1621397.0693,0],[875334.654,1621353.0983,0],[875322.8624,1621310.5169,0],[875305.4225,1621259.5773,0],[875293.6557,1621216.4161,0],[875286.3993,1621179.8335,0],[875277.0156,1621134.9727,0],[875265.0343,1621099.4399,0],[875228.4393,1621018.0565,0],[875203.9574,1620966.9269,0],[875180.3413,1620927.5649,0],[875151.0026,1620882.1741,0],[875133.1421,1620847.0713,0],[875116.469,1620811.4085,0],[875102.1294,1620776.9755,0],[875087.8559,1620739.0333,0],[875075.0336,1620690.5531,0],[875061.329,1620632.085,0],[875050.7001,1620589.5437,0],[875041.4813,1620538.824,0],[875037.614,1620507.6104,0],[875035.2392,1620464.0992,0],[875034.1589,1620415.949,0],[875035.1567,1620378.4067,0],[875038.8591,1620327.4371,0],[875040.3186,1620272.2983,0],[875044.1034,1620218.3992,0],[875043.9303,1620180.237,0],[875044.9528,1620141.5249,0],[875046.8823,1620113.4006,0],[875054.5097,1620091.3051,0],[875082.5868,1620050.9533,0],[875114.0529,1620015.9804,0],[875137.1578,1619986.0765,0],[875153.2537,1619954.8029,0],[875159.7349,1619931.4876,0],[875166.5707,1619895.285,0],[875172.2191,1619859.6323,0],[875180.1186,1619826.9689,0],[875188.9005,1619806.0732,0],[875207.0001,1619787.7569,0],[875236.5532,1619780.3284,0],[875283.5133,1619781.5682,0],[875322.2605,1619781.4182,0],[875368.1569,1619777.9389,0],[875396.5391,1619770.4704,0],[875423.9318,1619755.9334,0],[875438.4692,1619739.3068,0],[875446.0389,1619719.5408,0],[875454.3259,1619672.8103,0],[875460.263,1619625.9998,0],[875467.8326,1619562.2228,0],[875471.6257,1619551.7549,0],[875478.7831,1619547.2559,0],[875494.1451,1619544.1365,0],[875515.2545,1619544.6964,0],[875563.1299,1619555.3542,0],[875631.9084,1619574.7902,0],[875718.193,1619598.2055,0],[875795.1267,1619620.191,0],[875852.2209,1619637.5575,0],[875866.2636,1619639.0972,0],[875882.6976,1619639.5371,0],[875899.3377,1619631.7587,0],[875912.63,1619618.0215,0],[875923.6794,1619599.5252,0],[875928.0497,1619567.9516,0],[875930.2431,1619529.2595,0],[875931.917,1619465.9124,0],[875935.6854,1619412.6033,0],[875940.938,1619391.6075,0],[875951.839,1619378.9901,0],[875973.2122,1619370.1519,0],[876004.9917,1619367.4824,0],[876063.8423,1619363.1633,0],[876129.7018,1619359.0442,0],[876189.781,1619352.4155,0],[876266.3025,1619345.047,0],[876332.3352,1619335.6389,0],[876391.1363,1619332.4996,0],[876455.8085,1619329.5102,0],[876500.336,1619333.0395,0],[876597.4308,1619347.9364,0],[876636.0049,1619354.835,0],[876681.7529,1619357.2145,0],[876734.551,1619358.6143,0],[876790.8041,1619363.6232,0],[876853.9013,1619375.8507,0],[876880.6921,1619384.199,0],[876902.7002,1619395.3468,0],[876924.4775,1619415.8826,0],[876951.9032,1619444.7867,0],[876974.8761,1619464.1728,0],[876997.9727,1619478.8798,0],[877032.9351,1619489.1977,0],[877084.5459,1619491.7272,0],[877145.7218,1619500.2054,0],[877174.5987,1619510.7333,0],[877204.9022,1619550.5452,0],[877233.8946,1619580.1792,0],[877245.2491,1619588.5075,0],[877299.2594,1619610.7829,0],[877318.7938,1619622.5405,0],[877326.6933,1619630.5289,0],[877346.2854,1619667.8613,0],[877383.8618,1619746.4153,0],[877416.169,1619780.4784,0],[877441.8713,1619784.8475,0],[877483.2159,1619756.4233,0],[877521.8395,1619691.0366,0],[877563.6706,1619644.1761,0],[877597.7342,1619611.8727,0],[877658.1845,1619558.1236,0],[877706.9917,1619526.2001,0],[877737.963,1619471.6812,0],[877750.3895,1619420.3517,0],[877785.3272,1619354.865,0],[877819.4897,1619318.8723,0],[877860.9333,1619286.7589,0],[877901.5853,1619284.1394,0],[877952.8085,1619300.2661,0],[878025.677,1619335.399,0],[878128.5357,1619352.8754,0],[878206.0631,1619351.2458,0],[878245.9318,1619378.1203,0],[878277.8597,1619426.9403,0],[878317.2419,1619472.2511,0],[878357.2177,1619495.4564,0],[878412.8194,1619485.8584,0],[878472.8739,1619446.8563,0],[878539.9374,1619422.8012,0],[878628.5225,1619421.4515,0],[878727.9839,1619427.7802,0],[878895.7208,1619502.9749,0],[879052.8124,1619562.5227,0],[879177.2917,1619599.0353,0],[879287.5139,1619616.7317,0],[879427.6272,1619620.441,0],[879509.1374,1619607.8235,0],[879575.904,1619594.8262,0],[879638.8858,1619585.4081,0],[879698.0662,1619579.5993,0],[879742.3134,1619580.769,0],[879801.1228,1619589.7072,0],[879848.6601,1619605.734,0],[879913.662,1619659.1531,0],[879968.4804,1619679.059,0],[879994.4961,1619672.3604,0],[880017.1062,1619654.504,0],[880041.3819,1619573.9104,0],[880077.977,1619445.6565,0],[880103.8112,1619306.025,0],[880121.7872,1619184.6597,0],[880140.0517,1619052.2066,0],[880164.3192,1618971.613,0],[880203.6354,1618880.3516,0],[880260.7956,1618811.7056,0],[880348.0449,1618721.7139,0],[880394.1474,1618652.7779,0],[880421.6225,1618590.7306,0],[880445.5932,1618521.2047,0],[880465.4987,1618466.3459,0],[880507.132,1618426.8339,0],[880555.8566,1618398.5797,0],[880586.4157,1618358.7778,0],[880606.4202,1618300.2297,0],[880642.0422,1618208.8683,0],[880663.2175,1618106.0392,0],[880700.7856,1617940.8728,0],[880741.9571,1617779.4957,0],[880785.5364,1617666.1887,0],[880821.3646,1617567.4388,0],[880871.2437,1617494.9136,0],[880958.493,1617404.9119,0],[881045.8907,1617345.2541,0],[881119.0478,1617275.9482,0],[881172.5881,1617229.1177,0],[881199.6262,1617195.6545,0],[881231.0099,1617150.2538,0],[881250.1155,1617112.5714,0],[881273.6656,1617058.9123,0],[881311.6048,1616993.5856,0],[881333.5635,1616923.8198,0],[881357.229,1616866.1416,0],[881376.4254,1616824.4501,0],[881405.8053,1616778.9893,0],[881434.9131,1616743.5765,0],[881494.9099,1616680.8393,0],[881552.8534,1616620.0517,0],[881628.9956,1616555.7348,0],[881664.1394,1616520.4819,0],[881719.7493,1616471.7019,0],[881758.9995,1616432.5298,0],[881788.0002,1616401.1362,0],[881821.2887,1616359.8047,0],[881854.6761,1616314.4639,0],[881878.0695,1616266.8236,0],[881895.3693,1616221.0529,0],[881913.2133,1616155.1963,0],[881931.0408,1616093.2489,0],[881948.4231,1616057.2062,0],[881978.4132,1616026.9724,0],[882022.949,1615998.9581,0],[882083.927,1615969.804,0],[882148.5332,1615942.2996,0],[882187.264,1615926.8828,0],[882249.3964,1615909.5963,0],[882186.0436,1615837.171,0],[882077.8004,1615764.5658,0],[881956.2566,1615684.862,0],[881832.404,1615607.3378,0],[881761.9351,1615551.4892,0],[881692.3484,1615461.8974,0],[881650.979,1615411.3177,0],[881627.4453,1615365.697,0],[881626.5053,1615316.1771,0],[881628.4678,1615241.9822,0],[881619.2572,1615165.2478,0],[881576.519,1615080.865,0],[881524.3146,1615014.2385,0],[881469.2653,1614970.0375,0],[881402.474,1614945.7825,0],[881330.6939,1614939.3838,0],[881274.5315,1614937.9041,0],[881202.9328,1614924.7568,0],[881127.0215,1614904.7608,0],[881066.3074,1614905.4007,0],[881018.935,1614910.8996,0],[880980.3857,1614923.387,0],[880926.3589,1614926.4564,0],[880881.7242,1614914.0389,0],[880831.1771,1614869.9579,0],[880778.9809,1614803.3315,0],[880695.5165,1614729.1366,0],[880640.6487,1614678.1869,0],[880621.609,1614632.6962,0],[880616.4801,1614571.8086,0],[880634.2334,1614491.9249,0],[880642.3226,1614444.2446,0],[880637.3009,1614378.8679,0],[880612.4231,1614299.464,0],[880573.4945,1614191.586,0],[880556.1535,1614131.4982,0],[880527.1858,1614036.2376,0],[880514.4872,1613921.171,0],[880504.4026,1613707.1646,0],[880504.0563,1613464.174,0],[880505.8374,1613396.7278,0],[880513.5967,1613273.1929,0],[880500.1312,1613187.3304,0],[880466.8345,1613085.2212,0],[880437.5288,1613003.4478,0],[880418.8849,1612942.2203,0],[880415.7598,1612890.3908,0],[880430.9568,1612825.544,0],[880440.4313,1612722.3051,0],[880435.6982,1612645.6807,0],[880424.3602,1612564.3772,0],[880407.8685,1612507.7087,0],[880395.2194,1612390.3826,0],[880375.9571,1612268.3874,0],[880337.6551,1612186.3841,0],[880289.5324,1612135.6145,0],[880240.8159,1612107.3302,0],[880191.6212,1612097.0323,0],[880128.6642,1612097.6222,0],[880070.2506,1612096.0825,0],[879993.5725,1612105.3206,0],[879930.5495,1612108.1501,0],[879861.0865,1612099.5718,0],[879776.1873,1612079.3359,0],[879689.6884,1612034.3151,0],[879612.664,1611971.5379,0],[879529.0676,1611901.8421,0],[879469.5326,1611857.5311,0],[879400.3088,1611839.9547,0],[879312.8698,1611830.9065,0],[879171.3217,1611827.1773,0],[879115.0603,1611830.1866,0],[879024.892,1611839.0648,0],[878973.5204,1611826.4574,0],[878942.5984,1611805.3917,0],[878887.4997,1611763.4502,0],[878819.2818,1611707.6616,0],[878775.1831,1611675.0082,0],[878694.8933,1611650.3832,0],[878634.7151,1611630.8072,0],[878597.3532,1611598.3238,0],[878582.6344,1611559.6917,0],[878579.3937,1611511.9614,0],[878592.0429,1611458.3423,0],[878600.1403,1611406.8428,0],[878594.5249,1611363.9815,0],[878571.8405,1611286.9472,0],[878545.8744,1611248.0551,0],[878477.7637,1611187.7974,0],[878387.2656,1611124.7202,0],[878343.2822,1611087.5978,0],[878284.9264,1610998.386,0],[878214.3914,1610944.8169,0],[878156.7447,1610914.0731,0],[878087.4054,1610901.0058,0],[878004.2214,1610901.0658,0],[877929.7449,1610912.5934,0],[877850.5683,1610938.4781,0],[877797.2919,1610962.3133,0],[877742.1684,1610986.2484,0],[877674.5937,1611000.8055,0],[877638.2543,1611001.6653,0],[877576.6413,1610996.4164,0],[877526.0036,1610987.8181,0],[877459.9462,1610978.8899,0],[877455.4852,1610977.3502,0],[877437.2783,1610972.1813,0],[877424.1427,1610967.5822,0],[877416.5895,1610964.4129,0],[877408.723,1610959.7638,0],[877389.5926,1610947.0364,0],[877380.6129,1610940.5177,0],[877370.7261,1610932.1094,0],[877363.2801,1610925.2408,0],[877357.6812,1610920.6518,0],[877351.3649,1610914.2031,0],[877338.3035,1610903.4853,0],[877332.7293,1610897.7864,0],[877323.5434,1610890.6879,0],[877319.0412,1610886.7687,0],[877308.47,1610879.6001,0],[877280.9041,1610855.685,0],[877247.9208,1610830.4201,0],[877201.9502,1610806.2651,0],[877155.0396,1610787.3989,0],[877116.7294,1610777.5709,0],[877062.9747,1610767.333,0],[877011.2815,1610762.6739,0],[876956.323,1610756.8251,0],[876881.5167,1610750.9963,0],[876760.344,1610747.807,0],[876695.3255,1610747.1971,0],[876635.741,1610748.3768,0],[876568.4385,1610751.0163,0],[876502.1336,1610756.9851,0],[876436.8925,1610765.1734,0],[876244.5334,1610786.0092,0],[876094.1705,1610802.9857,0],[876011.2668,1610811.274,0],[875951.5751,1610817.4128,0],[875874.2373,1610824.1914,0],[875801.2369,1610833.2896,0],[875709.3699,1610847.9466,0],[875653.9908,1610857.5146,0],[875587.6365,1610865.683,0],[875514.5866,1610876.9807,0],[875432.6476,1610890.7979,0],[875361.7663,1610903.2553,0],[875284.1894,1610918.8421,0],[875228.8268,1610928.4102,0],[875171.1472,1610941.7575,0],[875117.8955,1610954.6848,0],[875059.1274,1610967.4722,0],[874995.9642,1610980.1297,0],[874929.313,1610999.3058,0],[874879.302,1611015.0626,0],[874810.3585,1611037.498,0],[874741.3655,1611062.123,0],[874674.6401,1611084.6084,0],[874616.7873,1611104.5743,0],[874567.8894,1611119.8112,0],[874516.8147,1611133.8884,0],[874470.0855,1611150.285,0],[874405.5205,1611173.9302,0],[874354.3468,1611191.8766,0],[874301.0127,1611208.0933,0],[874236.5632,1611227.3393,0],[874172.0394,1611249.8848,0],[874094.1327,1611278.129,0],[874039.6936,1611294.3257,0],[873980.843,1611310.4124,0],[873934.3282,1611319.0907,0],[873875.7333,1611325.2694,0],[873834.7597,1611332.448,0],[873779.2734,1611346.4151,0],[873712.6552,1611364.4914,0],[873647.1172,1611383.7075,0],[873588.1677,1611404.1834,0],[873531.4115,1611424.1793,0],[873463.5812,1611446.6347,0],[873390.1273,1611473.3493,0],[873323.3689,1611496.9345,0],[873268.7402,1611520.2897,0],[873217.4345,1611543.1751,0],[873162.847,1611564.8706,0],[873106.2393,1611579.9176,0],[872999.703,1611606.8521,0],[872963.0173,1611618.5597,0],[872918.465,1611636.1161,0],[872873.8797,1611654.7823,0],[872830.5643,1611666.8599,0],[872790.7121,1611673.5185,0],[872747.5781,1611678.9974,0],[872682.2875,1611688.8454,0],[872615.8755,1611699.2233,0],[872540.6486,1611709.3512,0],[872475.457,1611715.35,0],[872413.4977,1611724.1882,0],[872330.495,1611736.3257,0],[872244.1198,1611751.6726,0],[872168.8682,1611762.9103,0],[872101.4337,1611770.5088,0],[872040.5876,1611778.8171,0],[871986.3217,1611788.4151,0],[871935.3954,1611796.9834,0],[871890.0515,1611802.4023,0],[871819.4588,1611804.3919,0],[871757.7139,1611804.9718,0],[871679.3949,1611807.3213,0],[871603.3517,1611806.4215,0],[871542.6953,1611807.5712,0],[871476.5801,1611806.9314,0],[871403.8188,1611807.2113,0],[871334.2816,1611810.9106,0],[871284.5921,1611813.9999,0],[871241.4994,1611817.8192,0],[871197.1862,1611826.5774,0],[871143.9593,1611838.395,0],[871083.006,1611851.1124,0],[871016.4785,1611865.8794,0],[870968.7268,1611879.4966,0],[870903.0404,1611904.2116,0],[870855.0991,1611924.9873,0],[870808.139,1611950.1922,0],[870761.2119,1611974.2973,0],[870705.2721,1612005.321,0],[870645.902,1612041.2237,0],[870577.5605,1612083.5051,0],[870524.919,1612115.1686,0],[870456.5774,1612156.8801,0],[870390.5447,1612194.8124,0],[870274.2783,1612256.7498,0],[870222.783,1612286.8037,0],[870184.6377,1612312.2385,0],[870145.3051,1612340.9527,0],[870089.1591,1612380.2347,0],[870036.2455,1612422.3561,0],[869983.2825,1612466.1472,0],[869930.2617,1612512.1178,0],[869884.1179,1612548.3705,0],[869821.1692,1612594.641,0],[869779.5771,1612625.4948,0],[869724.4454,1612668.1061,0],[869661.4637,1612715.4764,0],[869611.7577,1612761.5471,0],[869559.8419,1612807.5577,0],[869487.7649,1612865.7059,0],[869436.9788,1612910.6367,0],[869341.0961,1612994.0597,0],[869298.3826,1613025.4234,0],[869260.2126,1613051.968,0],[869220.9129,1613078.4726,0],[869171.5616,1613111.3359,0],[869076.2066,1613174.373,0],[868992.0743,1613230.5416,0],[868957.417,1613248.368,0],[868910.7043,1613264.7646,0],[868853.9646,1613284.2007,0],[868797.192,1613305.2864,0],[868678.9383,1613359.4554,0],[868620.8628,1613387.6796,0],[868577.3,1613409.6751,0],[868514.8955,1613436.1198,0],[868470.1783,1613459.1751,0],[868427.7039,1613482.2904,0],[868379.5482,1613510.7746,0],[868308.939,1613555.1855,0],[868276.3845,1613578.0209,0],[868242.4858,1613609.0746,0],[868210.6568,1613645.6971,0],[868150.1488,1613725.0809,0],[868108.8371,1613786.7884,0],[868051.4296,1613873.9606,0],[868020.4994,1613918.3216,0],[867958.2433,1614021.9005,0],[867884.1296,1614157.113,0],[867852.7954,1614216.8908,0],[867815.0047,1614312.3014,0],[867800.6899,1614353.793,0],[867791.133,1614382.1872,0],[867787.2327,1614404.1227,0],[867786.6225,1614427.248,0],[867786.7874,1614463.0507,0],[867788.8984,1614508.2815,0],[867786.8782,1614543.4844,0],[867780.3145,1614582.9663,0],[867768.9352,1614638.3151,0],[867756.2036,1614702.9819,0],[867747.9413,1614765.5592,0],[867736.1909,1614876.7565,0],[867731.6887,1614921.7574,0],[867725.9166,1614973.3269,0],[867721.6535,1615009.5295,0],[867713.2345,1615036.8639,0],[867700.1896,1615071.7768,0],[867671.1807,1615127.7254,0],[867624.4185,1615228.9348,0],[867606.7559,1615271.9761,0],[867592.3669,1615315.6572,0],[867578.7778,1615371.4758,0],[867562.9293,1615428.8841,0],[867549.6864,1615471.4955,0],[867506.2968,1615571.1352,0],[867468.2587,1615675.8639,0],[867450.7281,1615713.9561,0],[867432.2821,1615744.8698,0],[867400.4202,1615782.5821,0],[867373.3243,1615807.1971,0],[867345.14,1615831.7821,0],[867275.5369,1615880.0623,0],[867229.088,1615928.4025,0],[867188.2216,1615973.5833,0],[867144.0569,1616018.6841,0],[867104.4603,1616057.8361,0],[867070.2566,1616100.9973,0],[867029.2087,1616153.3367,0],[866984.6812,1616211.6348,0],[866939.997,1616276.5416,0],[866865.438,1616387.479,0],[866834.4914,1616432.9198,0],[866794.2846,1616495.1871,0],[866756.4032,1616552.5654,0],[866725.6792,1616589.208,0],[866697.4537,1616614.8927,0],[866661.6008,1616636.5283,0],[866623.5627,1616658.6538,0],[866567.7548,1616685.8183,0],[866513.0931,1616710.8032,0],[866453.9209,1616740.0872,0],[866368.0982,1616776.9197,0],[866315.7371,1616798.6653,0],[866263.4584,1616817.1116,0],[866210.0501,1616836.6276,0],[866141.1725,1616857.9333,0],[866059.951,1616887.1873,0],[865994.2893,1616911.8823,0],[865943.1239,1616930.3585,0],[865892.783,1616958.7627,0],[865876.8438,1616978.1688,0],[865864.0957,1617002.0739,0],[865821.9182,1617096.9846,0],[865809.9947,1617130.7777,0],[865801.6911,1617153.6531,0],[865792.2084,1617169.0099,0],[865785.8756,1617168.49,0],[865770.794,1617159.1619,0],[865731.3211,1617105.8128,0],[865709.0491,1617078.4484,0],[865681.6729,1617050.934,0],[865666.8633,1617031.4179,0],[865655.9458,1617009.4424,0],[865641.6475,1616970.8003,0],[865631.0681,1616935.6974,0],[865621.7586,1616900.9745,0],[865614.8073,1616873.97,0],[865609.0682,1616849.555,0],[865603.1972,1616830.2489,0],[865593.2774,1616818.4913,0],[865581.9889,1616810.5329,0],[865557.7131,1616810.5229,0],[865530.7409,1616816.1918,0],[865493.2966,1616830.5388,0],[865462.0613,1616852.6843,0],[865412.5038,1616890.9765,0],[865361.6764,1616929.2187,0],[865323.9022,1616956.3132,0],[865296.5837,1616974.7495,0],[865258.0096,1616984.5875,0],[865228.572,1616986.3571,0],[865195.267,1616989.3165,0],[865164.3946,1616997.4449,0],[865133.4479,1617008.1127,0],[865097.2404,1617025.0492,0],[865059.3343,1617057.2427,0],[865032.156,1617070.57,0],[865001.3825,1617074.8591,0],[864964.2844,1617076.4388,0],[864929.9075,1617072.3296,0],[864891.7457,1617066.2209,0],[864857.6739,1617049.9942,0],[864821.2602,1617026.049,0],[864786.1494,1617000.8542,0],[864743.7246,1616962.7019,0],[864705.3319,1616916.9912,0],[864675.7211,1616876.6095,0],[864648.8809,1616829.2991,0],[864626.9304,1616789.1173,0],[864598.8946,1616738.5776,0],[864570.8092,1616689.2976,0],[864554.903,1616662.703,0],[864542.6084,1616644.4967,0],[864528.9038,1616631.3694,0],[864509.9219,1616624.4808,0],[864493.3313,1616624.0409,0],[864470.078,1616633.6489,0],[864435.0991,1616651.8652,0],[864398.7514,1616673.9007,0],[864365.0589,1616692.167,0],[864327.4826,1616711.613,0],[864293.7571,1616731.1591,0],[864260.0563,1616749.4253,0],[864231.5834,1616763.3525,0],[864195.3924,1616778.9993,0],[864156.7277,1616792.0167,0],[864122.1198,1616796.2158,0],[864084.9971,1616799.0752,0],[864051.6674,1616803.2944,0],[864014.3796,1616812.5225,0],[863964.2119,1616825.2499,0],[863930.6513,1616838.4072,0],[863897.1073,1616850.9347,0],[863858.4837,1616862.6823,0],[863814.9292,1616866.6315,0],[863761.3147,1616865.2118,0],[863719.2856,1616860.2828,0],[863694.0121,1616849.395,0],[863669.0602,1616827.0295,0],[863650.7214,1616795.8859,0],[863625.349,1616740.3072,0],[863607.3071,1616698.3257,0],[863590.5762,1616654.4747,0],[863576.4676,1616608.1241,0],[863564.4369,1616579.7099,0],[863552.1424,1616562.1435,0],[863527.2069,1616538.4983,0],[863442.9179,1616489.0183,0],[863405.1932,1616466.313,0],[863380.167,1616446.497,0],[863353.9287,1616424.1016,0],[863334.1717,1616398.0369,0],[863319.4859,1616374.0218,0],[863310.0773,1616343.118,0],[863298.2198,1616308.3251,0],[863287.5085,1616278.6612,0],[863273.07,1616245.088,0],[863257.2462,1616215.2941,0],[863251.1525,1616204.2763,0],[863233.8445,1616182.1108,0],[863211.5395,1616155.9861,0],[863168.0757,1616108.8557,0],[863145.8696,1616078.9018,0],[863127.5308,1616047.7682,0],[863106.6854,1616014.6549,0],[863086.1367,1615970.6939,0],[863063.1885,1615920.2841,0],[863043.8025,1615880.1923,0],[863034.2868,1615853.7577,0],[863027.616,1615816.5452,0],[863018.5785,1615771.6144,0],[863011.9571,1615731.8525,0],[863002.8949,1615688.1914,0],[862993.9069,1615641.3509,0],[862982.2308,1615600.1693,0],[862975.3785,1615569.3455,0],[862971.2721,1615530.9234,0],[862968.6994,1615482.9731,0],[862967.6687,1615425.4748,0],[862965.7969,1615351.3599,0],[862967.1244,1615300.9602,0],[862966.6132,1615271.5662,0],[862961.1874,1615235.6735,0],[862949.4618,1615195.7716,0],[862929.9274,1615161.4186,0],[862903.0955,1615113.4583,0],[862873.5588,1615070.5371,0],[862844.8138,1615046.7919,0],[862798.2578,1615019.3875,0],[862749.1455,1614992.543,0],[862674.6031,1614961.2093,0],[862607.5149,1614937.7241,0],[862531.4223,1614916.5684,0],[862464.1692,1614899.4719,0],[862393.2961,1614874.577,0],[862335.2619,1614846.2527,0],[862292.4742,1614820.8879,0],[862238.3485,1614790.1142,0],[862177.7003,1614764.2694,0],[862139.7282,1614750.5022,0],[862099.1421,1614739.2345,0],[862068.7232,1614729.4965,0],[862033.2084,1614719.6285,0],[861995.2775,1614704.2416,0],[861967.5632,1614689.4546,0],[861943.6338,1614676.0574,0],[861910.939,1614656.0414,0],[861877.2052,1614627.0473,0],[861848.6746,1614594.364,0],[861827.7302,1614564.4301,0],[861811.9559,1614533.3564,0],[861800.0076,1614501.7429,0],[861791.9762,1614467.0499,0],[861787.8862,1614428.6177,0],[861785.2641,1614382.5671,0],[861789.0654,1614335.4167,0],[861799.3645,1614283.9572,0],[861809.3089,1614245.8949,0],[861817.8187,1614214.1914,0],[861825.174,1614177.3389,0],[861829.9071,1614143.6157,0],[861833.428,1614106.6733,0],[861833.2301,1614065.7916,0],[861830.3111,1614031.2186,0],[861823.6567,1613992.7265,0],[861809.2595,1613957.2237,0],[861797.369,1613923.7005,0],[861790.6486,1613887.7578,0],[861786.7895,1613840.3975,0],[861789.321,1613793.1971,0],[861788.5212,1613726.1307,0],[861784.9755,1613667.2827,0],[861783.5902,1613622.5318,0],[861783.7056,1613569.5326,0],[861785.5609,1613547.867,0],[861790.3023,1613513.504,0],[861801.5908,1613472.9223,0],[861816.8127,1613428.6213,0],[861842.515,1613375.0122,0],[861870.7405,1613322.113,0],[861896.3109,1613272.973,0],[861924.693,1613214.3249,0],[861951.5827,1613163.9352,0],[861979.9155,1613107.2167,0],[862002.6822,1613067.5748,0],[862021.3343,1613038.6907,0],[862030.6769,1613023.6037,0],[862032.2518,1613012.1461,0],[862031.2788,1613000.6384,0],[862028.904,1612996.6792,0],[862022.7196,1612986.3613,0],[862002.9873,1612959.0169,0],[861988.2685,1612935.6316,0],[861974.9102,1612909.097,0],[861968.025,1612879.5331,0],[861964.7679,1612857.7375,0],[861965.6749,1612823.2745,0],[861982.0099,1612785.3822,0],[862002.171,1612747.5999,0],[862033.7443,1612713.2969,0],[862071.6505,1612681.0934,0],[862126.3946,1612640.3917,0],[862170.6418,1612609.618,0],[862233.1783,1612564.0073,0],[862306.253,1612506.539,0],[862350.5827,1612473.2258,0],[862401.3936,1612436.2433,0],[862453.4496,1612400.5705,0],[862536.6914,1612344.6519,0],[862613.386,1612295.5719,0],[862681.0349,1612250.0912,0],[862727.8878,1612217.4778,0],[862771.9783,1612193.0928,0],[862818.5756,1612170.0475,0],[862861.1324,1612155.8504,0],[862904.7529,1612149.3317,0],[862932.9124,1612147.5121,0],[862952.2984,1612139.0838,0],[862959.0188,1612126.4963,0],[862962.111,1612106.1305,0],[862963.9498,1612036.5746,0],[862963.4056,1612008.4604,0],[862964.2137,1611977.8166,0],[862972.8223,1611942.2838,0],[862988.9842,1611910.7702,0],[863014.035,1611881.4062,0],[863041.6256,1611852.762,0],[863079.2514,1611830.7565,0],[863115.5579,1611811.2805,0],[863137.7722,1611792.7143,0],[863162.7324,1611766.5496,0],[863180.1146,1611737.6255,0],[863191.1146,1611707.9015,0],[863204.8356,1611672.4887,0],[863224.7906,1611642.3649,0],[863249.9239,1611609.8115,0],[863334.0728,1611520.0798,0],[863382.6408,1611471.5896,0],[863414.3708,1611431.5778,0],[863430.6316,1611396.285,0],[863448.3107,1611355.9032,0],[863460.8609,1611316.2912,0],[863469.3953,1611283.308,0],[863481.6321,1611255.5136,0],[863504.3494,1611217.7813,0],[863536.1124,1611176.4597,0],[863572.6745,1611147.3956,0],[863603.9675,1611123.9504,0],[863624.8789,1611106.6039,0],[863635.4006,1611095.3862,0],[863642.154,1611081.509,0],[863641.4119,1611061.0432,0],[863633.4876,1611022.511,0],[863629.5378,1610978.33,0],[863627.9464,1610941.2376,0],[863620.0221,1610902.6954,0],[863610.9105,1610860.2941,0],[863601.6586,1610823.6315,0],[863589.9908,1610781.1602,0],[863572.2787,1610725.7614,0],[863562.7795,1610698.0471,0],[863555.9602,1610665.9136,0],[863555.754,1610625.0319,0],[863559.242,1610589.3492,0],[863569.4009,1610543.6185,0],[863587.2861,1610495.5383,0],[863601.4113,1610444.1688,0],[863608.5769,1610414.9647,0],[863610.6714,1610384.3609,0],[863611.3805,1610357.5464,0],[863605.7898,1610326.7327,0],[863587.4923,1610293.6794,0],[863569.0381,1610266.355,0],[863540.1941,1610245.1493,0],[863513.5765,1610236.791,0],[863460.0033,1610232.8218,0],[863440.9719,1610227.2129,0],[863429.774,1610215.4153,0],[863411.3528,1610186.8311,0],[863396.9391,1610151.9582,0],[863385.2465,1610110.1268,0],[863381.1235,1610072.9543,0],[863382.9706,1610002.7386,0],[863377.2398,1609977.6737,0],[863364.0959,1609942.8308,0],[863351.1169,1609901.5992,0],[863348.3958,1609859.3678,0],[863349.1709,1609830.0038,0],[863352.2631,1609809.6379,0],[863367.3695,1609769.796,0],[863391.4391,1609729.5442,0],[863416.6137,1609695.7011,0],[863453.217,1609664.7374,0],[863488.3443,1609641.3822,0],[863519.5878,1609619.8465,0],[863573.9691,1609593.162,0],[863630.9067,1609566.5574,0],[863668.4582,1609548.3811,0],[863707.5435,1609520.0169,0],[863756.0786,1609472.7465,0],[863803.4922,1609419.6873,0],[863839.1555,1609375.9162,0],[863873.7385,1609324.4467,0],[863912.2961,1609267.9582,0],[863957.6235,1609196.9626,0],[863996.2058,1609139.2044,0],[864037.4845,1609076.4072,0],[864062.8075,1609036.8252,0],[864080.3876,1609000.2327,0],[864097.9018,1608966.1896,0],[864115.2758,1608937.2655,0],[864127.191,1608921.6087,0],[864148.1685,1608901.7127,0],[864180.5994,1608883.3965,0],[864230.9567,1608864.2903,0],[864300.5022,1608844.3944,0],[864367.3842,1608828.2677,0],[864438.1748,1608809.6815,0],[864500.0764,1608788.9557,0],[864561.9202,1608770.1395,0],[864605.7551,1608755.9624,0],[864639.4064,1608740.2356,0],[864665.3808,1608724.3088,0],[864694.2907,1608694.3949,0],[864716.9173,1608660.5018,0],[864734.6294,1608618.1704,0],[864753.8999,1608566.281,0],[864765.3947,1608518.0408,0],[864774.3002,1608470.9904,0],[864783.2881,1608420.7706,0],[864789.5055,1608378.7692,0],[864794.9972,1608315.662,0],[864795.5992,1608292.6767,0],[864793.2491,1608236.4081,0],[864789.2499,1608194.1367,0],[864775.4628,1608134.9988,0],[864755.2275,1608078.2503,0],[864729.8716,1608022.0018,0],[864715.4743,1607985.8491,0],[864698.8012,1607939.4186,0],[864690.9594,1607897.0472,0],[864684.7173,1607842.5783,0],[864675.82,1607792.5185,0],[864666.9475,1607741.1789,0],[864659.4356,1607686.68,0],[864655.527,1607640.5794,0],[864650.3486,1607594.4488,0],[864642.6553,1607546.9685,0],[864630.4102,1607478.2925,0],[864621.4552,1607429.5024,0],[864603.8421,1607370.2644,0],[864573.8684,1607294.7398,0],[864566.81,1607271.5545,0],[864559.834,1607244.54,0],[864556.8573,1607212.5166,0],[864554.9112,1607140.2813,0],[864557.2695,1607099.4596,0],[864558.0034,1607071.3653,0],[864552.3633,1607043.111,0],[864542.9465,1607014.5469,0],[864527.1557,1606982.2134,0],[864492.5314,1606937.9124,0],[864466.2024,1606918.0665,0],[864432.1471,1606900.5701,0],[864388.8812,1606893.0616,0],[864347.8911,1606895.811,0],[864313.2255,1606901.2799,0],[864259.207,1606913.9073,0],[864207.7942,1606924.0453,0],[864160.3476,1606929.1842,0],[864113.0659,1606927.9445,0],[864062.0736,1606922.7655,0],[864022.675,1606913.7274,0],[863973.1752,1606899.6502,0],[863926.347,1606881.8039,0],[863888.4491,1606864.1975,0],[863862.0294,1606848.1707,0],[863840.7387,1606830.9942,0],[863824.8407,1606803.7398,0],[863814.1458,1606772.7861,0],[863802.1069,1606744.3518,0],[863791.2059,1606721.6965,0],[863778.9608,1606700.9307,0],[863759.245,1606672.3065,0],[863720.6214,1606634.2143,0],[863675.459,1606601.091,0],[863630.2387,1606570.5072,0],[863596.3648,1606545.9822,0],[863567.5868,1606522.2171,0],[863543.88,1606499.8616,0],[863514.1208,1606464.5788,0],[863497.0106,1606434.7349,0],[863485.0542,1606403.1213,0],[863476.6104,1606383.7153,0],[863461.9576,1606357.7705,0],[863447.1892,1606335.665,0],[863427.292,1606314.6893,0],[863402.2412,1606294.8733,0],[863380.8267,1606282.8058,0],[863356.7818,1606273.2277,0],[863340.3643,1606265.1194,0],[863326.5855,1606254.5415,0],[863312.9964,1606236.2953,0],[863302.1861,1606209.8107,0],[863292.8765,1606175.0577,0],[863282.6847,1606124.9479,0],[863271.0415,1606081.1868,0],[863256.4629,1606052.6926,0],[863236.4997,1606033.6465,0],[863216.2644,1606025.4382,0],[863188.2203,1606022.1489,0],[863155.006,1606021.279,0],[863128.24,1606018.0297,0],[863102.851,1606010.9611,0],[863089.0722,1606000.3833,0],[863080.5295,1605984.8164,0],[863074.7492,1605961.6712,0],[863074.172,1605934.8166,0],[863073.2979,1605870.8896,0],[863068.7297,1605849.684,0],[863062.7845,1605832.9174,0],[863054.2088,1605818.6303,0],[863040.496,1605805.493,0],[863018.9413,1605798.5344,0],[862988.341,1605795.1751,0],[862953.9476,1605790.436,0],[862931.0571,1605786.0069,0],[862914.5737,1605780.458,0],[862897.0183,1605767.2207,0],[862879.6443,1605747.5947,0],[862856.2426,1605713.7516,0],[862841.5155,1605693.7257,0],[862820.5875,1605660.3625,0],[862823.2839,1605632.1582,0],[862825.667,1605581.4086,0],[862826.3184,1605567.4714,0],[862823.8117,1605510.403,0],[862815.1453,1605484.2683,0],[862794.2173,1605468.1816,0],[862765.2497,1605453.1647,0],[862696.3227,1605434.5185,0],[862661.9457,1605421.951,0],[862638.4451,1605401.9051,0],[862621.1535,1605374.2507,0],[862600.5554,1605345.2166,0],[862585.4903,1605308.5441,0],[862583.8494,1605269.642,0],[862596.012,1605212.9636,0],[862597.9992,1605162.5038,0],[862597.455,1605159.8244,0],[862589.7121,1605122.122,0],[862554.8652,1605077.1612,0],[862504.0873,1605027.9012,0],[862467.8963,1604982.9104,0],[862429.6686,1604939.1693,0],[862381.8344,1604879.6114,0],[862334.0333,1604818.7738,0],[862287.3453,1604767.0343,0],[862229.377,1604712.4054,0],[862179.9432,1604663.1755,0],[862128.217,1604599.6484,0],[862049.6506,1604515.9754,0],[861991.3195,1604449.6689,0],[861925.2208,1604374.0943,0],[861862.2555,1604306.3781,0],[861802.6628,1604237.4621,0],[861740.2912,1604172.3554,0],[861661.865,1604083.5135,0],[861607.4754,1604019.8964,0],[861541.2118,1603950.8105,0],[861482.2788,1603881.9045,0],[861425.1763,1603819.5272,0],[861362.9119,1603750.5312,0],[861292.3192,1603668.368,0],[861230.294,1603590.3238,0],[861174.5686,1603526.6868,0],[861114.1595,1603462.9198,0],[861067.5375,1603408.6008,0],[861000.0783,1603334.286,0],[860935.8432,1603263.9503,0],[860873.7107,1603189.7854,0],[860799.7125,1603110.1216,0],[860732.748,1603042.3154,0],[860684.7902,1602987.9465,0],[860634.2926,1602928.3286,0],[860484.0616,1602778.0292,0],[860421.7313,1602711.6227,0],[860369.2959,1602649.3654,0],[860309.6372,1602583.0389,0],[860236.8347,1602508.594,0],[860166.176,1602429.0202,0],[860096.276,1602345.5872,0],[860040.5836,1602280.6504,0],[859917.8937,1602149.2072,0],[859859.2822,1602093.2686,0],[859800.9841,1602025.6823,0],[859747.0233,1601971.1534,0],[859696.6164,1601907.6663,0],[859640.8498,1601845.329,0],[859595.7368,1601784.5614,0],[859540.4649,1601728.7028,0],[859492.5978,1601670.4646,0],[859425.0725,1601598.7492,0],[859366.8157,1601529.8732,0],[859305.8047,1601463.5067,0],[859266.1751,1601422.3151,0],[859214.5891,1601353.5991,0],[859167.9259,1601300.5699,0],[859138.6861,1601270.0161,0],[859083.0184,1601203.7996,0],[859033.7743,1601148.1109,0],[858981.6275,1601100.1107,0],[858943.6554,1601071.9165,0],[858900.1503,1601051.3406,0],[858859.8447,1601036.0338,0],[858808.0525,1601025.6159,0],[858768.0354,1601024.5661,0],[858726.5918,1601027.3655,0],[858697.2036,1601027.8954,0],[858677.3641,1601020.9068,0],[858665.7622,1601005.0501,0],[858653.4842,1600964.5783,0],[858635.1372,1600900.6213,0],[858614.6792,1600840.5136,0],[858595.755,1600798.5621,0],[858567.3316,1600762.8494,0],[858533.3257,1600736.0448,0],[858495.5515,1600700.0921,0],[858456.5569,1600660.2203,0],[858428.9993,1600616.7491,0],[858424.7444,1600575.1876,0],[858425.9648,1600528.587,0],[858419.3269,1600476.6076,0],[858407.2468,1600402.4627,0],[858391.86,1600326.9381,0],[858378.3038,1600233.3172,0],[858374.4283,1600151.6038,0],[858368.079,1600087.9767,0],[858374.9725,1599978.0591,0],[858374.8241,1599906.8136,0],[858374.1232,1599831.6689,0],[858365.3826,1599757.604,0],[858345.5019,1599675.4907,0],[858316.6414,1599554.2754,0],[858299.3004,1599477.391,0],[858294.3199,1599412.5042,0],[858296.9998,1599360.7648,0],[858310.0942,1599319.6631,0],[858312.4443,1599280.861,0],[858297.9151,1599249.3874,0],[858256.6611,1599193.9087,0],[858212.752,1599137.0603,0],[858173.0071,1599075.1329,0],[858141.6728,1599022.5136,0],[858101.6145,1598972.2438,0],[858070.5772,1598933.8617,0],[858039.144,1598911.0263,0],[857995.5647,1598893.05,0],[857953.2636,1598877.6931,0],[857915.2502,1598850.7986,0],[857874.054,1598818.6351,0],[857836.7168,1598765.8459,0],[857816.8278,1598709.6273,0],[857797.2852,1598640.4614,0],[857777.8167,1598593.331,0],[857760.2943,1598548.83,0],[857738.5665,1598511.9975,0],[857699.6626,1598468.2364,0],[857654.0301,1598426.8948,0],[857602.9306,1598390.5822,0],[857541.6393,1598360.4884,0],[857473.1987,1598323.7258,0],[857373.1437,1598270.5967,0],[857296.7377,1598232.3344,0],[857235.0588,1598191.8627,0],[857189.385,1598151.8108,0],[857168.4241,1598111.1091,0],[857143.1258,1598057.3401,0],[857119.0315,1597984.185,0],[857102.1028,1597916.3888,0],[857075.6583,1597856.121,0],[857027.816,1597770.6684,0],[856994.9728,1597699.8728,0],[856949.2908,1597609.3013,0],[856902.8337,1597522.5989,0],[856872.4807,1597458.342,0],[856823.9952,1597372.8894,0],[856779.9046,1597297.9146,0],[856751.0195,1597228.4988,0],[856722.0188,1597162.9821,0],[856697.8915,1597115.7317,0],[856668.0992,1597081.2687,0],[856625.394,1597055.544,0],[856556.5824,1597033.0286,0],[856502.432,1597010.8931,0],[856451.0191,1596986.2281,0],[856402.5336,1596951.2952,0],[856335.8742,1596897.7361,0],[856279.0686,1596849.6259,0],[856199.3312,1596785.369,0],[856136.399,1596742.2777,0],[856090.3789,1596715.1833,0],[856047.9705,1596703.7056,0],[856018.5988,1596704.2455,0],[855969.569,1596715.9131,0],[855905.0371,1596733.6495,0],[855848.8169,1596739.9582,0],[855799.4985,1596737.3787,0],[855761.0976,1596726.0111,0],[855729.3923,1596713.5236,0],[855683.7846,1596670.8823,0],[855651.8649,1596615.6535,0],[855634.1034,1596554.316,0],[855625.5277,1596473.7924,0],[855569.6208,1596335.3006,0],[855466.4406,1596151.0081,0],[855429.2766,1596091.7602,0],[855399.4514,1596032.6922,0],[855358.3458,1595920.2351,0],[855306.0672,1595800.9993,0],[855269.6783,1595711.9875,0],[855238.2616,1595637.3426,0],[855196.7685,1595565.0174,0],[855150.3197,1595504.2197,0],[855095.7322,1595447.1114,0],[855054.1072,1595405.8698,0],[855016.7865,1595353.0805,0],[854995.7761,1595313.6785,0],[854990.9275,1595243.6228,0],[854995.4874,1595171.1975,0],[855005.1268,1595109.2801,0],[855021.4948,1595069.5682,0],[855061.9325,1595003.2617,0],[855100.6714,1594951.1723,0],[855136.3924,1594911.9503,0],[855225.093,1594800.493,0],[855253.5989,1594754.1024,0],[855290.8041,1594672.479,0],[855314.5439,1594631.6474,0],[855339.2979,1594603.803,0],[855375.8188,1594585.3268,0],[855406.8891,1594570.5898,0],[855441.0516,1594540.3959,0],[855468.7742,1594500.964,0],[855489.2239,1594458.7625,0],[855502.7223,1594402.1241,0],[855516.4022,1594337.7272,0],[855524.5656,1594255.034,0],[855541.4366,1594171.2811,0],[855548.4043,1594057.4842,0],[855557.4995,1593990.3679,0],[855567.1553,1593927.1608,0],[855565.869,1593874.0216,0],[855558.8105,1593811.6643,0],[855565.0032,1593727.6314,0],[855569.8682,1593643.5785,0],[855555.6441,1593598.3477,0],[855555.0752,1593596.558,0],[855538.2124,1593577.9918,0],[855510.6136,1593561.7351,0],[855480.8049,1593553.1769,0],[855417.2871,1593532.0912,0],[855353.6375,1593516.1944,0],[855298.1512,1593494.0289,0],[855170.992,1593431.1217,0],[855110.5087,1593395.8789,0],[855044.5007,1593368.2545,0],[854988.8166,1593353.8474,0],[854940.9989,1593344.8293,0],[854885.1086,1593338.1906,0],[854823.0916,1593336.571,0],[854746.834,1593343.6595,0],[854690.6798,1593347.3788,0],[854634.6658,1593345.9191,0],[854590.7814,1593339.6003,0],[854529.8281,1593322.4638,0],[854457.8831,1593292.1,0],[854370.873,1593250.9684,0],[854307.413,1593227.3032,0],[854262.2422,1593219.6448,0],[854187.4854,1593220.2946,0],[854143.8237,1593230.8125,0],[854054.8593,1593264.7556,0],[853971.1557,1593301.4281,0],[853908.1904,1593310.1563,0],[853861.5107,1593308.9366,0],[853828.4036,1593299.0086,0],[853796.2036,1593280.0325,0],[853744.0239,1593233.342,0],[853681.5534,1593172.1444,0],[853612.2223,1593118.5253,0],[853556.868,1593091.1809,0],[853484.1726,1593063.3866,0],[853408.2696,1593031.4131,0],[853314.5474,1592991.4312,0],[853244.4329,1592967.6061,0],[853160.3748,1592966.7062,0],[853118.758,1592975.9744,0],[853068.8294,1592996.6801,0],[853017.5155,1593019.9354,0],[852945.9581,1593051.7189,0],[852876.8827,1593090.0411,0],[852802.5464,1593125.6339,0],[852724.2521,1593159.8369,0],[852669.0956,1593176.5135,0],[852613.0157,1593177.6433,0],[852545.3255,1593162.9363,0],[852472.5395,1593139.0412,0],[852424.862,1593124.8541,0],[852388.8854,1593122.6245,0],[852344.8773,1593121.4747,0],[852305.0251,1593113.9663,0],[852254.8574,1593093.2505,0],[852199.2062,1593077.5537,0],[852143.3324,1593070.935,0],[852092.538,1593073.4945,0],[852050.8965,1593084.0624,0],[852009.0158,1593103.6784,0],[851949.3159,1593140.9508,0],[851904.3183,1593177.3134,0],[851810.4311,1593246.0394,0],[851713.7239,1593321.1741,0],[851637.59,1593374.8432,0],[851576.6944,1593406.8966,0],[851528.2501,1593422.4535,0],[851465.3838,1593427.2925,0],[851407.935,1593429.682,0],[851315.9773,1593424.693,0],[851204.0482,1593417.8944,0],[851105.3125,1593416.6247,0],[851009.1989,1593417.9944,0],[850902.4895,1593415.215,0],[850825.0033,1593418.3743,0],[850768.6347,1593431.1417,0],[850729.0959,1593449.578,0],[850721.3365,1593453.1972,0],[850679.0518,1593488.3401,0],[850640.3871,1593537.8,0],[850608.4014,1593587.4499,0],[850571.6415,1593656.3359,0],[850537.3058,1593657.6256,0],[850504.7512,1593660.1551,0],[850456.9418,1593669.0333,0],[850426.4981,1593679.5112,0],[850411.1691,1593689.2492,0],[850394.496,1593705.7058,0],[850363.137,1593751.0466,0],[850348.1791,1593791.1984,0],[850341.9287,1593847.117,0],[850335.0105,1593889.0785,0],[850322.617,1593919.1724,0],[850305.581,1593949.1463,0],[850285.1561,1593975.6409,0],[850267.4028,1593988.6982,0],[850236.6953,1594009.304,0],[850203.8273,1594023.0912,0],[850177.5313,1594030.2898,0],[850105.2235,1594043.0472,0],[850064.4808,1594047.6162,0],[850033.0724,1594050.1757,0],[849998.2749,1594049.2759,0],[849953.2031,1594041.3475,0],[849910.737,1594023.3412,0],[849852.7852,1593997.0465,0],[849772.6769,1593953.2754,0],[849667.5753,1593888.5786,0],[849573.2676,1593810.6445,0],[849544.3577,1593783.9899,0],[849517.1959,1593757.3653,0],[849496.9523,1593732.0605,0],[849481.31,1593709.1251,0],[849473.6001,1593693.1484,0],[849464.6698,1593679.4012,0],[849442.4885,1593661.9347,0],[849392.1889,1593632.4507,0],[849268.1879,1593580.7913,0],[849190.0667,1593549.4676,0],[849139.6104,1593525.6225,0],[849063.9713,1593488.73,0],[848972.8877,1593442.4194,0],[848873.4758,1593382.3816,0],[848688.6369,1593281.8221,0],[848649.5434,1593267.2851,0],[848601.5526,1593317.5348,0],[848494.2824,1593432.0515,0],[848447.042,1593483.4111,0],[848405.6973,1593522.7931,0],[848380.8855,1593541.2993,0],[848347.1848,1593553.9167,0],[848308.3056,1593551.5472,0],[848218.6815,1593522.2232,0],[848154.1743,1593489.4998,0],[848103.2562,1593469.2839,0],[848039.6395,1593455.4768,0],[847986.528,1593439.2501,0],[847922.8454,1593428.1423,0],[847850.7025,1593422.2135,0],[847789.5513,1593420.6239,0],[847733.9084,1593421.8736,0],[847650.0646,1593437.2305,0],[847593.5311,1593445.2089,0],[847529.3702,1593452.9773,0],[847466.7595,1593454.0371,0],[847441.7828,1593452.0475,0],[847426.6435,1593446.2486,0],[847385.2411,1593434.3811,0],[847318.2683,1593389.4502,0],[847243.9733,1593332.1819,0],[847187.1924,1593269.9745,0],[847131.4917,1593219.9347,0],[847074.0924,1593180.6627,0],[847024.0071,1593155.0679,0],[846964.6371,1593138.6712,0],[846927.473,1593124.2142,0],[846890.3997,1593105.698,0],[846830.3122,1593063.6565,0],[846714.1283,1592986.4022,0],[846670.8541,1592966.3863,0],[846637.7883,1592954.7287,0],[846615.5822,1592952.7991,0],[846582.236,1592951.9293,0],[846527.797,1592959.9576,0],[846499.86,1592964.6367,0],[846405.0163,1592975.6544,0],[846346.4708,1592980.8734,0],[846312.366,1592982.693,0],[846285.9958,1592980.6534,0],[846263.9052,1592974.6746,0],[846224.0365,1592957.4481,0],[846180.3336,1592926.6144,0],[846147.7542,1592896.0806,0],[846115.3233,1592860.1479,0],[846057.6354,1592779.0245,0],[845959.2295,1592633.4241,0],[845926.3203,1592572.3265,0],[845917.3901,1592537.9035,0],[845898.5154,1592480.1353,0],[845883.0049,1592444.2426,0],[845870.0425,1592410.4495,0],[845853.9631,1592386.2044,0],[845827.9557,1592362.2093,0],[845798.2376,1592340.1438,0],[845759.1771,1592315.8087,0],[845717.2057,1592292.9134,0],[845686.3003,1592276.4068,0],[845677.6174,1592269.0782,0],[845662.8739,1592253.4814,0],[845659.8724,1592245.873,0],[845655.9473,1592228.4565,0],[845655.601,1592191.454,0],[845662.3956,1592141.4442,0],[845677.5844,1592059.7109,0],[845679.6542,1592020.2289,0],[845680.1407,1591981.2068,0],[845684.5274,1591943.3046,0],[845687.9907,1591910.9511,0],[845688.469,1591872.439,0],[845689.4502,1591854.7226,0],[845689.3842,1591837.4761,0],[845687.3805,1591833.8868,0],[845657.8109,1591814.9707,0],[845634.1124,1591808.8019,0],[845610.2571,1591808.1821,0],[845576.746,1591811.9413,0],[845560.4605,1591814.2808,0],[845521.3422,1591813.271,0],[845507.1099,1591810.1217,0],[845494.0237,1591799.6038,0],[845484.7224,1591790.1057,0],[845482.9495,1591782.3873,0],[845482.7187,1591769.7699,0],[845495.0132,1591753.1133,0],[845525.597,1591717.3705,0],[845539.7799,1591693.0655,0],[845548.2731,1591670.2601,0],[845561.6149,1591635.5172,0],[845561.9282,1591623.4597,0],[845562.8435,1591610.3323,0],[845561.7303,1591598.7847,0],[845552.5032,1591584.2876,0],[845534.1315,1591573.9397,0],[845515.5371,1591572.3601,0],[845505.3452,1591573.1899,0],[845484.8873,1591577.599,0],[845464.2727,1591588.5768,0],[845421.2871,1591612.6719,0],[845399.3861,1591618.6806,0],[845356.5902,1591624.1495,0],[845327.1608,1591626.1291,0],[845262.5216,1591635.9571,0],[845230.6349,1591645.5452,0],[845185.9342,1591670.1502,0],[845112.6699,1591728.5483,0],[845084.5681,1591755.7727,0],[845061.4962,1591774.3589,0],[845035.126,1591789.036,0],[845015.74,1591796.2045,0],[845011.2213,1591796.0845,0],[844999.5039,1591790.8456,0],[844990.6891,1591781.8474,0],[844985.2963,1591772.3793,0],[844984.9995,1591761.4016,0],[844987.1681,1591743.9251,0],[844997.9125,1591721.7197,0],[845025.8164,1591669.2603,0],[845043.8089,1591629.1685,0],[845061.6034,1591585.2174,0],[845065.9407,1591570.5304,0],[845070.9212,1591531.7283,0],[845071.5809,1591495.5657,0],[845071.5396,1591475.2798,0],[845070.1048,1591443.4363,0],[845056.9692,1591407.2637,0],[845047.4618,1591391.3169,0],[845036.8659,1591375.1402,0],[845022.0398,1591358.8635,0],[845010.3225,1591353.0747,0],[844999.0916,1591350.5852,0],[844982.7236,1591350.7152,0],[844957.7635,1591354.4444,0],[844926.388,1591366.232,0],[844897.1153,1591384.1084,0],[844883.4849,1591387.0478,0],[844863.3485,1591389.8172,0],[844831.231,1591386.7878,0],[844797.5714,1591378.2396,0],[844747.4202,1591362.6727,0],[844721.4046,1591358.0337,0],[844677.916,1591357.9237,0],[844655.7924,1591361.9229,0],[844641.4529,1591369.6813,0],[844624.9777,1591387.8976,0],[844602.7799,1591405.2641,0],[844579.8564,1591420.421,0],[844535.0155,1591441.2268,0],[844519.1753,1591445.8958,0],[844498.6678,1591448.4153,0],[844465.0248,1591452.1245,0],[844412.7214,1591458.3933,0],[844394.9104,1591458.4333,0],[844369.2081,1591457.8534,0],[844357.3506,1591451.3547,0],[844348.6842,1591441.9666,0],[844337.2142,1591419.8011,0],[844333.7757,1591390.717,0],[844332.7862,1591368.3116,0],[844330.0816,1591341.2771,0],[844330.9474,1591312.8629,0],[844324.6228,1591289.7576,0],[844289.1574,1591202.3654,0],[844266.2175,1591157.5045,0],[844241.1089,1591115.1431,0],[844208.1997,1591060.8742,0],[844144.7315,1590972.2422,0],[844120.5629,1590937.1294,0],[844104.8711,1590918.8531,0],[844086.4416,1590901.1167,0],[844074.4109,1590893.2683,0],[844057.9522,1590884.75,0],[844050.2094,1590883.4703,0],[844037.9478,1590884.77,0],[844021.0026,1590895.1079,0],[843996.5124,1590918.1932,0],[843982.8738,1590929.151,0],[843973.3086,1590933.7501,0],[843964.6917,1590933.6501,0],[843948.6535,1590930.5307,0],[843932.6813,1590924.7219,0],[843916.9153,1590911.3546,0],[843892.7302,1590879.4411,0],[843877.797,1590855.316,0],[843873.1711,1590851.4168,0],[843858.9223,1590843.4984,0],[843850.6682,1590840.579,0],[843833.9868,1590840.689,0],[843807.6166,1590850.247,0],[843776.7194,1590862.9345,0],[843741.353,1590876.0418,0],[843721.431,1590883.0804,0],[843703.5623,1590886.3897,0],[843688.5384,1590887.0796,0],[843659.6532,1590886.3197,0],[843639.3354,1590878.8212,0],[843603.6804,1590858.9753,0],[843561.0164,1590842.7586,0],[843530.7047,1590832.8006,0],[843496.1958,1590823.8024,0],[843474.7566,1590815.1542,0],[843452.7732,1590804.8663,0],[843437.4359,1590796.378,0],[843429.7261,1590794.0285,0],[843418.0499,1590793.7186,0],[843405.7471,1590796.628,0],[843399.4638,1590802.9367,0],[843386.8229,1590818.8034,0],[843379.6903,1590836.4199,0],[843371.0651,1590869.1032,0],[843362.2833,1590886.1397,0],[843337.1747,1590924.9318,0],[843317.9949,1590933.0002,0],[843292.1771,1590942.0384,0],[843267.6705,1590944.1079,0],[843256.0109,1590943.798,0],[843238.909,1590939.039,0],[843221.3206,1590931.0206,0],[843211.2194,1590924.292,0],[843202.1243,1590911.1047,0],[843180.3058,1590873.3124,0],[843174.3523,1590856.4258,0],[843160.5982,1590829.6412,0],[843139.6043,1590803.2066,0],[843124.333,1590792.0089,0],[843099.0595,1590781.1011,0],[843090.2034,1590779.2615,0],[843075.229,1590778.3317,0],[843055.7275,1590779.9714,0],[843025.5313,1590786.74,0],[843003.9931,1590792.1189,0],[842992.8695,1590792.3688,0],[842981.2099,1590792.0689,0],[842960.6695,1590790.9991,0],[842954.0315,1590789.7394,0],[842934.7033,1590784.9203,0],[842916.9995,1590781.761,0],[842907.0302,1590780.4213,0],[842888.1473,1590779.9314,0],[842833.2629,1590784.9803,0],[842804.2458,1590789.0795,0],[842774.6432,1590794.7783,0],[842755.7355,1590795.3682,0],[842736.0939,1590791.629,0],[842716.8976,1590781.9509,0],[842705.2214,1590771.3931,0],[842696.6787,1590757.6859,0],[842688.8864,1590736.9801,0],[842677.1031,1590698.9079,0],[842667.1834,1590673.833,0],[842651.0627,1590652.3773,0],[842640.9616,1590634.8509,0],[842622.7548,1590632.9113,0],[842606.8897,1590633.5112,0],[842584.6177,1590637.0404,0],[842556.8705,1590647.5883,0],[842535.4642,1590658.2961,0],[842524.7282,1590664.6848,0],[842509.2919,1590669.4039,0],[842496.0738,1590669.5738,0],[842482.3775,1590668.1941,0],[842461.9443,1590661.5055,0],[842433.5621,1590656.1566,0],[842410.886,1590652.7672,0],[842363.1838,1590649.078,0],[842336.7724,1590648.3881,0],[842306.1473,1590648.0982,0],[842289.7793,1590647.6783,0],[842274.475,1590647.7883,0],[842246.6123,1590652.1974,0],[842205.144,1590662.5453,0],[842173.5459,1590679.0019,0],[842138.9298,1590703.237,0],[842089.8753,1590729.0517,0],[842034.7189,1590756.0562,0],[841996.5159,1590775.3723,0],[841972.6194,1590781.511,0],[841947.6427,1590775.4523,0],[841910.5777,1590751.4672,0],[841831.7392,1590668.1741,0],[841776.5827,1590616.6446,0],[841753.651,1590590.01,0],[841720.4945,1590543.3195,0],[841668.4879,1590477.3929,0],[841643.5113,1590446.5392,0],[841613.6531,1590417.8151,0],[841589.5587,1590394.2499,0],[841561.1023,1590373.714,0],[841537.8078,1590360.5967,0],[841517.6385,1590351.7385,0],[841491.9774,1590346.8895,0],[841473.7623,1590345.3798,0],[841451.144,1590347.9093,0],[841421.8382,1590359.6669,0],[841389.2177,1590374.4539,0],[841369.1226,1590383.3021,0],[841345.3498,1590388.9509,0],[841328.1407,1590389.5408,0],[841318.4848,1590389.2909,0],[841306.7427,1590386.8914,0],[841296.1633,1590380.3627,0],[841281.3455,1590371.6445,0],[841275.1199,1590363.1462,0],[841268.985,1590351.5186,0],[841267.2699,1590334.802,0],[841267.946,1590308.7573,0],[841273.0832,1590276.5738,0],[841272.4483,1590259.8772,0],[841267.542,1590242.0308,0],[841248.0323,1590207.128,0],[841230.9964,1590180.6233,0],[841214.513,1590154.1387,0],[841198.2274,1590119.3158,0],[841178.7755,1590082.3234,0],[841166.25,1590068.4462,0],[841150.3108,1590061.7875,0],[841140.6549,1590061.5376,0],[841121.2525,1590064.1471,0],[841089.5802,1590084.173,0],[841052.243,1590115.5166,0],[841019.4245,1590138.6419,0],[840989.9292,1590157.678,0],[840975.1691,1590167.716,0],[840956.7891,1590172.445,0],[840943.8844,1590173.1549,0],[840931.0208,1590171.7751,0],[840915.1146,1590164.0767,0],[840889.8164,1590145.6905,0],[840858.6141,1590106.3085,0],[840813.4269,1590026.9646,0],[840783.1481,1589952.1698,0],[840763.0035,1589879.7246,0],[840745.176,1589821.9264,0],[840727.8515,1589786.0437,0],[840713.8995,1589764.828,0],[840691.9573,1589741.3228,0],[840671.1448,1589715.768,0],[840647.1494,1589688.0436,0],[840636.9163,1589669.0075,0],[840629.9898,1589645.9022,0],[840626.7574,1589605.1605,0],[840631.5153,1589566.7183,0],[840643.5212,1589518.0382,0],[840653.0205,1589482.8554,0],[840655.9312,1589474.5871,0],[840656.3105,1589460,0],[840650.2498,1589445.253,0],[840630.4433,1589421.7978,0],[840607.322,1589402.4417,0],[840584.3326,1589377.8667,0],[840561.5575,1589344.9634,0],[840532.6064,1589301.4723,0],[840518.2586,1589275.0477,0],[840504.7684,1589236.1256,0],[840476.4852,1589167.6395,0],[840467.2168,1589151.7628,0],[840454.6337,1589139.9752,0],[840448.2761,1589136.6758,0],[840439.7252,1589135.4161,0],[840424.5858,1589139.1853,0],[840405.0019,1589149.1033,0],[840387.6609,1589154.9021,0],[840373.6842,1589155.582,0],[840357.6873,1589150.9929,0],[840318.4123,1589133.2965,0],[840259.7596,1589117.1898,0],[840235.7148,1589112.3908,0],[840203.5395,1589110.5112,0],[840169.0883,1589113.7805,0],[840107.5991,1589123.6485,0],[840064.4238,1589131.9068,0],[840032.0094,1589139.4053,0],[840021.3228,1589137.0458,0],[840006.5792,1589126.238,0],[839991.6872,1589099.7933,0],[839955.9003,1589030.0675,0],[839945.1312,1588990.1857,0],[839941.6762,1588957.7723,0],[839942.8306,1588933.8371,0],[839960.015,1588892.5855,0],[839985.9234,1588846.3549,0],[840009.086,1588822.9797,0],[840029.8985,1588806.843,0],[840048.328,1588796.825,0],[840070.0145,1588793.2058,0],[840089.0789,1588794.8954,0],[840108.6381,1588801.3841,0],[840131.2234,1588810.3423,0],[840147.1544,1588814.3414,0],[840156.9834,1588815.8012,0],[840166.829,1588816.651,0],[840177.9279,1588816.9409,0],[840195.2771,1588813.8016,0],[840215.8588,1588804.7634,0],[840251.7694,1588775.8093,0],[840279.1539,1588742.4261,0],[840289.5849,1588720.5605,0],[840294.2685,1588706.3334,0],[840295.6043,1588690.9266,0],[840290.4589,1588675.2298,0],[840281.6606,1588657.6533,0],[840264.8391,1588640.4468,0],[840245.4943,1588625.5899,0],[840215.6444,1588611.6527,0],[840159.3747,1588593.4264,0],[840118.0136,1588583.3785,0],[840078.6892,1588577.5696,0],[840033.7163,1588575.8,0],[839979.4092,1588577.3797,0],[839945.0817,1588581.2789,0],[839868.8572,1588595.466,0],[839811.0455,1588613.1124,0],[839774.0794,1588623.5303,0],[839746.8269,1588628.1993,0],[839725.1733,1588630.6288,0],[839706.0594,1588630.7388,0],[839694.9688,1588630.4489,0],[839682.7155,1588627.1396,0],[839671.1795,1588620.251,0],[839659.825,1588606.1938,0],[839651.9255,1588589.8271,0],[839639.0372,1588563.7525,0],[839619.6595,1588526.75,0],[839607.8185,1588507.2939,0],[839599.7788,1588496.3162,0],[839584.0952,1588482.7389,0],[839563.4806,1588469.6316,0],[839541.4064,1588464.2727,0],[839518.0212,1588462.4631,0],[839467.4907,1588461.1533,0],[839425.9646,1588469.0617,0],[839407.0074,1588474.5506,0],[839382.072,1588485.2584,0],[839362.653,1588496.7361,0],[839346.1613,1588514.2625,0],[839333.0422,1588544.4464,0],[839318.8841,1588626.6697,0],[839311.4298,1588676.1396,0],[839309.3931,1588695.2457,0],[839305.2042,1588714.2818,0],[839301.2215,1588724.9596,0],[839291.4419,1588745.0456,0],[839278.0094,1588763.8517,0],[839259.1099,1588790.8862,0],[839231.14,1588823.0797,0],[839210.1131,1588848.8644,0],[839190.7437,1588882.4776,0],[839166.6823,1588918.3503,0],[839154.4372,1588938.9861,0],[839141.7221,1588953.6231,0],[839108.5408,1588984.4668,0],[839089.1136,1588996.5344,0],[839066.52,1589011.5113,0],[839035.2435,1589028.6478,0],[839007.0262,1589046.4642,0],[838984.9851,1589063.8507,0],[838966.267,1589084.3065,0],[838961.0804,1589093.7446,0],[838960.866,1589102.1229,0],[838963.5047,1589118.9494,0],[838984.3254,1589148.2235,0],[839000.545,1589165.4,0],[839030.296,1589194.894,0],[839062.999,1589218.4892,0],[839089.7073,1589234.7459,0],[839107.9966,1589243.0042,0],[839130.1367,1589245.3637,0],[839169.5353,1589247.5933,0],[839222.1438,1589252.5523,0],[839244.2015,1589257.9212,0],[839264.9975,1589264.4398,0],[839279.5761,1589272.5982,0],[839292.2335,1589284.2958,0],[839301.205,1589295.3036,0],[839324.4583,1589337.8049,0],[839340.4387,1589363.3497,0],[839361.4821,1589384.2454,0],[839383.8696,1589400.992,0],[839399.7181,1589407.9806,0],[839413.7608,1589413.1296,0],[839426.6738,1589414.6693,0],[839448.2119,1589416.4289,0],[839472.9577,1589413.4795,0],[839495.0978,1589403.8815,0],[839522.6966,1589386.0451,0],[839543.3689,1589373.4177,0],[839568.3868,1589360.3003,0],[839585.1341,1589356.5411,0],[839601.1476,1589357.5609,0],[839614.5058,1589365.6892,0],[839619.239,1589372.9977,0],[839621.721,1589384.4354,0],[839618.8184,1589401.112,0],[839598.5336,1589446.0629,0],[839570.036,1589498.5922,0],[839559.3824,1589516.8685,0],[839551.3262,1589540.0837,0],[839548.9184,1589559.4298,0],[839551.4334,1589572.4371,0],[839561.4108,1589592.1131,0],[839574.4228,1589604.4606,0],[839594.0479,1589619.7575,0],[839634.3783,1589644.8324,0],[839681.1735,1589678.4056,0],[839711.7903,1589710.619,0],[839744.4439,1589756.0198,0],[839762.5765,1589791.6325,0],[839774.1701,1589822.4563,0],[839775.4235,1589847.4712,0],[839767.2931,1589866.6773,0],[839755.584,1589877.4751,0],[839733.8315,1589888.9327,0],[839705.0452,1589896.5112,0],[839653.5417,1589897.9409,0],[839579.362,1589891.3922,0],[839534.249,1589885.5934,0],[839494.5041,1589874.3857,0],[839397.3515,1589834.8537,0],[839320.8301,1589808.819,0],[839261.0725,1589798.0212,0],[839169.9229,1589784.544,0],[839092.3625,1589779.7549,0],[839020.8463,1589780.6748,0],[838940.4823,1589792.4524,0],[838888.1871,1589805.8996,0],[838833.377,1589824.8258,0],[838781.3952,1589844.7417,0],[838751.5947,1589854.1398,0],[838734.3279,1589858.319,0],[838722.8662,1589858.9488,0],[838708.6916,1589853.9598,0],[838690.4848,1589839.6028,0],[838671.1895,1589812.2783,0],[838662.1438,1589793.5421,0],[838658.8867,1589772.1865,0],[838661.6326,1589739.8931,0],[838676.7554,1589671.8269,0],[838683.5912,1589647.032,0],[838689.8828,1589624.9964,0],[838693.6099,1589591.7932,0],[838691.3423,1589568.6179,0],[838683.3686,1589545.2827,0],[838666.0688,1589514.309,0],[838655.6213,1589494.613,0],[838635.1964,1589473.7372,0],[838607.8861,1589460.9998,0],[838574.6966,1589454.5811,0],[838514.7328,1589451.1718,0],[838433.602,1589455.5509,0],[838387.2438,1589460.8199,0],[838374.9163,1589458.6403,0],[838366.4891,1589452.8715,0],[838346.9134,1589435.715,0],[838300.7367,1589379.0165,0],[838257.9078,1589339.9845,0],[838233.6238,1589320.8484,0],[838220.4387,1589314.9596,0],[838206.6186,1589314.5996,0],[838178.0303,1589314.7896,0],[838152.0971,1589322.438,0],[838100.1153,1589342.364,0],[837976.609,1589381.696,0],[837940.1624,1589390.9241,0],[837897.0944,1589397.2028,0],[837818.8496,1589400.7121,0],[837700.4145,1589410.5901,0],[837447.5557,1589440.0841,0],[837344.763,1589453.1414,0],[837280.5856,1589465.3389,0],[837233.6008,1589476.1367,0],[837185.3791,1589498.0123,0],[837036.9456,1589580.1756,0],[836923.656,1589648.4417,0],[836821.1601,1589723.4764,0],[836770.4564,1589767.4874,0],[836732.3276,1589804.4199,0],[836661.4216,1589873.7858,0],[836609.3079,1589935.3233,0],[836579.8455,1589968.7865,0],[836540.3149,1590004.7491,0],[836495.4245,1590045.2109,0],[836456.6278,1590071.0157,0],[836414.0463,1590095.8106,0],[836360.6957,1590131.4134,0],[836324.4964,1590148.9798,0],[836281.1233,1590168.1959,0],[836238.7974,1590182.8229,0],[836201.4272,1590190.1714,0],[836132.9784,1590202.2689,0],[836092.8707,1590204.9284,0],[836051.93,1590203.8586,0],[836011.9954,1590200.0394,0],[835991.2159,1590193.0308,0],[835968.713,1590178.5738,0],[835938.0549,1590148.17,0],[835893.9479,1590085.0528,0],[835834.7757,1590015.077,0],[835813.0562,1589988.6124,0],[835786.0923,1589962.9377,0],[835775.1913,1589942.3119,0],[835758.9634,1589906.7391,0],[835750.2476,1589875.0755,0],[835746.8338,1589841.6823,0],[835737.3676,1589802.5903,0],[835724.4298,1589750.4609,0],[835699.7748,1589672.1269,0],[835688.8243,1589634.8444,0],[835673.5612,1589599.3017,0],[835646.251,1589568.068,0],[835621.2991,1589537.8242,0],[835604.5847,1589520.7377,0],[835588.8517,1589502.7513,0],[835573.1598,1589482.9254,0],[835560.2633,1589465.9388,0],[835546.6577,1589439.6842,0],[835531.1802,1589411.5399,0],[835492.433,1589325.4474,0],[835481.029,1589305.7214,0],[835461.6843,1589280.2466,0],[835431.1417,1589245.2337,0],[835399.758,1589206.4916,0],[835375.7708,1589175.348,0],[835345.9044,1589132.9566,0],[835323.9127,1589099.0835,0],[835313.9352,1589079.4075,0],[835307.7508,1589060.7413,0],[835306.5469,1589033.8868,0],[835315.5267,1588999.9037,0],[835334.0139,1588948.5841,0],[835366.1314,1588886.5268,0],[835406.0248,1588836.6869,0],[835468.8911,1588764.3416,0],[835515.9502,1588713.7719,0],[835561.6156,1588662.2224,0],[835595.0278,1588623.3303,0],[835614.7684,1588597.0157,0],[835636.5539,1588566.142,0],[835658.9084,1588530.6492,0],[835697.4329,1588460.4335,0],[835715.5573,1588422.9811,0],[835733.5827,1588389.228,0],[835743.7828,1588363.5932,0],[835750.0744,1588341.5577,0],[835752.7955,1588310.1741,0],[835751.2783,1588276.8509,0],[835744.7146,1588235.9892,0],[835732.1727,1588205.1255,0],[835710.2058,1588170.3325,0],[835689.8468,1588146.6873,0],[835655.4286,1588114.3439,0],[835627.2855,1588096.9675,0],[835588.5713,1588083.0103,0],[835559.6037,1588079.491,0],[835510.0956,1588077.2815,0],[835463.2345,1588083.4602,0],[835402.3307,1588098.5272,0],[835365.8428,1588108.6751,0],[835338.9449,1588117.2333,0],[835319.798,1588120.4327,0],[835291.152,1588122.4623,0],[835247.3995,1588119.4729,0],[835120.6774,1588081.0407,0],[835070.1303,1588064.0042,0],[835024.9184,1588043.3984,0],[834957.3767,1588001.8768,0],[834906.1782,1587955.2263,0],[834853.9738,1587891.9092,0],[834832.782,1587863.605,0],[834824.8577,1587838.4201,0],[834823.4147,1587820.8237,0],[834824.8742,1587801.4276,0],[834830.135,1587782.1416,0],[834849.5293,1587732.7016,0],[834886.1903,1587660.5863,0],[834907.3491,1587615.8154,0],[834921.2021,1587559.7568,0],[834930.1984,1587488.7813,0],[834931.4023,1587442.5707,0],[834927.3123,1587416.566,0],[834918.7944,1587377.4939,0],[834909.3199,1587356.8981,0],[834893.7765,1587331.5233,0],[834881.6798,1587320.1056,0],[834871.2983,1587316.1464,0],[834841.8936,1587310.7475,0],[834809.5204,1587309.9077,0],[834772.3482,1587309.8777,0],[834752.3437,1587309.3578,0],[834727.6227,1587306.8683,0],[834702.143,1587297.8801,0],[834646.9948,1587255.7487,0],[834572.2957,1587196.4708,0],[834504.9932,1587145.7011,0],[834454.5781,1587105.5493,0],[834396.3377,1587072.586,0],[834339.8701,1587045.2215,0],[834232.8308,1587020.2466,0],[834146.5463,1587003.2101,0],[834086.2939,1586992.3923,0],[834042.7806,1586980.1748,0],[834007.7275,1586971.8565,0],[833977.3168,1586969.217,0],[833926.7533,1586970.6867,0],[833865.6186,1586976.4955,0],[833807.939,1586976.8455,0],[833767.0066,1586974.8659,0],[833717.482,1586973.5761,0],[833662.3916,1586966.5976,0],[833545.5067,1586953.3902,0],[833425.1834,1586944.712,0],[833357.5922,1586942.0426,0],[833278.4733,1586941.8426,0],[833224.6279,1586942.2925,0],[833183.6956,1586940.3029,0],[833131.318,1586938.9432,0],[833099.959,1586935.3539,0],[833066.7447,1586929.865,0],[833002.3365,1586914.3182,0],[832965.7991,1586908.7493,0],[832913.438,1586906.4698,0],[832865.7688,1586907.0797,0],[832808.5344,1586909.2892,0],[832735.2041,1586907.3796,0],[832584.3216,1586900.691,0],[832515.2297,1586900.751,0],[832473.5387,1586901.4308,0],[832471.3701,1586901.4608,0],[832448.595,1586898.1015,0],[832355.5819,1586882.7346,0],[832284.5522,1586866.098,0],[832253.8777,1586854.2004,0],[832213.5307,1586830.0353,0],[832187.3337,1586811.7791,0],[832161.3263,1586785.2045,0],[832146.4838,1586764.2087,0],[832131.13,1586729.2359,0],[832116.9719,1586703.921,0],[832102.1294,1586674.677,0],[832087.4271,1586640.7739,0],[832075.0088,1586608.4804,0],[832067.9091,1586581.7859,0],[832060.0591,1586553.5116,0],[832054.1963,1586523.8477,0],[832053.1326,1586505.0915,0],[832053.5366,1586489.4947,0],[832056.5546,1586463.0401,0],[832061.7165,1586444.4538,0],[832069.4016,1586418.899,0],[832083.8731,1586387.2855,0],[832099.3918,1586360.3809,0],[832110.7463,1586342.7145,0],[832129.1428,1586325.2481,0],[832145.0325,1586313.9604,0],[832197.7812,1586279.4374,0],[832218.503,1586262.021,0],[832242.4819,1586239.2356,0],[832287.3393,1586193.5749,0],[832308.0858,1586175.3886,0],[832339.5025,1586151.2435,0],[832368.9979,1586127.0384,0],[832392.8531,1586108.9221,0],[832415.1334,1586091.5557,0],[832434.9811,1586078.0284,0],[832454.0703,1586063.7013,0],[832474.9982,1586053.3035,0],[832493.1226,1586045.9749,0],[832517.4231,1586041.1459,0],[832539.3405,1586037.8166,0],[832558.9409,1586033.6375,0],[832587.5705,1586024.9592,0],[832615.8455,1586017.1108,0],[832684.2695,1585994.7054,0],[832716.5273,1585984.6174,0],[832749.5189,1585975.3393,0],[832786.4932,1585963.0318,0],[832814.7682,1585955.1934,0],[832845.3933,1585947.405,0],[832902.4216,1585928.7388,0],[832926.1119,1585917.6411,0],[832950.5938,1585905.7935,0],[832978.2668,1585891.6763,0],[833008.2817,1585876.0695,0],[833032.005,1585864.1919,0],[833055.0109,1585849.185,0],[833078.3631,1585835.7377,0],[833095.8361,1585823.7002,0],[833109.4087,1585811.5627,0],[833121.4807,1585797.0556,0],[833136.0016,1585778.6893,0],[833146.515,1585764.1423,0],[833153.087,1585751.035,0],[833160.6154,1585731.7189,0],[833169.4302,1585707.7638,0],[833173.9325,1585684.4585,0],[833176.0517,1585662.663,0],[833176.5629,1585643.1569,0],[833178.0801,1585614.3228,0],[833178.4924,1585583.889,0],[833181.4115,1585561.3336,0],[833185.1386,1585538.0183,0],[833188.1071,1585513.9032,0],[833193.6648,1585464.8732,0],[833193.5493,1585439.1085,0],[833192.6341,1585414.1136,0],[833190.2098,1585387.509,0],[833186.1033,1585365.5534,0],[833177.0824,1585337.2292,0],[833169.0757,1585315.1637,0],[833159.5105,1585293.0582,0],[833149.9865,1585269.393,0],[833140.5615,1585241.8286,0],[833133.7422,1585219.0233,0],[833124.0286,1585172.7227,0],[833120.6973,1585150.7772,0],[833119.8727,1585137.4999,0],[833120.3922,1585117.214,0],[833121.6044,1585100.8473,0],[833125.3067,1585083.8208,0],[833132.8682,1585057.4362,0],[833139.9101,1585026.4025,0],[833144.6103,1584995.3088,0],[833164.9692,1584917.0047,0],[833170.6506,1584893.7295,0],[833175.1116,1584871.9939,0],[833177.1566,1584853.3177,0],[833178.4594,1584833.0618,0],[833178.88,1584816.6752,0],[833176.7938,1584807.2571,0],[833168.4737,1584796.8992,0],[833155.5195,1584785.6315,0],[833097.6832,1584759.9367,0],[833063.3804,1584744.2199,0],[833038.0327,1584728.7331,0],[833015.0268,1584714.086,0],[832992.0292,1584698.6592,0],[832946.9161,1584663.9263,0],[832930.0864,1584651.7887,0],[832907.0557,1584637.1417,0],[832879.828,1584619.2653,0],[832856.7478,1584606.9579,0],[832838.2277,1584599.4594,0],[832820.4084,1584595.0903,0],[832803.2983,1584593.0907,0],[832780.7294,1584590.9411,0],[832751.1433,1584589.4014,0],[832717.5662,1584590.8711,0],[832641.185,1584603.7085,0],[832610.6753,1584607.6077,0],[832581.6995,1584612.3268,0],[832549.5571,1584618.5155,0],[832521.8016,1584620.915,0],[832492.1084,1584623.2645,0],[832467.8821,1584624.9742,0],[832437.4467,1584625.744,0],[832408.5285,1584628.1235,0],[832389.0271,1584628.4035,0],[832396.7204,1584602.8487,0],[832402.8883,1584574.9044,0],[832410.6889,1584544.6705,0],[832416.7991,1584519.8556,0],[832424.4759,1584494.3008,0],[832438.4362,1584452.5093,0],[832448.5456,1584423.1153,0],[832465.6722,1584364.2373,0],[832473.0522,1584335.5531,0],[832477.6699,1584307.5788,0],[832478.9397,1584288.8826,0],[832477.8678,1584270.1164,0],[832475.0147,1584259.8885,0],[832455.8266,1584247.691,0],[832424.5089,1584237.5131,0],[832397.3471,1584232.1341,0],[832365.5182,1584226.6153,0],[832331.3639,1584220.2666,0],[832295.6676,1584213.108,0],[832274.0305,1584205.5196,0],[832247.4459,1584193.1221,0],[832232.0839,1584184.1339,0],[832217.5959,1584171.2765,0],[832203.2152,1584154.5099,0],[832180.5226,1584127.3855,0],[832160.8151,1584105.02,0],[832141.8991,1584082.6846,0],[832118.7613,1584057.8896,0],[832101.9397,1584044.9622,0],[832081.9353,1584034.2944,0],[832055.6558,1584025.0363,0],[832014.674,1584011.4791,0],[831977.5017,1584001.1512,0],[831944.2297,1583990.9232,0],[831899.026,1583974.9265,0],[831866.6198,1583961.5992,0],[831841.1567,1583950.7914,0],[831812.5931,1583939.1238,0],[831778.6532,1583924.9767,0],[831743.9629,1583909.2499,0],[831701.9916,1583888.6541,0],[831678.9444,1583875.5667,0],[831658.2638,1583860.1999,0],[831637.6327,1583844.0631,0],[831617.8592,1583824.8171,0],[831595.8346,1583801.6118,0],[831577.6937,1583779.2863,0],[831570.6353,1583765.8391,0],[831563.2965,1583748.4726,0],[831557.5244,1583730.3763,0],[831551.8677,1583707.5909,0],[831531.5664,1583648.5329,0],[831522.7681,1583611.6304,0],[831516.7322,1583573.9981,0],[831512.6175,1583552.0426,0],[831511.7104,1583527.0477,0],[831514.3409,1583500.5831,0],[831519.7584,1583471.8389,0],[831525.951,1583443.9046,0],[831542.2943,1583385.0166,0],[831552.0409,1583354.8227,0],[831561.9936,1583331.6674,0],[831572.672,1583310.8717,0],[831584.9335,1583289.336,0],[831603.3795,1583254.6931,0],[831609.366,1583234.5572,0],[831614.0001,1583205.7931,0],[831598.7536,1583192.1358,0],[831565.7042,1583173.3297,0],[831517.9361,1583151.0142,0],[831481.3905,1583131.3482,0],[831455.2759,1583115.8314,0],[831427.6111,1583100.2945,0],[831406.9552,1583084.1478,0],[831385.582,1583066.4214,0],[831370.3684,1583051.1945,0],[831349.2013,1583025.6797,0],[831324.8266,1582988.3673,0],[831317.4301,1582972.5605,0],[831317.0013,1582959.2832,0],[831320.4976,1582944.5462,0],[831326.4428,1582925.97,0],[831333.2539,1582903.5146,0],[831344.5837,1582872.5909,0],[831355.2785,1582851.0053,0],[831370.5416,1582834.2287,0],[831390.546,1582814.4627,0],[831413.0407,1582789.2878,0],[831433.4986,1582767.1823,0],[831447.2115,1582749.5859,0],[831453.8659,1582733.3692,0],[831463.1837,1582704.735,0],[831473.4167,1582671.4318,0],[831485.6783,1582634.2894,0],[831489.4054,1582610.9741,0],[831491.7308,1582581.3702,0],[831488.5561,1582553.1959,0],[831482.7428,1582521.8223,0],[831477.8365,1582500.6266,0],[831470.5307,1582481.7104,0],[831462.2519,1582469.7829,0],[831448.572,1582456.1656,0],[831433.243,1582445.6278,0],[831406.3533,1582430.0909,0],[831373.642,1582412.8545,0],[831352.1699,1582399.0373,0],[831325.3296,1582381.1609,0],[831300.1056,1582361.7848,0],[831277.1986,1582342.4588,0],[831256.6088,1582324.7524,0],[831232.2093,1582303.0568,0],[831193.6847,1582270.0635,0],[831171.5446,1582251.5373,0],[831149.4788,1582229.8917,0],[831122.8777,1582203.4471,0],[831100.7953,1582182.5813,0],[831078.4243,1582157.8064,0],[831063.3014,1582139.4601,0],[831046.7438,1582116.4048,0],[831031.7034,1582094.9492,0],[831015.8878,1582073.4635,0],[830998.6623,1582045.6992,0],[830990.202,1582025.9632,0],[830985.1721,1582009.4566,0],[830984.3227,1581982.1121,0],[830987.2418,1581959.5567,0],[830993.5333,1581927.7132,0],[831003.618,1581884.272,0],[831011.3444,1581857.1476,0],[831025.049,1581824.7242,0],[831034.2266,1581801.5489,0],[831041.7056,1581783.8025,0],[831045.2678,1581766.716,0],[831040.2296,1581750.1993,0],[831027.4732,1581731.1332,0],[831003.115,1581707.868,0],[830981.6841,1581691.7112,0],[830934.6085,1581657.7082,0],[830920.9204,1581644.0909,0],[830909.6731,1581626.6245,0],[830905.344,1581613.2472,0],[830904.1731,1581598.3902,0],[830905.3193,1581584.3731,0],[830910.3328,1581571.2258,0],[830924.9774,1581548.2005,0],[830952.6917,1581516.9068,0],[830972.7538,1581494.8013,0],[830998.3572,1581469.6964,0],[831020.7281,1581449.2006,0],[831047.8487,1581425.7054,0],[831070.6485,1581403.6599,0],[831082.7369,1581388.373,0],[831089.4243,1581371.3764,0],[831094.5862,1581352.7702,0],[831096.6394,1581333.3142,0],[831093.9925,1581315.2979,0],[831085.7796,1581301.0408,0],[831063.6313,1581267.6776,0],[831041.6808,1581242.1427,0],[831017.3803,1581216.538,0],[830962.6279,1581162.8289,0],[830934.8394,1581136.3543,0],[830916.5172,1581121.0474,0],[830893.6597,1581100.1716,0],[830870.0848,1581076.9264,0],[830844.9185,1581055.2008,0],[830825.1944,1581033.6152,0],[830815.8024,1581020.1079,0],[830810.624,1581009.0502,0],[830804.1675,1580987.0347,0],[830796.4824,1580952.4917,0],[830775.7194,1580866.1093,0],[830767.8858,1580837.0252,0],[830743.9481,1580767.7193,0],[830721.7008,1580707.8315,0],[830713.6859,1580685.766,0],[830706.4873,1580662.9606,0],[830700.8801,1580638.6156,0],[830698.0847,1580611.2312,0],[830694.0031,1580587.706,0],[830691.5293,1580562.6711,0],[830689.7152,1580542.3252,0],[830689.6657,1580514.2309,0],[830690.6387,1580491.6255,0],[830691.1417,1580472.1295,0],[830690.3007,1580444.785,0],[830669.6448,1580428.6383,0],[830647.3563,1580416.3608,0],[830622.6188,1580407.9226,0],[830564.4773,1580393.9254,0],[830539.344,1580386.257,0],[830526.2249,1580380.4481,0],[830515.5135,1580372.3698,0],[830506.509,1580358.8625,0],[830493.8599,1580335.1274,0],[830479.1246,1580301.9641,0],[830472.6434,1580281.5083,0],[830470.1201,1580258.0331,0],[830473.5174,1580232.3683,0],[830480.4522,1580205.2238,0],[830492.2272,1580171.9606,0],[830498.2714,1580149.4952,0],[830503.557,1580126.2199,0],[830510.0218,1580102.1848,0],[830514.3591,1580085.1283,0],[830514.6642,1580073.4306,0],[830511.0443,1580062.4129,0],[830499.6403,1580051.1852,0],[830478.9102,1580038.9477,0],[830448.0707,1580024.8805,0],[830420.3565,1580010.9134,0],[830389.5005,1579997.6061,0],[830336.0015,1579970.4716,0],[830308.3119,1579955.7146,0],[830282.9725,1579940.2178,0],[830263.0505,1579926.4406,0],[830243.8954,1579913.4632,0],[830224.7898,1579898.1363,0],[830210.376,1579882.1496,0],[830200.2089,1579868.6223,0],[830186.7187,1579847.2067,0],[830173.2945,1579823.4415,0],[830156.8523,1579795.6972,0],[830147.9715,1579777.5309,0],[830137.6889,1579752.286,0],[830131.7024,1579727.931,0],[830129.9873,1579703.6959,0],[830126.0046,1579677.0513,0],[830121.9311,1579653.5361,0],[830118.0143,1579623.7722,0],[830112.1433,1579564.3143,0],[830114.2048,1579544.8582,0],[830117.9978,1579519.2034,0],[830123.9678,1579499.0575,0],[830138.5795,1579461.9851,0],[830151.7893,1579433.4409,0],[830163.4902,1579403.307,0],[830174.3829,1579373.933,0],[830189.6295,1579342.3195,0],[830198.7247,1579322.2735,0],[830207.7539,1579305.327,0],[830224.2868,1579285.1311,0],[830224.6496,1579284.6912,0],[830224.2868,1579284.6312,0],[830205.2471,1579281.0719,0],[830171.8102,1579277.0827,0],[830142.1829,1579277.1027,0],[830099.9972,1579279.9122,0],[830060.7882,1579288.2705,0],[829951.4978,1579307.2966,0],[829907.5144,1579319.4341,0],[829879.9733,1579328.8622,0],[829845.2995,1579342.7994,0],[829816.9173,1579354.547,0],[829793.1281,1579369.5439,0],[829762.7504,1579383.5811,0],[829727.9859,1579400.6376,0],[829693.1967,1579419.2538,0],[829667.7912,1579436.5403,0],[829648.6114,1579454.7866,0],[829627.7989,1579475.3224,0],[829609.3447,1579495.1283,0],[829592.9272,1579511.8749,0],[829571.4468,1579528.4916,0],[829547.4926,1579549.7172,0],[829526.6224,1579572.5926,0],[829506.5355,1579595.4979,0],[829490.4396,1579614.594,0],[829469.9075,1579639.8189,0],[829447.4623,1579663.4241,0],[829407.1731,1579713.8938,0],[829389.4857,1579733.7298,0],[829369.8771,1579753.5158,0],[829345.0654,1579777.8508,0],[829320.3773,1579797.4968,0],[829298.0558,1579816.4329,0],[829275.8085,1579832.2397,0],[829249.6032,1579850.2961,0],[829215.0861,1579873.6013,0],[829160.1688,1579915.8927,0],[829134.013,1579932.3793,0],[829078.5267,1579966.8423,0],[829059.0748,1579980.3996,0],[829037.6521,1579994.6667,0],[829016.988,1580009.7436,0],[828994.7654,1580024.7805,0],[828978.1583,1580033.7187,0],[828955.2513,1580044.8265,0],[828930.8354,1580053.5647,0],[828904.927,1580060.7032,0],[828881.4016,1580065.5522,0],[828866.1385,1580067.5018,0],[828844.3118,1580067.7118,0],[828815.4678,1580066.972,0],[828789.0151,1580064.7224,0],[828763.2716,1580064.8424,0],[828739.7544,1580069.6914,0],[828718.5709,1580074.6104,0],[828695.8123,1580080.2692,0],[828679.6835,1580086.0981,0],[828660.6273,1580098.8655,0],[828646.9887,1580113.3425,0],[828630.7196,1580139.4572,0],[828618.4498,1580161.7727,0],[828604.6133,1580184.0481,0],[828588.4267,1580207.0434,0],[828562.0812,1580245.3856,0],[828545.9111,1580267.5911,0],[828529.84,1580285.9074,0],[828513.7194,1580306.5732,0],[828496.7577,1580328.7687,0],[828474.5846,1580357.0729,0],[828449.6327,1580386.8568,0],[828432.7039,1580408.2625,0],[828421.2917,1580427.4986,0],[828412.1965,1580447.5445,0],[828398.2775,1580472.9193,0],[828385.3563,1580489.7459,0],[828373.4081,1580499.5839,0],[828352.9007,1580508.4121,0],[828330.9172,1580514.0909,0],[828304.2749,1580518.86,0],[828275.299,1580522.7792,0],[828247.9393,1580525.1987,0],[828216.6793,1580527.5182,0],[828183.4898,1580529.1379,0],[828144.3633,1580534.3768,0],[828110.6295,1580541.3054,0],[828087.904,1580545.4046,0],[828055.8276,1580549.2638,0],[828011.6959,1580551.2434,0],[827997.7686,1580546.9842,0],[827987.0738,1580538.1161,0],[827947.6669,1580493.3852,0],[827924.8589,1580470.9297,0],[827905.1348,1580449.3441,0],[827880.7931,1580425.299,0],[827861.5803,1580399.0544,0],[827796.2732,1580330.2184,0],[827769.7381,1580300.6444,0],[827751.9435,1580279.8986,0],[827737.538,1580263.9119,0],[827721.5164,1580250.2247,0],[827704.6536,1580238.867,0],[827688.467,1580231.4185,0],[827669.8479,1580227.0294,0],[827641.0699,1580223.95,0],[827585.7238,1580222.5203,0],[827556.55,1580219.4209,0],[827527.8215,1580214.7819,0],[827501.4595,1580208.6231,0],[827481.2654,1580204.9839,0],[827465.0129,1580199.8849,0],[827451.1021,1580194.8459,0],[827446.839,1580179.1191,0],[827442.947,1580148.5753,0],[827441.3556,1580089.2074,0],[827442.881,1580045.5363,0],[827441.3226,1580015.0525,0],[827435.7401,1579959.4938,0],[827433.4231,1579913.3732,0],[827429.6135,1579879.7101,0],[827428.6405,1579857.0447,0],[827424.7072,1579828.0606,0],[827421.0131,1579774.8914,0],[827414.6225,1579750.5264,0],[827405.1398,1579725.3015,0],[827391.8063,1579697.6371,0],[827371.2741,1579661.9844,0],[827358.6168,1579639.0191,0],[827345.1843,1579615.2439,0],[827323.0442,1579566.2839,0],[827305.1177,1579520.5432,0],[827291.6687,1579497.5679,0],[827276.686,1579473.7627,0],[827265.447,1579456.2963,0],[827248.8646,1579434.0108,0],[827224.2837,1579403.717,0],[827200.6923,1579381.2415,0],[827183.1205,1579366.7445,0],[827163.9159,1579355.3168,0],[827136.9602,1579342.1295,0],[827100.6867,1579327.1525,0],[827074.4897,1579314.7651,0],[827076.8975,1579296.8687,0],[827083.2056,1579264.2453,0],[827086.2565,1579236.221,0],[827085.9514,1579218.2547,0],[827078.7528,1579194.6595,0],[827071.0429,1579176.5032,0],[827056.7694,1579155.0676,0],[827038.579,1579134.3018,0],[827014.9629,1579112.6162,0],[826988.9885,1579091.6505,0],[826966.0898,1579072.3144,0],[826928.3898,1579037.0116,0],[826920.5975,1579030.9328,0],[826899.3315,1579014.3962,0],[826875.7484,1578991.1509,0],[826853.7072,1578968.7255,0],[826833.2328,1578946.3401,0],[826811.7606,1578916.906,0],[826789.0433,1578890.5614,0],[826767.736,1578869.7057,0],[826751.0877,1578849.7697,0],[826733.7137,1578828.2441,0],[826711.4004,1578801.1296,0],[826690.926,1578777.9543,0],[826673.486,1578758.7782,0],[826656.1368,1578736.4728,0],[826636.6106,1578707.0788,0],[826625.8498,1578685.7331,0],[826612.4421,1578661.1881,0],[826602.1018,1578638.2928,0],[826586.5171,1578607.439,0],[826571.6581,1578578.9548,0],[826560.9962,1578553.71,0],[826551.4888,1578529.2649,0],[826541.4124,1578496.2217,0],[826531.8142,1578475.6759,0],[826517.5654,1578453.4504,0],[826494.9388,1578408.3796,0],[826474.72,1578375.8462,0],[826460.5289,1578351.2912,0],[826440.2523,1578321.0973,0],[826422.4825,1578299.5617,0],[826405.6363,1578287.4142,0],[826381.7728,1578275.0867,0],[826357.9258,1578261.9894,0],[826347.198,1578254.6808,0],[826338.1935,1578241.1936,0],[826336.2558,1578225.5268,0],[826338.0946,1578214.639,0],[826346.2085,1578202.3615,0],[826375.4895,1578171.1178,0],[826412.1505,1578140.844,0],[826433.7381,1578120.3282,0],[826448.2508,1578101.9719,0],[826460.5371,1578078.8566,0],[826474.2829,1578045.6534,0],[826485.2334,1578013.9398,0],[826488.9193,1577992.1643,0],[826492.1434,1577957.9012,0],[826489.48,1577925.0579,0],[826485.3489,1577903.8722,0],[826475.1405,1577876.2879,0],[826463.2088,1577854.9122,0],[826452.8602,1577832.7767,0],[826447.5087,1577813.1307,0],[826444.9277,1577792.7649,0],[826440.0957,1577768.4498,0],[826431.3221,1577745.5945,0],[826419.3491,1577725.7585,0],[826401.1341,1577706.5524,0],[826371.7871,1577680.0378,0],[826347.3052,1577661.4616,0],[826325.0661,1577646.8346,0],[826300.4193,1577634.4871,0],[826270.3385,1577621.2198,0],[826244.1414,1577608.8323,0],[826215.619,1577595.605,0],[826185.9752,1577580.798,0],[826152.7857,1577567.4507,0],[826125.7229,1577558.1626,0],[826073.0484,1577543.5456,0],[826049.0777,1577535.8871,0],[826024.3484,1577526.669,0],[825999.2563,1577516.6511,0],[825976.0608,1577509.0326,0],[825952.7745,1577504.5335,0],[825914.5715,1577503.5437,0],[825887.9704,1577506.7631,0],[825863.604,1577514.7115,0],[825836.0051,1577525.7092,0],[825813.5682,1577533.7276,0],[825787.6515,1577540.8561,0],[825724.7274,1577561.082,0],[825703.5191,1577566.7909,0],[825678.4105,1577572.3797,0],[825658.8349,1577575.779,0],[825631.8957,1577576.6389,0],[825612.4026,1577576.139,0],[825592.9589,1577574.0794,0],[825583.9626,1577559.7923,0],[825565.3683,1577524.9694,0],[825550.8473,1577483.2279,0],[825545.9328,1577462.0222,0],[825543.3766,1577440.1066,0],[825545.8421,1577420.6606,0],[825553.2221,1577394.316,0],[825563.2491,1577373.0003,0],[825568.6501,1577345.2759,0],[825572.369,1577321.9607,0],[825578.339,1577287.0078,0],[825581.3817,1577259.7733,0],[825585.4139,1577224.7705,0],[825586.9641,1577194.3767,0],[825592.596,1577142.2373,0],[825593.2804,1577115.7327,0],[825593.9236,1577090.7877,0],[825593.8164,1577065.033,0],[825592.8682,1577026.0009,0],[825592.0106,1576998.6665,0],[825590.4439,1576968.9825,0],[825589.6523,1576939.2986,0],[825585.0593,1576920.4624,0],[825572.2206,1576904.5257,0],[825547.7964,1576884.3898,0],[825520.247,1576864.1739,0],[825488.1377,1576839.159,0],[825461.3799,1576818.9531,0],[825446.5044,1576806.0857,0],[825433.6244,1576791.7186,0],[825422.3771,1576774.2622,0],[825415.03,1576756.9057,0],[825410.9731,1576732.6107,0],[825409.9011,1576713.8645,0],[825408.3014,1576684.9504,0],[825406.8254,1576636.5302,0],[825403.7167,1576606.0264,0],[825401.9851,1576582.5712,0],[825401.1605,1576553.6871,0],[825403.0983,1576524.0731,0],[825404.7392,1576490.5799,0],[825403.0076,1576467.1147,0],[825399.6515,1576445.969,0],[825385.2295,1576430.7721,0],[825371.0467,1576421.8239,0],[825347.9089,1576411.8659,0],[825306.0365,1576402.9777,0],[825278.8664,1576398.3787,0],[825250.8635,1576396.0891,0],[825221.2609,1576394.5495,0],[825196.3255,1576393.9096,0],[825156.9516,1576394.4495,0],[825133.5746,1576393.8496,0],[825104.7719,1576391.5501,0],[825078.3357,1576389.3005,0],[825053.4745,1576385.5413,0],[825027.8464,1576381.7621,0],[824996.8173,1576375.5033,0],[824962.226,1576371.4842,0],[824928.6984,1576371.4042,0],[824895.9706,1576370.5543,0],[824859.3261,1576371.1742,0],[824831.1995,1576372.7839,0],[824805.5384,1576370.5643,0],[824767.8055,1576367.255,0],[824733.5852,1576364.0257,0],[824697.0644,1576359.1867,0],[824652.0173,1576352.568,0],[824621.7056,1576348.6588,0],[824594.8901,1576345.6294,0],[824559.9112,1576341.6102,0],[824540.9128,1576341.6802,0],[824540.8551,1576342.5101,0],[824539.7501,1576353.0679,0],[824505.1176,1576469.9641,0],[824408.4268,1576568.1241,0],[824246.5197,1576677.5819,0],[824050.4747,1576851.0965,0],[823962.1452,1576923.4718,0],[823854.537,1576932.9499,0],[823784.5298,1576904.7056,0],[823729.0352,1576891.2484,0],[823647.1952,1576857.5852,0],[823548.7151,1576826.6215,0],[823494.6224,1576817.1934,0],[823444.6855,1576815.8437,0],[823398.9129,1576817.1934,0],[823361.452,1576819.8829,0],[823315.6875,1576836.0396,0],[823276.8496,1576852.1963,0],[823231.0769,1576872.3922,0],[823182.5254,1576884.5097,0],[823127.0474,1576893.9378,0],[823036.8873,1576910.0945,0],[822981.4093,1576919.5126,0],[822937.0136,1576937.019,0],[822891.2492,1576963.9436,0],[822733.3908,1576992.5777,0],[822529.6937,1576971.542,0],[822510.217,1576960.9142,0],[822482.2223,1576948.5167,0],[822457.2869,1576937.8889,0],[822435.3777,1576930.2104,0],[822401.3059,1576920.1725,0],[822372.0991,1576910.1245,0],[822346.5452,1576903.046,0],[822319.7792,1576900.6764,0],[822303.3452,1576900.0866,0],[822267.9046,1576896.2473,0],[822229.5697,1576888.279,0],[822183.0219,1576881.6303,0],[822135.1053,1576876.3214,0],[822085.8199,1576868.343,0],[822042.0097,1576852.4063,0],[822017.3794,1576840.4387,0],[821820.9798,1576765.9739,0],[821683.8185,1576718.2636,0],[821558.5806,1576598.9878,0],[821379.6787,1576408.1567,0],[821278.2961,1576253.1083,0],[821105.356,1576145.7701,0],[820993.9711,1576096.0202,0],[820932.2427,1576096.0202,0],[820817.205,1576118.4657,0],[820328.985,1576272.7942,0],[820163.4414,1576323.294,0],[820028.7621,1576368.1948,0],[819840.7733,1576463.5854,0],[819728.5391,1576500.068,0],[819501.2672,1576525.3228,0],[819293.6286,1576519.704,0],[819090.2366,1576520.3439,0],[819070.7516,1576517.8244,0],[819027.8897,1576517.8244,0],[818996.704,1576521.6036,0],[818966.8375,1576530.1719,0],[818931.7679,1576544.029,0],[818888.906,1576562.9252,0],[818846.0441,1576584.3408,0],[818803.174,1576608.266,0],[818753.8309,1576632.2011,0],[818688.8783,1576656.1262,0],[818603.1545,1576690.1393,0],[818558.9898,1576705.2562,0],[818512.2276,1576715.3242,0],[818471.9714,1576720.3631,0],[818370.5063,1576755.396,0],[818283.5291,1576766.6237,0],[818210.5781,1576761.0049,0],[818132.0117,1576738.5594,0],[818064.6762,1576671.2231,0],[818007.1532,1576606.5463,0],[817985.1697,1576597.0183,0],[817910.3552,1576564.6048,0],[817649.4072,1576460.786,0],[817447.3758,1576410.2763,0],[817077.0054,1576387.8308,0],[816675.7709,1576376.6131,0],[816563.5367,1576379.4125,0],[816473.756,1576410.2763,0],[816372.7361,1576465.555,0],[816358.1327,1576483.7013,0],[816326.7161,1576526.7725,0],[816305.7881,1576556.5465,0],[816276.4659,1576594.4488,0],[816249.9555,1576626.9322,0],[816220.6415,1576658.0658,0],[816175.982,1576700.0173,0],[816145.2828,1576735.2101,0],[816120.1494,1576763.6343,0],[816097.8197,1576792.0586,0],[816062.9233,1576832.6603,0],[816016.862,1576877.3212,0],[816001.5082,1576897.6271,0],[815979.1785,1576934.1696,0],[815963.8329,1576982.8997,0],[815955.1006,1577020.792,0],[815949.5264,1577095.9767,0],[815941.8578,1577137.6782,0],[815929.588,1577173.4109,0],[815912.7087,1577209.1537,0],[815891.2283,1577244.8964,0],[815887.295,1577249.4355,0],[815866.6804,1577273.1906,0],[815832.1633,1577305.9539,0],[815776.9326,1577361.0527,0],[815721.702,1577417.6412,0],[815671.0725,1577472.74,0],[815631.1873,1577509.9724,0],[815587.4596,1577556.133,0],[815549.1082,1577591.8758,0],[815518.4172,1577623.1494,0],[815487.7426,1577657.3924,0],[815460.1191,1577699.0939,0],[815430.97,1577745.2545,0],[815412.5653,1577786.956,0],[815391.8517,1577837.5857,0],[815374.9725,1577894.1742,0],[815361.1689,1577935.8657,0],[815339.6885,1577983.526,0],[815314.3655,1578023.7278,0],[815283.691,1578060.9603,0],[815243.7976,1578101.1721,0],[815213.123,1578127.9766,0],[815170.1622,1578175.6269,0],[815125.6676,1578223.2772,0],[815101.1197,1578244.133,0],[815031.2857,1578440.433,0],[814981.8931,1578512.3284,0],[814925.0957,1578567.4572,0],[814870.7556,1578608.1989,0],[814813.9665,1578639.3525,0],[814727.5253,1578686.083,0],[814628.7483,1578724.4352,0],[814532.4368,1578762.7774,0],[814443.5301,1578796.3306,0],[814369.4412,1578834.6828,0],[814278.069,1578882.613,0],[814094.4753,1579013.4064,0],[814068.9957,1579028.9232,0],[813883.6291,1579202.8078,0],[813738.4362,1579347.9983,0],[813514.0668,1579625.1819,0],[813223.6812,1579955.1547,0],[812774.9176,1580377.5187,0],[812590.1282,1580456.7126,0],[812405.3388,1580509.5119,0],[812207.3561,1580628.3077,0],[811943.3737,1580615.1004,0],[811573.8114,1580641.505,0],[811309.829,1580681.0969,0],[810874.267,1580720.6989,0],[810517.8981,1580892.284,0],[810359.5119,1580905.4813,0],[810293.5122,1580799.8928,0],[810214.3191,1580694.2943,0],[810055.9329,1580456.7126,0],[809989.9414,1580232.3383,0],[809976.2038,1580122.3307,0],[809899.4845,1580139.8371,0],[809847.6264,1580156.6037,0],[809751.3149,1580192.5264,0],[809645.1167,1580226.0496,0],[809548.8052,1580254.7837,0],[809474.7163,1580278.7288,0],[809400.6191,1580278.7288,0],[809366.1433,1580269.0008,0],[809310.5828,1580240.2767,0],[809247.6258,1580193.5862,0],[809077.2666,1580071.481,0],[808947.6337,1579992.4771,0],[808934.2095,1579984.9986,0],[808773.5722,1579895.5069,0],[808677.2689,1579852.4056,0],[808606.8989,1579838.0485,0],[808543.9501,1579845.2271,0],[808466.1753,1579877.5505,0],[808366.1862,1579927.8303,0],[808269.883,1579963.743,0],[808151.3737,1579996.0664,0],[807988.4111,1580024.8005,0],[807795.8294,1580064.3025,0],[807651.387,1580089.4374,0],[807514.7946,1580121.2509,0],[807488.1357,1579995.2166,0],[807468.1396,1579891.7976,0],[807441.4725,1579842.2477,0],[807411.4824,1579796.9669,0],[807378.1527,1579764.6235,0],[807331.4894,1579745.2174,0],[807264.8465,1579725.8114,0],[807158.1948,1579703.176,0],[807041.5491,1579680.5306,0],[806934.8891,1579667.5932,0],[806802.4938,1579648.3972,0],[806738.0443,1579633.3102,0],[806642.4832,1579603.1364,0],[806544.704,1579562.1947,0],[806460.2583,1579516.9439,0],[806358.0345,1579456.6062,0],[806275.807,1579404.8867,0],[806202.4684,1579356.7465,0],[806155.797,1579315.7749,0],[806111.3519,1579272.6336,0],[806071.3513,1579210.0964,0],[806033.5771,1579145.3895,0],[806004.6836,1579087.1614,0],[805982.4611,1579031.0928,0],[805980.614,1579025.334,0],[805955.794,1578948.0597,0],[805940.2341,1578881.2033,0],[805933.5715,1578835.9125,0],[805940.2341,1578747.4905,0],[805949.1231,1578654.7494,0],[805982.4611,1578513.4882,0],[805995.7946,1578431.5348,0],[806015.7908,1578349.5815,0],[806044.6842,1578263.3191,0],[806084.6848,1578058.3008,0],[806122.1869,1577774.4286,0],[806167.1927,1577512.3919,0],[806197.1911,1577243.0767,0],[806206.9459,1577129.5399,0],[806227.1977,1576893.6879,0],[806234.6932,1576697.1579,0],[806257.1961,1576406.0071,0],[806290.9463,1576171.2649,0],[806302.1937,1575931.0738,0],[806302.1937,1575734.5438,0],[806257.1961,1575538.0138,0],[806212.1985,1575428.836,0],[806165.2714,1575371.9476,0],[806091.9164,1575310.5201,0],[806025.2323,1575271.718,0],[805951.8772,1575239.3846,0],[805898.5349,1575226.4572,0],[805845.1843,1575223.2279,0],[805791.8419,1575223.2279,0],[805735.1682,1575245.8533,0],[805645.1318,1575274.9574,0],[805558.4433,1575307.2908,0],[805458.4212,1575339.6142,0],[805405.0706,1575352.5516,0],[805393.8562,1575357.2106,0],[805358.3908,1575371.9476,0],[805315.0507,1575378.4163,0],[805285.044,1575375.187,0],[805255.0374,1575359.0202,0],[805231.6934,1575336.3848,0],[805208.3577,1575290.0443,0],[805190.5714,1575244.7835,0],[805166.1225,1575195.2036,0],[805163.088,1575183.426,0],[805162.7005,1575181.6363,0],[805150.5626,1575134.8559,0],[805141.6736,1575085.276,0],[805139.9419,1575045.764,0],[805138.9524,1575014.1504,0],[805134.0132,1574982.5369,0],[805124.1264,1574950.9233,0],[805111.2876,1574914.5207,0],[805101.4091,1574887.6962,0],[805079.673,1574830.8477,0],[805067.8155,1574802.0836,0],[805056.9475,1574772.3597,0],[805050.0375,1574748.3945,0],[805042.1297,1574727.2988,0],[805030.2804,1574703.3337,0],[805022.3727,1574687.037,0],[805009.5339,1574673.1299,0],[804988.7874,1574656.8332,0],[804963.1098,1574643.4159,0],[804931.487,1574629.9886,0],[804909.7427,1574618.491,0],[804892.9624,1574606.9833,0],[804875.1761,1574591.6464,0],[804855.4191,1574566.7115,0],[804807.9972,1574505.354,0],[804785.2799,1574475.1601,0],[804764.5334,1574447.3558,0],[804743.7868,1574420.5113,0],[804729.9503,1574402.295,0],[804716.1303,1574388.8677,0],[804699.3252,1574379.2797,0],[804686.4865,1574376.4102,0],[804668.7002,1574374.4906,0],[804659.8029,1574375.4504,0],[804647.9536,1574384.0787,0],[804630.1756,1574401.3352,0],[804616.3473,1574416.6721,0],[804599.5423,1574431.0591,0],[804579.7935,1574442.5568,0],[804554.1077,1574449.7553,0],[804536.3296,1574453.5845,0],[804519.5328,1574453.5845,0],[804505.6963,1574450.7051,0],[804491.868,1574442.0769,0],[804477.0503,1574426.74,0],[804464.2032,1574408.5237,0],[804446.4252,1574374.9705,0],[804432.5969,1574335.6585,0],[804412.8399,1574262.7934,0],[804401.9801,1574227.8005,0],[804382.2066,1574185.6191,0],[804365.418,1574153.9855,0],[804340.7135,1574121.3822,0],[804325.8957,1574101.2563,0],[804317.0067,1574081.1204,0],[804313.0569,1574059.5447,0],[804313.0569,1574033.66,0],[804317.0067,1574012.5743,0],[804326.8852,1573985.7198,0],[804342.6925,1573958.8852,0],[804369.3678,1573932.0407,0],[804393.0746,1573910.945,0],[804410.8526,1573889.3694,0],[804423.6996,1573861.575,0],[804431.6074,1573840.4793,0],[804436.5467,1573816.5142,0],[804439.5069,1573790.6195,0],[804440.4964,1573759.9457,0],[804440.4964,1573729.262,0],[804427.8968,1573686.4807,0],[804399.0033,1573632.5517,0],[804352.3236,1573580.7822,0],[804307.8703,1573531.1723,0],[804276.7505,1573485.8715,0],[804245.6224,1573429.7829,0],[804212.2844,1573369.3852,0],[804174.5102,1573317.6158,0],[804132.2668,1573276.6241,0],[804098.9288,1573241.0314,0],[804063.3645,1573210.8375,0],[804034.4628,1573197.8901,0],[804005.5694,1573195.7306,0],[803978.8941,1573195.7306,0],[803945.5561,1573208.6779,0],[803903.3127,1573232.4031,0],[803854.4148,1573256.1383,0],[803818.8505,1573264.7665,0],[803794.4098,1573264.7665,0],[803765.5081,1573262.607,0],[803736.6064,1573251.8192,0],[803705.4949,1573223.7749,0],[803678.8195,1573202.2093,0],[803652.1442,1573178.4741,0],[803629.9134,1573152.5894,0],[803625.4689,1573143.9611,0],[803605.514,1573133.0433,0],[803569.9497,1573126.5746,0],[803521.0271,1573120.106,0],[803469.8946,1573107.1686,0],[803432.0956,1573098.5504,0],[803385.4077,1573087.7625,0],[803352.0697,1573085.613,0],[803314.2625,1573087.7625,0],[803272.0191,1573087.7625,0],[803240.8992,1573085.613,0],[803205.3267,1573074.8352,0],[803163.0832,1573066.2069,0],[803118.6134,1573055.4291,0],[802951.1403,1573055.4291,0],[802933.3457,1573061.178,0],[802897.7732,1573076.9847,0],[802872.5739,1573094.2312,0],[802842.9301,1573127.2945,0],[802808.85,1573174.7248,0],[802777.7137,1573222.1552,0],[802748.0699,1573263.8367,0],[802706.5685,1573301.1991,0],[802654.6939,1573342.8806,0],[802614.6686,1573377.3736,0],[802582.0645,1573407.1275,0],[802552.4125,1573431.5726,0],[802522.7769,1573458.907,0],[802484.2358,1573490.5506,0],[802430.877,1573542.33,0],[802402.7174,1573565.3453,0],[802368.6291,1573592.6798,0],[802337.4928,1573615.6951,0],[802307.849,1573640.1501,0],[802276.7292,1573672.5135,0],[802245.6011,1573708.4762,0],[802217.4415,1573744.4289,0],[802196.6868,1573768.8839,0],[802156.6697,1573804.8466,0],[802127.0259,1573829.3016,0],[802091.4615,1573855.1863,0],[802067.7382,1573863.8246,0],[802049.952,1573863.8246,0],[802033.6499,1573856.626,0],[802014.3794,1573840.8093,0],[801990.6643,1573824.9825,0],[801968.4418,1573817.794,0],[801940.2822,1573820.6734,0],[801901.7247,1573832.171,0],[801861.7158,1573853.0368,0],[801833.548,1573877.4818,0],[801797.9754,1573912.0048,0],[801766.8556,1573937.8995,0],[801732.7591,1573956.5957,0],[801703.1317,1573972.4225,0],[801669.0269,1573992.5584,0],[801646.7961,1574009.8149,0],[801616.8142,1574038.699,0],[801591.6149,1574060.2646,0],[801570.8602,1574073.202,0],[801556.0341,1574078.9508,0],[801539.7321,1574083.2599,0],[801513.0403,1574086.1393,0],[801489.3252,1574086.1393,0],[801462.6417,1574076.0714,0],[801425.5766,1574053.0761,0],[801385.5348,1574021.4425,0],[801336.6205,1573989.8189,0],[801301.0479,1573973.5323,0],[801256.5698,1573964.904,0],[801206.1547,1573956.2658,0],[801155.7561,1573956.2658,0],[801109.802,1573962.0246,0],[801063.8397,1573969.2231,0],[801023.8144,1573977.8514,0],[800985.2815,1573992.2384,0],[800951.1685,1574006.6255,0],[800912.6274,1574032.5202,0],[800896.3171,1574053.386,0],[800874.0781,1574102.296,0],[800857.776,1574159.8543,0],[800838.4972,1574220.272,0],[800816.2582,1574262.0035,0],[800786.6144,1574299.4059,0],[800740.6521,1574340.4076,0],[800699.1342,1574377.82,0],[800641.3144,1574412.3429,0],[800586.4713,1574442.5568,0],[800531.6199,1574459.8233,0],[800482.6973,1574467.0218,0],[800447.1165,1574469.8912,0],[800405.6069,1574468.4615,0],[800384.8521,1574459.8233,0],[800343.3343,1574428.8896,0],[800309.246,1574384.2886,0],[800270.6967,1574331.0595,0],[800245.4974,1574279.27,0],[800226.2268,1574231.7897,0],[800199.535,1574165.6032,0],[800163.9542,1574084.3197,0],[800144.6919,1574029.6508,0],[800125.4214,1573972.1025,0],[800113.5556,1573926.0619,0],[800097.2453,1573865.6342,0],[800067.6015,1573792.979,0],[800043.8782,1573738.3101,0],[800024.5994,1573698.0183,0],[800006.8214,1573680.7618,0],[799981.6221,1573666.3748,0],[799957.8906,1573662.0557,0],[799905.9995,1573662.0557,0],[799886.7289,1573651.9877,0],[799877.8317,1573634.7212,0],[799874.8714,1573608.8265,0],[799874.8714,1573520.3445,0],[799868.9344,1573485.8115,0],[799858.5611,1573457.0374,0],[799845.2193,1573434.0221,0],[799820.02,1573408.1173,0],[799796.2967,1573392.2906,0],[799775.542,1573387.9814,0],[799748.8584,1573387.9814,0],[799722.1666,1573400.9288,0],[799695.4748,1573432.5824,0],[799652.4892,1573487.2512,0],[799609.5119,1573536.1713,0],[799562.057,1573585.0813,0],[799513.1344,1573623.9334,0],[799452.3543,1573665.6549,0],[799407.8762,1573689.3901,0],[799366.3667,1573702.3375,0],[799327.8256,1573708.0963,0],[799295.205,1573708.0963,0],[799268.5215,1573700.8977,0],[799244.8064,1573687.9504,0],[799231.4647,1573666.3748,0],[799221.0914,1573636.1609,0],[799210.7016,1573601.628,0],[799194.3996,1573555.5873,0],[799181.0578,1573516.7452,0],[799167.716,1573487.9711,0],[799149.9215,1573463.5161,0],[799121.7619,1573441.9305,0],[799083.1961,1573407.4075,0],[799043.9129,1573371.1949,0],[799014.2609,1573335.2522,0],[798977.1876,1573292.111,0],[798941.5985,1573270.5453,0],[798904.5334,1573248.9797,0],[798849.6738,1573227.2442,0],[798795.7377,1573222.885,0],[798731.3212,1573222.885,0],[798644.1461,1573212.8971,0],[798598.1838,1573195.6406,0],[798532.0604,1573160.4178,0],[798472.1296,1573121.1957,0],[798397.3975,1573073.0455,0],[798344.0222,1573058.6585,0],[798303.9803,1573052.8996,0],[798275.796,1573047.1408,0],[798243.1837,1573039.9523,0],[798226.8734,1573029.8743,0],[798209.0789,1573015.4873,0],[798185.3639,1572988.1428,0],[798174.9659,1572965.1175,0],[798169.0536,1572924.8257,0],[798167.5611,1572869.417,0],[798170.5296,1572817.6175,0],[798174.6772,1572781.135,0],[798187.8459,1572727.3159,0],[798196.9658,1572681.6052,0],[798212.1793,1572634.4148,0],[798219.782,1572584.285,0],[798224.3502,1572541.5237,0],[798228.9102,1572503.1915,0],[798231.9529,1572444.2035,0],[798231.186,1572274.5881,0],[798231.9611,1572182.6868,0],[798231.9611,1572142.8649,0],[798227.4012,1572094.1948,0],[798218.273,1572048.4741,0],[798204.5932,1572008.6522,0],[798186.3369,1571973.2594,0],[798155.918,1571940.816,0],[798110.2937,1571903.9435,0],[798063.144,1571877.3989,0],[798014.4687,1571860.6823,0],[797971.8872,1571853.3038,0],[797918.652,1571844.4456,0],[797874.5533,1571842.9759,0],[797816.7499,1571842.9759,0],[797748.3094,1571851.8341,0],[797717.9729,1571862.142,0],[797675.3831,1571884.2675,0],[797629.7424,1571907.8727,0],[797568.8881,1571927.0488,0],[797504.9993,1571941.7958,0],[797439.5932,1571956.5528,0],[797361.9998,1571975.7289,0],[797281.372,1572002.2835,0],[797225.0858,1572027.3584,0],[797150.5516,1572060.7716,0],[797080.5692,1572097.6841,0],[797019.7231,1572131.6372,0],[797005.4165,1572138.7257,0],[796951.2661,1572165.5903,0],[796875.2064,1572202.5027,0],[796850.304,1572211.041,0],[796822.9113,1572231.3869,0],[796791.6678,1572259.8811,0],[796741.4093,1572303.3122,0],[796666.6937,1572345.3737,0],[796589.2735,1572380.6565,0],[796551.2272,1572395.5834,0],[796471.0858,1572417.299,0],[796384.1416,1572437.6549,0],[796295.8534,1572455.2913,0],[796234.7187,1572464.1095,0],[796169.5188,1572466.8289,0],[796090.7215,1572468.1787,0],[796009.2113,1572468.1787,0],[795941.2986,1572466.8289,0],[795873.3775,1572468.1787,0],[795810.8905,1572477.6767,0],[795775.5653,1572489.2144,0],[795713.0783,1572517.7086,0],[795647.8784,1572548.9222,0],[795601.6935,1572574.707,0],[795536.4853,1572601.1716,0],[795446.8283,1572647.3022,0],[795374.8338,1572694.8025,0],[795321.8625,1572734.1545,0],[795256.6544,1572788.4335,0],[795210.4694,1572818.2874,0],[795177.8653,1572831.8546,0],[795133.0409,1572844.742,0],[795071.9145,1572869.167,0],[795017.5744,1572900.3807,0],[794963.2342,1572939.7327,0],[794906.1812,1572986.5532,0],[794851.8494,1573024.5454,0],[794800.2304,1573050.3302,0],[794747.2508,1573070.686,0],[794713.278,1573077.4646,0],[794645.3734,1573082.8935,0],[794567.945,1573093.0715,0],[794486.4348,1573106.6487,0],[794441.6104,1573116.1568,0],[794400.8594,1573129.724,0],[794351.9533,1573148.7201,0],[794294.9003,1573178.5741,0],[794231.0527,1573205.0387,0],[794188.9412,1573218.6059,0],[794115.5779,1573234.8926,0],[794055.8203,1573240.3215,0],[793986.5387,1573237.6021,0],[793884.6613,1573234.2127,0],[793830.3212,1573226.0644,0],[793755.6056,1573207.0683,0],[793713.5023,1573189.4319,0],[793646.9336,1573152.7893,0],[793599.3881,1573129.724,0],[793553.2031,1573116.8366,0],[793471.7012,1573108.6883,0],[793380.6836,1573097.8305,0],[793255.7095,1573073.4055,0],[793129.3832,1573053.0496,0],[793041.0949,1573054.4093,0],[792937.8405,1573066.6269,0],[792876.714,1573082.9135,0],[792785.7047,1573116.8366,0],[792696.0476,1573164.327,0],[792586.0068,1573232.1732,0],[792492.2763,1573294.6004,0],[792433.8627,1573340.7311,0],[792383.6043,1573363.1265,0],[792310.2493,1573387.5515,0],[792230.0997,1573407.9074,0],[792173.0467,1573415.3659,0],[792129.5828,1573414.0161,0],[792075.2427,1573407.2275,0],[791984.2333,1573381.4428,0],[791841.5967,1573338.7015,0],[791753.3002,1573304.7784,0],[791651.4146,1573273.5647,0],[791548.1766,1573249.1397,0],[791451.7332,1573240.3215,0],[791366.1496,1573243.0309,0],[791302.3103,1573255.2485,0],[791227.5947,1573282.3829,0],[791099.8995,1573331.9129,0],[790991.2193,1573398.4093,0],[790908.365,1573454.048,0],[790836.3706,1573505.6075,0],[790775.2441,1573553.7777,0],[790673.3667,1573651.4878,0],[790601.364,1573712.5454,0],[790519.8621,1573766.8343,0],[790454.654,1573804.1467,0],[790384.02,1573835.3604,0],[790318.8119,1573852.9968,0],[790261.7672,1573863.8546,0],[790199.2719,1573861.1351,0],[790142.2272,1573846.2082,0],[790113.9274,1573827.6719,0],[790113.1111,1573825.1125,0],[790105.5414,1573801.4373,0],[790101.4597,1573750.5476,0],[790106.902,1573662.3456,0],[790109.6231,1573613.4955,0],[790109.6231,1573583.6416,0],[790104.1973,1573524.6136,0],[790077.0273,1573432.3324,0],[790036.2598,1573295.9602,0],[790019.966,1573205.0387,0],[789998.23,1573120.9058,0],[789972.4205,1573063.2375,0],[789946.611,1573019.8164,0],[789904.4995,1572941.1124,0],[789842.0125,1572811.5188,0],[789802.6138,1572745.0223,0],[789764.584,1572673.107,0],[789733.3405,1572580.1559,0],[789715.6696,1572519.0883,0],[789700.7364,1572459.3805,0],[789677.6316,1572328.4371,0],[789661.3378,1572242.9445,0],[789655.9038,1572204.9522,0],[789640.954,1572165.6003,0],[789615.1445,1572147.9538,0],[789558.0915,1572135.7463,0],[789501.0386,1572130.3174,0],[789461.6482,1572119.4596,0],[789438.5515,1572103.173,0],[789419.5366,1572068.57,0],[789410.0292,1572012.9313,0],[789380.1462,1571957.3027,0],[789339.387,1571900.3043,0],[789306.7912,1571858.2428,0],[789263.3191,1571815.4915,0],[789194.0375,1571730.0089,0],[789138.3451,1571633.6585,0],[789103.0281,1571556.9941,0],[789078.5792,1571470.1418,0],[789070.4241,1571410.434,0],[789070.4241,1571310.6843,0],[789075.8581,1571236.0595,0],[789098.9547,1571134.2802,0],[789126.1165,1571038.6096,0],[789145.1314,1570968.054,0],[789164.1546,1570855.4269,0],[789175.0226,1570752.9678,0],[789175.0226,1570667.4852,0],[789165.5151,1570580.6329,0],[789147.8525,1570482.2529,0],[789094.873,1570326.1947,0],[789055.4826,1570244.7812,0],[789013.3711,1570145.0415,0],[788984.8487,1570088.0531,0],[788954.9575,1570051.4106,0],[788907.412,1569998.4914,0],[788849.0067,1569938.1037,0],[788787.872,1569862.1091,0],[788699.5755,1569746.7726,0],[788658.8245,1569693.1735,0],[788615.3524,1569600.8923,0],[788555.5865,1569504.5519,0],[788524.343,1569445.5239,0],[788502.607,1569388.5255,0],[788468.6588,1569307.1121,0],[788442.8411,1569247.4042,0],[788422.4656,1569169.3701,0],[788387.1487,1569087.9567,0],[788313.7854,1568946.1556,0],[788273.0344,1568878.2994,0],[788222.776,1568813.1626,0],[788150.7815,1568749.3856,0],[788081.4917,1568705.2846,0],[788001.3586,1568670.0018,0],[787918.4879,1568642.8673,0],[787835.6254,1568607.5845,0],[787767.7044,1568564.8432,0],[787706.5779,1568515.9931,0],[787660.3929,1568476.6411,0],[787587.0297,1568423.7119,0],[787519.1086,1568366.7235,0],[787445.7536,1568306.3358,0],[787385.9795,1568252.0568,0],[787339.7945,1568195.0684,0],[787282.7333,1568123.1431,0],[787239.2777,1568058.6862,0],[787205.313,1568000.3381,0],[787155.0546,1567920.2744,0],[787103.3202,1567853.6379,0],[787056.4756,1567794.36,0],[787023.9787,1567752.3686,0],[786996.2149,1567724.8042,0],[786956.305,1567676.314,0],[786940.7204,1567635.3224,0],[786929.003,1567604.0887,0],[786929.003,1567467.4366,0],[786923.165,1567401.0701,0],[786925.1028,1567356.1692,0],[786925.1028,1567317.1271,0],[786936.8036,1567254.6599,0],[786944.6207,1567211.7186,0],[786956.305,1567170.7169,0],[786983.5988,1567110.2093,0],[787007.0005,1567057.5,0],[787024.5394,1567016.5083,0],[787059.6337,1566963.7991,0],[787096.674,1566922.8074,0],[787137.6147,1566870.0981,0],[787166.8544,1566817.3789,0],[787188.2936,1566786.1452,0],[787203.8948,1566747.1032,0],[787217.5334,1566713.9199,0],[787225.3504,1566676.8275,0],[787231.1885,1566624.1182,0],[787231.1885,1566469.8996,0],[787229.2507,1566405.4827,0],[787223.3879,1566344.965,0],[787215.5956,1566282.4977,0],[787213.6331,1566239.5565,0],[787213.6331,1566180.9884,0],[787209.7328,1566106.4036,0],[787207.795,1566051.8147,0],[787211.6953,1565981.629,0],[787211.6953,1565927.0501,0],[787217.5334,1565868.562,0],[787223.5446,1565813.5632,0],[787231.3369,1565772.5815,0],[787244.9838,1565727.7007,0],[787256.6764,1565675.0114,0],[787272.2528,1565598.9069,0],[787287.8539,1565546.2176,0],[787309.2931,1565497.4275,0],[787358.0178,1565401.807,0],[787381.403,1565343.2589,0],[787406.7343,1565298.3781,0],[787439.8661,1565249.588,0],[787478.8442,1565198.8583,0],[787513.9303,1565159.8263,0],[787541.2075,1565118.8446,0],[787582.1399,1565066.1553,0],[787632.8106,1565015.4157,0],[787671.7805,1564952.9684,0],[787691.2736,1564919.7951,0],[787704.9205,1564876.8639,0],[787716.6049,1564812.467,0],[787722.4429,1564750.0197,0],[787728.2975,1564677.8144,0],[787733.5253,1564623.5454,0],[787732.9234,1564609.5683,0],[787728.2975,1564550.9702,0],[787714.6588,1564511.9381,0],[787702.9662,1564465.1077,0],[787693.2196,1564416.3176,0],[787679.5728,1564367.5375,0],[787650.3495,1564305.0902,0],[787615.2634,1564248.4918,0],[787591.8782,1564223.1269,0],[787564.601,1564186.0545,0],[787510.03,1564143.1132,0],[787457.405,1564102.1415,0],[787430.1195,1564063.1095,0],[787400.888,1564008.4706,0],[787369.7104,1563951.8721,0],[787344.371,1563895.2837,0],[787328.7781,1563846.4936,0],[787309.2931,1563785.9959,0],[787285.9079,1563704.0426,0],[787266.4147,1563639.6457,0],[787252.7761,1563575.2388,0],[787250.8136,1563524.5091,0],[787250.8136,1563465.961,0],[787248.8758,1563426.929,0],[787248.8758,1563378.1489,0],[787250.8136,1563327.4092,0],[787252.7761,1563282.5284,0],[787252.7761,1563233.7383,0],[787248.8758,1563184.9482,0],[787250.8136,1563134.2186,0],[787254.7304,1563069.8117,0],[787252.7761,1563022.9812,0],[787254.7304,1562980.0499,0],[787254.7304,1562944.9271,0],[787252.7761,1562890.2682,0],[787252.7761,1562845.3874,0],[787244.9838,1562784.8897,0],[787241.0835,1562747.8172,0],[787231.3369,1562691.2187,0],[787223.5446,1562636.5799,0],[787207.9435,1562587.7998,0],[787184.5665,1562527.3021,0],[787165.0733,1562490.2196,0],[787128.0495,1562427.7724,0],[787094.9177,1562371.1839,0],[787061.7859,1562308.7366,0],[787038.4007,1562242.3901,0],[787028.6541,1562205.3076,0],[787016.9532,1562152.6184,0],[787009.1609,1562094.0803,0],[786999.4308,1562037.4818,0],[786997.4683,1561984.7925,0],[787001.3686,1561930.1536,0],[786995.5305,1561881.3736,0],[786995.5305,1561826.7247,0],[787003.3146,1561783.7934,0],[787003.3146,1561735.0134,0],[787001.3686,1561672.5661,0],[786993.5763,1561617.9272,0],[786991.6302,1561563.2783,0],[786977.9834,1561498.8814,0],[786972.1371,1561438.3837,0],[786970.1828,1561385.7045,0],[786964.3365,1561321.2976,0],[786964.3365,1561249.1023,0],[786966.2908,1561188.6046,0],[786968.2368,1561143.7137,0],[786970.1828,1561081.2764,0],[786976.0291,1561014.9199,0],[786976.0291,1560968.0895,0],[786977.9834,1560923.2086,0],[786977.9834,1560837.3361,0],[786966.2908,1560796.3644,0],[786940.943,1560763.1812,0],[786909.7737,1560731.9575,0],[786861.049,1560698.7843,0],[786814.2786,1560671.4698,0],[786779.1925,1560651.9538,0],[786728.5053,1560638.2966,0],[786640.819,1560638.2966,0],[786590.1483,1560640.2462,0],[786558.9625,1560640.2462,0],[786498.5452,1560628.5386,0],[786426.4353,1560624.6294,0],[786373.8186,1560618.7806,0],[786307.555,1560603.1638,0],[786260.7846,1560591.4561,0],[786214.0224,1560568.0409,0],[786163.3352,1560530.9585,0],[786122.4193,1560489.9768,0],[786095.142,1560443.1463,0],[786075.6406,1560400.2151,0],[786063.948,1560351.425,0],[786054.2097,1560304.5945,0],[786038.6168,1560251.9053,0],[786032.7705,1560193.3572,0],[786032.7705,1560152.3855,0],[786044.4548,1560091.8878,0],[786062.002,1560029.4405,0],[786081.4869,1559986.5093,0],[786112.6727,1559941.6284,0],[786145.8128,1559902.5964,0],[786182.8283,1559865.5139,0],[786229.607,1559814.7742,0],[786266.6309,1559765.9942,0],[786299.7627,1559734.7705,0],[786336.7948,1559701.5973,0],[786389.4115,1559650.8576,0],[786422.535,1559611.8255,0],[786455.6751,1559576.7027,0],[786486.8526,1559541.5798,0],[786529.731,1559498.6486,0],[786570.6551,1559453.7577,0],[786603.7869,1559410.8265,0],[786636.9187,1559375.7036,0],[786668.1045,1559332.7723,0],[786705.1284,1559285.9319,0],[786730.4679,1559250.809,0],[786771.392,1559190.3113,0],[786796.7315,1559149.3297,0],[786822.0627,1559106.3984,0],[786845.4479,1559063.4672,0],[786894.1726,1558997.1207,0],[786925.3584,1558936.623,0],[786946.7893,1558887.8429,0],[786962.3822,1558837.1032,0],[786974.0748,1558798.0612,0],[786979.9211,1558755.1299,0],[786979.9211,1558714.1483,0],[786976.0291,1558665.3582,0],[786962.3822,1558622.4269,0],[786942.8973,1558579.4957,0],[786927.3126,1558552.1812,0],[786900.0189,1558505.3408,0],[786861.0408,1558464.3591,0],[786825.9547,1558425.337,0],[786786.9849,1558382.4058,0],[786746.0607,1558345.3233,0],[786714.875,1558317.9989,0],[786673.9508,1558277.0272,0],[786640.819,1558241.8944,0],[786592.1026,1558195.0639,0],[786572.6094,1558167.7395,0],[786533.6313,1558124.8082,0],[786496.5992,1558077.9777,0],[786451.7748,1558038.9457,0],[786403.0584,1557982.3572,0],[786369.9266,1557943.3252,0],[786344.5871,1557908.2023,0],[786321.2019,1557863.3114,0],[786305.609,1557830.1382,0],[786274.4314,1557767.6909,0],[786262.7388,1557720.8604,0],[786247.1459,1557666.2216,0],[786247.1459,1557615.4819,0],[786249.092,1557556.9338,0],[786256.8925,1557504.2445,0],[786254.9383,1557453.5049,0],[786264.6848,1557371.5515,0],[786274.4314,1557332.5195,0],[786276.3775,1557281.7798,0],[786282.232,1557232.9997,0],[786284.178,1557172.5021,0],[786286.1323,1557117.8632,0],[786280.2777,1557084.6799,0],[786280.2777,1557043.7083,0],[786278.3317,1557000.777,0],[786270.5311,1556942.2289,0],[786262.7388,1556891.4893,0],[786260.7846,1556846.6084,0],[786247.1459,1556799.7679,0],[786208.1678,1556733.4214,0],[786178.9363,1556694.3894,0],[786149.7048,1556657.3169,0],[786116.5647,1556620.2345,0],[786079.5409,1556592.92,0],[786038.6168,1556561.6964,0],[785984.0458,1556534.3719,0],[785935.3293,1556510.9567,0],[785909.9899,1556501.1987,0],[785865.1654,1556481.6827,0],[785830.0876,1556473.8843,0],[785779.4169,1556454.3682,0],[785732.6465,1556436.8018,0],[785674.1752,1556423.1446,0],[785605.9656,1556401.679,0],[785549.4486,1556384.1125,0],[785500.7321,1556368.5057,0],[785444.2068,1556333.3729,0],[785407.1748,1556306.0584,0],[785377.935,1556282.6332,0],[785335.0648,1556253.3691,0],[785296.095,1556216.2867,0],[785239.578,1556153.8394,0],[785206.4462,1556116.7669,0],[785169.4223,1556077.7349,0],[785120.6976,1556023.096,0],[785091.4579,1555989.9228,0],[785052.4798,1555945.0319,0],[785021.3022,1555906.0098,0],[784986.2327,1555859.1694,0],[784955.0304,1555820.1473,0],[784925.7989,1555788.9137,0],[784896.5673,1555749.8916,0],[784865.3816,1555701.1016,0],[784824.4574,1555632.8055,0],[784785.4793,1555570.3582,0],[784758.1938,1555527.4269,0],[784717.2697,1555474.7376,0],[784678.2916,1555431.8064,0],[784639.3135,1555383.0163,0],[784594.4891,1555332.2766,0],[784549.6564,1555291.295,0],[784506.7863,1555263.9805,0],[784421.0377,1555238.6057,0],[784360.6204,1555232.7569,0],[784282.6725,1555234.7065,0],[784239.7941,1555242.5149,0],[784187.1774,1555256.1721,0],[784132.6064,1555273.7385,0],[784083.8817,1555293.2546,0],[784021.5183,1555316.6698,0],[783955.2465,1555342.0346,0],[783896.7917,1555363.5003,0],[783850.013,1555379.1171,0],[783795.4503,1555398.6231,0],[783744.7796,1555418.1392,0],[783703.8472,1555435.7056,0],[783649.2844,1555461.0704,0],[783606.4143,1555488.3948,0],[783557.6814,1555513.7597,0],[783510.9109,1555550.8421,0],[783462.1945,1555585.965,0],[783434.909,1555609.3902,0],[783403.7232,1555652.3215,0],[783364.7368,1555693.2931,0],[783321.8667,1555740.1336,0],[783280.9426,1555775.2565,0],[783228.3341,1555829.8953,0],[783187.4017,1555861.119,0],[783144.5233,1555898.2014,0],[783099.6989,1555927.4755,0],[783062.6668,1555950.8907,0],[783023.6887,1555966.4975,0],[782980.8186,1555984.064,0],[782934.0399,1556005.5296,0],[782875.5769,1556044.5616,0],[782832.6985,1556077.7349,0],[782789.8283,1556114.8073,0],[782741.1036,1556155.789,0],[782709.9344,1556185.063,0],[782670.948,1556216.2867,0],[782647.0763,1556240.8817,0],[782602.5075,1556273.875,0],[782534.6689,1556304.9186,0],[782486.2163,1556324.3247,0],[782424.1911,1556324.3247,0],[782358.2986,1556291.3414,0],[782315.6593,1556252.5293,0],[782288.5222,1556204.0092,0],[782271.0823,1556141.9018,0],[782265.269,1556068.1568,0],[782257.5179,1556007.9991,0],[782255.5801,1555961.4186,0],[782251.6963,1555893.4924,0],[782259.4639,1555850.8011,0],[782265.269,1555790.6433,0],[782261.3934,1555742.1232,0],[782261.3934,1555633.4453,0],[782259.4639,1555563.5795,0],[782255.5801,1555507.301,0],[782240.0697,1555421.9084,0],[782197.4304,1555346.2138,0],[782168.3638,1555270.5292,0],[782145.1023,1555222.0091,0],[782131.5378,1555190.9654,0],[782098.5875,1555121.0996,0],[782065.6371,1555064.8211,0],[782026.8816,1555008.5425,0],[781978.429,1554967.7808,0],[781939.6488,1554928.9687,0],[781891.2045,1554894.0358,0],[781827.2415,1554868.811,0],[781771.046,1554853.2841,0],[781710.9586,1554831.9385,0],[781615.9912,1554802.8244,0],[781561.7088,1554775.6499,0],[781484.2061,1554738.7774,0],[781418.2888,1554699.9653,0],[781348.529,1554663.0928,0],[781282.6282,1554626.2203,0],[781241.9184,1554585.4686,0],[781177.9719,1554525.3009,0],[781139.2082,1554488.4284,0],[781106.2661,1554453.4955,0],[781053.9297,1554408.8646,0],[781007.4149,1554358.4049,0],[780972.5185,1554307.9451,0],[780945.3896,1554257.4854,0],[780937.6385,1554214.7941,0],[780931.8252,1554119.6934,0],[780931.8252,1554038.19,0],[780922.1281,1553964.445,0],[780920.1986,1553894.5793,0],[780908.5719,1553836.3511,0],[780898.8748,1553782.0122,0],[780891.1237,1553683.0423,0],[780883.3726,1553634.5222,0],[780879.4889,1553564.6564,0],[780885.3104,1553483.153,0],[780894.9993,1553421.0457,0],[780906.6342,1553362.8275,0],[780916.323,1553289.0825,0],[780933.763,1553230.8544,0],[780945.3896,1553168.757,0],[780960.9001,1553110.5389,0],[780970.5889,1553054.2503,0],[780976.4023,1553007.6798,0],[780980.2861,1552933.9348,0],[780986.0911,1552875.6967,0],[780984.1534,1552825.2469,0],[780978.34,1552765.0792,0],[780974.4645,1552701.0422,0],[780964.7756,1552640.8745,0],[780962.8461,1552598.1831,0],[780953.149,1552553.5422,0],[780937.6385,1552516.6697,0],[780898.8748,1552456.512,0],[780869.8082,1552409.9315,0],[780852.36,1552382.767,0],[780811.6585,1552336.1865,0],[780769.0193,1552293.4952,0],[780724.4422,1552250.7939,0],[780677.9357,1552215.861,0],[780615.9104,1552163.4616,0],[780567.4661,1552118.8307,0],[780511.2542,1552076.1294,0],[780470.5527,1552039.2569,0],[780425.9757,1552004.324,0],[780393.0253,1551971.3307,0],[780338.7594,1551930.579,0],[780278.6801,1551885.9481,0],[780232.1488,1551845.1864,0],[780168.2023,1551804.4347,0],[780119.7497,1551769.5018,0],[780071.3054,1551738.4481,0],[780017.0313,1551709.3441,0],[779966.6409,1551672.4716,0],[779912.3585,1551618.1326,0],[779877.4786,1551587.079,0],[779852.2958,1551561.8441,0],[779790.2705,1551507.5051,0],[779747.6313,1551458.995,0],[779691.4111,1551398.8273,0],[779648.7719,1551381.3608,0],[779615.838,1551379.4212,0],[779588.6926,1551389.1292,0],[779557.68,1551422.1225,0],[779507.2979,1551445.4078,0],[779454.9615,1551474.5119,0],[779420.0734,1551517.2132,0],[779381.3179,1551598.7266,0],[779332.8571,1551649.1763,0],[779276.6534,1551689.938,0],[779241.7652,1551703.5153,0],[779197.1799,1551701.5756,0],[779152.6112,1551693.8172,0],[779121.6068,1551674.4112,0],[779086.7104,1551645.2971,0],[779059.5815,1551600.6662,0],[779038.266,1551538.5588,0],[779026.6311,1551490.0387,0],[779015.0045,1551429.8809,0],[778997.5645,1551383.3004,0],[778964.6142,1551344.4883,0],[778925.8504,1551319.2635,0],[778854.1446,1551292.089,0],[778794.0571,1551280.4514,0],[778724.2973,1551272.6829,0],[778637.0727,1551270.7433,0],[778501.4038,1551270.7433,0],[778418.0631,1551280.4514,0],[778359.9217,1551284.3306,0],[778305.6475,1551286.2702,0],[778241.6927,1551290.1494,0],[778179.6757,1551286.2702,0],[778133.1609,1551276.5622,0],[778090.5217,1551266.8641,0],[778044.0069,1551251.3373,0],[777999.4298,1551235.8105,0],[777918.0269,1551226.1124,0],[777867.6365,1551233.8708,0],[777834.6861,1551253.2769,0],[777803.6735,1551284.3306,0],[777776.5447,1551294.0286,0],[777747.4698,1551292.089,0],[777730.0299,1551278.5018,0],[777689.3201,1551253.2769,0],[777648.6269,1551224.1628,0],[777615.6765,1551216.4044,0],[777590.4772,1551224.1628,0],[777532.3357,1551297.9078,0],[777514.8958,1551338.6695,0],[777493.572,1551394.9481,0],[777474.1943,1551441.5286,0],[777433.4928,1551478.4011,0],[777379.2269,1551513.334,0],[777334.6499,1551542.438,0],[777272.6246,1551571.5521,0],[777206.7321,1551589.0186,0],[777152.4579,1551606.485,0],[777094.3165,1551627.8307,0],[777032.3077,1551641.4179,0],[776912.1328,1551656.9547,0],[776846.2403,1551662.7735,0],[776791.9661,1551662.7735,0],[776741.5758,1551664.7131,0],[776675.6832,1551664.7131,0],[776638.8573,1551662.7735,0],[776592.3425,1551656.9547,0],[776522.5661,1551645.3071,0],[776464.4247,1551627.8407,0],[776425.661,1551614.2534,0],[776396.5861,1551592.9078,0],[776334.5774,1551575.4413,0],[776274.4817,1551573.5017,0],[776220.2158,1551581.2601,0],[776179.5143,1551602.6158,0],[776134.9372,1551629.7803,0],[776084.5386,1551666.6528,0],[776051.5965,1551701.5856,0],[776014.7623,1551742.3473,0],[775987.6335,1551775.3306,0],[775943.0564,1551821.9112,0],[775892.6661,1551883.6086,0],[775881.0394,1551899.1154,0],[775851.9646,1551933.9983,0],[775820.952,1551972.7604,0],[775789.9476,1552013.4622,0],[775749.2461,1552050.2847,0],[775710.4824,1552073.5499,0],[775669.7892,1552083.238,0],[775634.8927,1552083.238,0],[775605.8261,1552071.6103,0],[775563.1869,1552058.0431,0],[775536.1488,1552044.4758,0],[775485.7667,1552025.0698,0],[775448.9572,1551992.0965,0],[775410.2017,1551955.234,0],[775369.5167,1551908.6735,0],[775321.0889,1551856.2842,0],[775290.0845,1551815.5524,0],[775253.2751,1551770.9315,0],[775212.5818,1551732.1294,0],[775177.7019,1551695.2669,0],[775144.7763,1551666.1629,0],[775119.5852,1551635.1192,0],[775092.4646,1551586.619,0],[775061.452,1551522.6021,0],[775032.4019,1551460.5147,0],[775020.7752,1551427.5414,0],[775005.2731,1551375.1521,0],[774993.6464,1551344.1184,0],[774982.0115,1551305.3163,0],[774972.3392,1551247.1082,0],[774960.7125,1551200.5476,0],[774958.7747,1551165.6247,0],[774945.2021,1551121.0038,0],[774929.7081,1551082.2117,0],[774916.152,1551025.9332,0],[774912.2764,1550991.0103,0],[774908.4091,1550950.2786,0],[774894.8365,1550892.0704,0],[774871.5997,1550829.9931,0],[774856.0892,1550787.3117,0],[774845.584,1550750.4892,0],[774844.4626,1550746.57,0],[774828.9522,1550721.3452,0],[774809.5992,1550690.3115,0],[774778.5866,1550649.5698,0],[774743.7149,1550614.6469,0],[774697.2166,1550579.724,0],[774662.3366,1550548.6803,0],[774621.6516,1550515.697,0],[774582.9044,1550486.6029,0],[774546.0867,1550463.3177,0],[774511.2151,1550441.982,0],[774453.0819,1550408.5988,0],[774420.1562,1550393.092,0],[774391.0896,1550389.2228,0],[774350.4046,1550385.3436,0],[774123.7181,1550385.3436,0],[774086.9169,1550387.2432,0],[774062.7071,1550389.1828,0],[774004.5986,1550389.1828,0],[773975.5485,1550390.1526,0],[773949.4092,1550393.062,0],[773907.7594,1550399.8506,0],[773882.5766,1550409.5486,0],[773854.4995,1550421.1863,0],[773814.7875,1550433.7937,0],[773783.7997,1550445.4313,0],[773746.9985,1550462.8778,0],[773723.7534,1550472.5758,0],[773698.5789,1550488.0926,0],[773669.5287,1550501.6699,0],[773637.5679,1550518.1565,0],[773601.7397,1550537.5526,0],[773566.8762,1550556.9386,0],[773532.0128,1550579.2441,0],[773493.2738,1550597.6703,0],[773461.3129,1550615.1368,0],[773431.2816,1550628.714,0],[773409.999,1550631.6234,0],[773384.808,1550632.5932,0],[773352.8553,1550627.7442,0],[773325.7348,1550616.1066,0],[773299.5872,1550606.4086,0],[773268.5911,1550590.8917,0],[773245.346,1550585.0729,0],[773205.634,1550583.1333,0],[773185.308,1550583.1333,0],[773154.3201,1550582.1635,0],[773128.1808,1550581.1937,0],[773095.2469,1550583.1333,0],[773064.2508,1550584.1031,0],[773027.4578,1550583.1333,0],[772991.6214,1550584.1031,0],[772960.6335,1550587.9823,0],[772945.1396,1550592.8313,0],[772922.8675,1550605.4388,0],[772891.8714,1550625.8046,0],[772857.981,1550644.2309,0],[772835.709,1550657.7981,0],[772803.7481,1550673.3149,0],[772775.671,1550686.8922,0],[772744.6748,1550702.409,0],[772713.687,1550717.9259,0],[772693.361,1550727.6239,0],[772665.2674,1550742.1709,0],[772644.9249,1550751.869,0],[772607.1589,1550755.7482,0],[772574.2415,1550757.6778,0],[772544.2101,1550754.7784,0],[772521.9381,1550745.0803,0],[772503.5334,1550733.4427,0],[772479.3236,1550721.8051,0],[772450.2735,1550704.3486,0],[772427.0367,1550688.8318,0],[772404.7564,1550672.3451,0],[772384.4139,1550649.0799,0],[772361.1854,1550629.6838,0],[772338.9051,1550606.4086,0],[772314.6953,1550586.0427,0],[772290.4855,1550555.9888,0],[772279.8236,1550535.623,0],[772271.116,1550502.6497,0],[772271.116,1550480.3442,0],[772273.0538,1550458.0488,0],[772274.0268,1550434.7735,0],[772278.8671,1550407.619,0],[772285.6452,1550374.6457,0],[772290.4855,1550353.3201,0],[772298.2366,1550321.3166,0],[772304.0334,1550294.1621,0],[772310.8198,1550259.2592,0],[772314.6953,1550231.125,0],[772314.6953,1550205.9101,0],[772315.6683,1550179.7254,0],[772316.6413,1550151.6111,0],[772321.4734,1550116.6982,0],[772326.3137,1550089.5438,0],[772333.1,1550052.7013,0],[772336.0108,1550011.9696,0],[772340.8511,1549979.9661,0],[772341.8159,1549936.335,0],[772344.7184,1549908.2107,0],[772346.6562,1549884.9354,0],[772349.5587,1549850.0325,0],[772354.399,1549813.18,0],[772356.3368,1549794.7538,0],[772359.2393,1549771.4885,0],[772362.1501,1549740.4548,0],[772366.9904,1549711.3607,0],[772371.8308,1549687.1157,0],[772377.6441,1549654.1524,0],[772389.2707,1549613.4207,0],[772395.0758,1549586.2762,0],[772400.8891,1549562.0311,0],[772407.6672,1549526.1484,0],[772415.41,1549497.0544,0],[772421.2234,1549469.9099,0],[772430.904,1549437.9064,0],[772439.6198,1549407.8425,0],[772445.4414,1549379.7283,0],[772457.2247,1549341.9259,0],[772460.1273,1549326.4391,0],[772464.9676,1549305.1434,0],[772470.7809,1549278.029,0],[772473.6834,1549261.5723,0],[772478.5237,1549236.4074,0],[772485.2936,1549212.2123,0],[772491.1069,1549186.0677,0],[772495.2463,1549169.471,0],[772504.1106,1549141.2468,0],[772510.3609,1549114.8622,0],[772519.118,1549084.8083,0],[772525.4838,1549065.4022,0],[772532.6165,1549045.3063,0],[772547.6239,1549002.755,0],[772558.8795,1548956.4444,0],[772565.1298,1548913.8831,0],[772573.8869,1548861.3138,0],[772583.8974,1548820.0122,0],[772593.8996,1548779.9503,0],[772597.6514,1548741.1482,0],[772605.1552,1548703.6059,0],[772617.6641,1548664.8038,0],[772626.4212,1548614.734,0],[772646.4256,1548573.4324,0],[772667.6834,1548522.1028,0],[772687.7043,1548464.5345,0],[772705.2102,1548408.206,0],[772716.4741,1548376.9124,0],[772732.7266,1548335.6108,0],[772746.4889,1548290.55,0],[772761.4964,1548250.4981,0],[772772.7437,1548216.695,0],[772780.2557,1548167.8849,0],[772780.2557,1548137.841,0],[772789.021,1548089.031,0],[772799.015,1548046.4696,0],[772802.7668,1548005.168,0],[772809.0254,1547965.1062,0],[772820.281,1547926.3041,0],[772834.0351,1547885.0025,0],[772850.2959,1547858.7178,0],[772860.3063,1547826.1745,0],[772867.81,1547796.1306,0],[772870.3085,1547763.5872,0],[772875.3138,1547722.2856,0],[772884.0708,1547689.7422,0],[772897.8249,1547645.9312,0],[772912.8241,1547603.3698,0],[772919.0909,1547557.0593,0],[772929.1014,1547517.0074,0],[772929.1014,1547495.7317,0],[772922.8511,1547456.9296,0],[772912.8241,1547431.8947,0],[772892.8197,1547403.1006,0],[772886.5693,1547371.817,0],[772877.804,1547334.2646,0],[772866.5567,1547309.2297,0],[772856.5545,1547286.7043,0],[772840.2937,1547264.1689,0],[772815.2758,1547241.6435,0],[772791.5112,1547226.6165,0],[772754.0009,1547211.5996,0],[772716.4741,1547205.3408,0],[772686.4509,1547205.3408,0],[772646.4339,1547209.0901,0],[772600.1499,1547212.8493,0],[772550.1142,1547216.6085,0],[772520.1075,1547221.6075,0],[772476.3303,1547233.905,0],[772431.308,1547243.903,0],[772387.5308,1547253.911,0],[772351.2574,1547263.9189,0],[772314.9839,1547273.9269,0],[772279.9638,1547273.9269,0],[772247.4504,1547272.6771,0],[772203.6815,1547271.4274,0],[772171.1434,1547271.4274,0],[772133.6413,1547273.9269,0],[772106.1167,1547273.9269,0],[772078.6003,1547277.6761,0],[772041.1064,1547287.7041,0],[771998.5909,1547297.712,0],[771951.0701,1547315.2285,0],[771908.5545,1547322.7369,0],[771856.0367,1547340.2634,0],[771821.0248,1547350.2713,0],[771771.0056,1547365.2883,0],[771720.9863,1547375.2962,0],[771660.9648,1547385.3142,0],[771608.447,1547397.8217,0],[771563.4412,1547400.3312,0],[771475.895,1547400.3312,0],[771425.8757,1547397.8217,0],[771373.358,1547390.3132,0],[771333.3491,1547367.7878,0],[771303.3342,1547337.7539,0],[771268.3141,1547290.2036,0],[771258.3202,1547235.1448,0],[771245.8112,1547185.085,0],[771225.8068,1547125.0172,0],[771198.2987,1547077.4669,0],[771168.2838,1547032.416,0],[771090.7564,1546927.2974,0],[771038.2304,1546829.6873,0],[771003.2185,1546729.5677,0],[770963.2014,1546641.9755,0],[770923.1926,1546556.4229,0],[770910.6754,1546513.9116,0],[770875.6718,1546438.8769,0],[770843.1584,1546376.3596,0],[770765.631,1546316.3318,0],[770693.1088,1546256.314,0],[770643.0895,1546213.8027,0],[770603.0724,1546156.2744,0],[770545.5494,1546106.2646,0],[770493.0316,1546068.7522,0],[770435.5086,1546026.2308,0],[770382.9908,1545986.219,0],[770315.4656,1545936.1992,0],[770282.2431,1545914.0537,0],[770148.7594,1545913.8937,0],[770034.7194,1545905.5754,0],[769964.8606,1545879.3607,0],[769892.091,1545821.0926,0],[769679.5956,1545617.1541,0],[769420.5359,1545386.991,0],[769164.387,1545165.566,0],[768948.989,1544982.0234,0],[768812.1822,1544906.2788,0],[768518.1931,1544781.0043,0],[768232.9199,1544684.8539,0],[767997.1547,1544646.9816,0],[767860.3397,1544649.901,0],[767726.4437,1544646.9816,0],[767639.1202,1544629.5051,0],[767537.2428,1544574.1464,0],[767382.963,1544431.3955,0],[767135.5547,1544160.4506,0],[766990.0073,1544055.602,0],[766867.7544,1543976.938,0],[766818.2711,1543930.3275,0],[766774.6094,1543842.9153,0],[766754.2339,1543700.1543,0],[766762.9745,1543516.6017,0],[766835.7276,1543099.9765,0],[766867.7544,1542782.4011,0],[766893.9515,1542555.1474,0],[766928.8809,1542301.669,0],[766949.2646,1542115.2069,0],[766940.524,1541981.1842,0],[766914.327,1541847.1615,0],[766885.2191,1541797.6316,0],[766821.1819,1541745.1922,0],[766751.3231,1541707.3099,0],[766658.178,1541692.7429,0],[766565.033,1541689.8335,0],[766457.334,1541669.4377,0],[766285.5896,1541596.6025,0],[766128.4073,1541491.7138,0],[766014.895,1541386.8252,0],[765947.9305,1541281.9365,0],[765907.1795,1541165.4003,0],[765895.5364,1541019.7199,0],[765875.1609,1540911.9218,0],[765819.856,1540792.4662,0],[765680.4106,1540523.9008,0],[765581.7243,1540397.6565,0],[765555.4365,1540414.743,0],[765539.72,1540430.7398,0],[765533.8407,1540438.2683,0],[765528.4232,1540452.3454,0],[765520.9772,1540479.1699,0],[765517.4232,1540493.0471,0],[765513.7043,1540515.0826,0],[765512.5169,1540534.7286,0],[765512.7148,1540565.8323,0],[765515.0237,1540611.623,0],[765517.1264,1540626.44,0],[765519.831,1540656.2039,0],[765521.4224,1540707.0436,0],[765520.7875,1540727.1695,0],[765521.8265,1540767.8312,0],[765521.0184,1540797.4252,0],[765519.9052,1540809.0628,0],[765513.292,1540833.3278,0],[765507.1901,1540883.5276,0],[765501.8715,1540901.8739,0],[765486.7652,1540942.1857,0],[765474.0171,1540959.0623,0],[765455.7608,1540976.1688,0],[765427.5188,1540995.5548,0],[765406.294,1541009.302,0],[765389.2003,1541019.12,0],[765367.1674,1541033.847,0],[765347.8557,1541047.3843,0],[765326.0042,1541061.5314,0],[765311.9945,1541069.2898,0],[765293.5815,1541077.9381,0],[765285.7067,1541082.1272,0],[765234.1785,1541114.6606,0],[765212.4177,1541131.1372,0],[765174.8661,1541162.1109,0],[765147.0941,1541189.6553,0],[765132.1444,1541206.9218,0],[765103.8611,1541240.0651,0],[765084.7802,1541264.6101,0],[765068.5937,1541295.7737,0],[765052.8688,1541325.7976,0],[765043.0563,1541403.1819,0],[765040.9536,1541431.5061,0],[765039.1725,1541457.4808,0],[765036.8884,1541482.8256,0],[765035.3382,1541507.2607,0],[765037.6965,1541541.6837,0],[765041.3741,1541562.3994,0],[765049.7189,1541603.1212,0],[765052.1927,1541614.9787,0],[765055.4415,1541642.0432,0],[765057.7091,1541670.3575,0],[765058.8718,1541689.4836,0],[765059.9438,1541715.4083,0],[765060.9745,1541731.0251,0],[765062.6814,1541750.7911,0],[765064.7428,1541778.1755,0],[765066.392,1541799.6811,0],[765068.3545,1541845.8218,0],[765070.416,1541870.2968,0],[765072.9557,1541895.4017,0],[765073.6236,1541905.7196,0],[765072.1888,1541919.9367,0],[765068.1896,1541940.2325,0],[765060.2324,1541971.5562,0],[765053.2399,1542002.6698,0],[765050.1395,1542017.2669,0],[765046.4701,1542042.8716,0],[765043.8149,1542058.8984,0],[765040.4341,1542080.0041,0],[765035.6515,1542115.8368,0],[765031.4379,1542147.1304,0],[765031.2565,1542169.5959,0],[765032.0646,1542181.4634,0],[765032.7572,1542197.3102,0],[765038.7767,1542241.4712,0],[765042.6192,1542284.7524,0],[765045.7114,1542311.187,0],[765048.2676,1542331.043,0],[765050.8486,1542348.2895,0],[765053.6852,1542368.1254,0],[765056.9835,1542393.4503,0],[765057.8246,1542421.0947,0],[765057.5772,1542438.2912,0],[765057.5195,1542468.9449,0],[765057.8411,1542499.2488,0],[765057.5937,1542508.9568,0],[765056.0765,1542535.0715,0],[765052.8276,1542623.6734,0],[765052.3576,1542643.4894,0],[765052.3741,1542656.7067,0],[765051.8299,1542678.8822,0],[765051.063,1542695.7787,0],[765049.9663,1542719.304,0],[765048.4326,1542739.4799,0],[765045.6372,1542762.0253,0],[765042.611,1542783.8408,0],[765040.162,1542810.5154,0],[765039.0653,1542825.3624,0],[765038.8344,1542848.9676,0],[765037.0533,1542873.1926,0],[765023.9836,1542955.9458,0],[765019.0939,1542965.3039,0],[765014.5751,1542998.4771,0],[765017.4282,1543017.3833,0],[765021.683,1543034.5998,0],[765025.5503,1543053.366,0],[765028.8569,1543070.1825,0],[765030.8689,1543089.0887,0],[765031.3554,1543104.4656,0],[765032.3119,1543128.5407,0],[765031.9574,1543142.8378,0],[765031.174,1543150.8961,0],[765029.6403,1543166.6529,0],[765026.8449,1543200.1461,0],[765026.6635,1543215.183,0],[765027.1253,1543239.5981,0],[765027.7273,1543265.5628,0],[765028.0241,1543332.1892,0],[765030.1763,1543360.5534,0],[765031.8996,1543398.9356,0],[765033.1613,1543408.0338,0],[765035.4206,1543429.7593,0],[765036.8389,1543441.9869,0],[765038.5376,1543469.8612,0],[765038.2654,1543480.599,0],[765039.4776,1543512.9324,0],[765043.8396,1543547.7253,0],[765046.7257,1543569.6009,0],[765049.8838,1543585.8976,0],[765054.9056,1543617.6711,0],[765057.9648,1543634.2177,0],[765060.0262,1543651.0643,0],[765078.3402,1543745.665,0],[765087.6251,1543781.2978,0],[765093.7765,1543818.0603,0],[765099.0703,1543857.9022,0],[765102.4841,1543890.0857,0],[765105.2217,1543913.7408,0],[765106.6812,1543932.2671,0],[765108.3386,1543950.5233,0],[765109.5095,1543968.2997,0],[765112.0657,1543987.6058,0],[765113.954,1544007.4418,0],[765115.8011,1544088.2653,0],[765116.2959,1544125.5277,0],[765117.5657,1544162.0203,0],[765119.9982,1544180.4565,0],[765121.9195,1544201.8622,0],[765124.4345,1544224.0177,0],[765128.2606,1544249.5525,0],[765129.9098,1544260.8202,0],[765132.6144,1544279.5664,0],[765135.5087,1544299.2924,0],[765137.867,1544314.1493,0],[765141.7755,1544331.7558,0],[765146.5251,1544353.3813,0],[765161.3017,1544398.3622,0],[765168.4426,1544421.6874,0],[765178.2222,1544452.8611,0],[765181.2401,1544463.089,0],[765186.5587,1544489.6436,0],[765190.2364,1544511.4792,0],[765194.1037,1544532.2849,0],[765197.2865,1544552.3209,0],[765200.8158,1544573.2066,0],[765203.9822,1544592.8926,0],[765208.1876,1544625.8159,0],[765210.3809,1544656.1797,0],[765211.2633,1544671.1567,0],[765213.7782,1544698.1012,0],[765215.4109,1544720.1367,0],[765232.3231,1544824.1555,0],[765235.3081,1544844.0815,0],[765238.4086,1544867.7666,0],[765241.1627,1544889.3323,0],[765242.7129,1544908.0185,0],[765242.3501,1544929.2941,0],[765239.3486,1544956.9585,0],[765236.6605,1544967.8563,0],[765232.1665,1544985.6427,0],[765227.0211,1544999.8998,0],[765219.303,1545015.7365,0],[765211.3787,1545033.303,0],[765202.2918,1545050.5894,0],[765194.7963,1545070.5154,0],[765185.4043,1545090.9612,0],[765179.6487,1545111.457,0],[765164.6907,1545168.4954,0],[765156.717,1545196.5597,0],[765153.5094,1545206.2977,0],[765147.5806,1545234.2121,0],[765143.4907,1545276.5734,0],[765140.1428,1545305.7975,0],[765138.807,1545317.795,0],[765135.3273,1545344.6596,0],[765133.1009,1545364.3756,0],[765128.9862,1545388.3707,0],[765126.5207,1545409.1764,0],[765123.2471,1545433.4115,0],[765121.8453,1545453.5774,0],[765120.7239,1545477.2626,0],[765120.0395,1545498.0084,0],[765117.9121,1545527.2024,0],[765115.1744,1545609.8456,0],[765113.6654,1545635.5204,0],[765112.4203,1545657.046,0],[765111.3649,1545678.7616,0],[765109.7487,1545701.387,0],[765108.182,1545750.117,0],[765110.2764,1545782.3805,0],[765112.2636,1545815.3438,0],[765112.7914,1545850.0767,0],[765113.0717,1545868.243,0],[765120.0147,1545946.5671,0],[765121.6062,1545966.7729,0],[765123.3543,1545989.8383,0],[765124.9952,1546003.4455,0],[765128.0709,1546034.4192,0],[765130.3798,1546062.2335,0],[765132.0949,1546081.4196,0],[765135.6571,1546102.2054,0],[765137.5784,1546121.1115,0],[765140.283,1546147.8461,0],[765142.3033,1546165.8524,0],[765145.1398,1546194.2267,0],[765154.3092,1546265.8421,0],[765155.5956,1546277.8896,0],[765159.2485,1546305.2541,0],[765163.0416,1546326.8697,0],[765171.007,1546364.392,0],[765176.1937,1546387.5573,0],[765179.8383,1546403.824,0],[765186.1959,1546439.7767,0],[765189.5849,1546471.2903,0],[765191.7288,1546486.7771,0],[765194.7138,1546507.063,0],[765197.1794,1546529.7184,0],[765200.0159,1546545.5851,0],[765202.399,1546561.5519,0],[765205.5819,1546584.6772,0],[765215.3285,1546635.0769,0],[765219.1793,1546656.1826,0],[765222.2797,1546673.899,0],[765225.9821,1546693.785,0],[765229.2969,1546714.5107,0],[765231.7459,1546731.7572,0],[765234.9206,1546747.734,0],[765238.0375,1546765.7403,0],[765241.7729,1546782.8768,0],[765246.8771,1546803.8726,0],[765248.7406,1546812.9907,0],[765253.482,1546833.5165,0],[765256.7721,1546845.3341,0],[765260.5652,1546856.0419,0],[765262.7173,1546866.4198,0],[765262.6761,1546872.3286,0],[765260.3837,1546881.3168,0],[765256.2691,1546888.0354,0],[765252.5255,1546892.1046,0],[765243.5128,1546900.6829,0],[765235.7369,1546908.0813,0],[765226.9633,1546915.4299,0],[765220.7542,1546920.9087,0],[765212.0136,1546925.5678,0],[765190.3435,1546929.637,0],[765184.8353,1546929.447,0],[765173.1757,1546928.2172,0],[765162.2087,1546925.8277,0],[765146.1128,1546922.1485,0],[765131.6002,1546920.0389,0],[765113.0305,1546919.2191,0],[765099.26,1546918.7192,0],[765081.4572,1546916.7596,0],[765059.9603,1546913.6002,0],[765039.6343,1546911.1307,0],[765030.4731,1546907.8814,0],[765003.6576,1546904.932,0],[764988.0812,1546902.6824,0],[764969.2477,1546905.002,0],[764951.1728,1546914.46,0],[764934.8955,1546926.2876,0],[764914.1407,1546941.2446,0],[764891.4812,1546960.4207,0],[764856.3951,1546995.8835,0],[764840.6703,1547015.2995,0],[764821.4657,1547038.4848,0],[764800.7274,1547067.5789,0],[764767.2493,1547116.6989,0],[764736.113,1547155.7709,0],[764682.985,1547220.9077,0],[764605.6637,1547308.5198,0],[764561.5732,1547353.0808,0],[764545.4196,1547372.2869,0],[764523.3125,1547401.311,0],[764503.5307,1547427.4156,0],[764487.7811,1547449.6211,0],[764470.9019,1547473.6962,0],[764456.3232,1547498.6811,0],[764449.9574,1547515.6177,0],[764443.3608,1547531.5344,0],[764430.959,1547556.2794,0],[764421.6659,1547568.6369,0],[764411.2102,1547582.2841,0],[764401.5131,1547593.1919,0],[764384.7328,1547606.1093,0],[764359.9705,1547619.9365,0],[764343.3634,1547628.1948,0],[764299.5615,1547645.0113,0],[764274.0076,1547652.4598,0],[764247.423,1547662.1379,0],[764231.8466,1547666.557,0],[764211.133,1547670.2362,0],[764183.2868,1547679.6643,0],[764166.8858,1547693.1515,0],[764155.655,1547713.4674,0],[764138.0666,1547741.9016,0],[764124.9475,1547777.3244,0],[764117.8478,1547799.19,0],[764110.0555,1547824.1449,0],[764094.2977,1547863.4269,0],[764086.8929,1547883.6328,0],[764074.4252,1547908.3877,0],[764068.4222,1547923.5846,0],[764063.8623,1547938.5816,0],[764058.8323,1547961.8569,0],[764054.7753,1547989.2913,0],[764048.6157,1548027.4835,0],[764042.3076,1548068.4452,0],[764037.121,1548151.8082,0],[764026.4179,1548230.1023,0],[764020.1428,1548259.6662,0],[764014.4367,1548308.2763,0],[764009.5386,1548334.9509,0],[764007.0237,1548359.066,0],[764007.3123,1548382.2613,0],[764007.8895,1548412.905,0],[764008.2605,1548443.2589,0],[764011.0641,1548472.083,0],[764010.9982,1548512.1149,0],[764007.7988,1548547.5976,0],[764005.391,1548576.5517,0],[764002.5049,1548587.8494,0],[763989.7486,1548627.7213,0],[763978.0148,1548657.3153,0],[763968.3342,1548680.2506,0],[763959.6925,1548698.287,0],[763946.1446,1548729.1107,0],[763939.0532,1548752.7259,0],[763932.3988,1548776.651,0],[763930.6094,1548790.5482,0],[763910.0278,1548798.3966,0],[763891.0211,1548804.4354,0],[763851.1937,1548815.1432,0],[763829.169,1548821.2919,0],[763806.8475,1548824.0314,0],[763783.7509,1548821.4719,0],[763753.0846,1548813.3035,0],[763723.7129,1548808.9244,0],[763675.2851,1548802.8557,0],[763641.6585,1548791.558,0],[763603.3813,1548779.3205,0],[763566.4152,1548766.633,0],[763534.8336,1548756.6251,0],[763496.8038,1548746.1472,0],[763449.7448,1548732.0701,0],[763416.448,1548723.9917,0],[763381.2795,1548718.4429,0],[763349.8299,1548714.2037,0],[763268.2867,1548723.3019,0],[763227.1317,1548724.6116,0],[763208.0921,1548724.6316,0],[763184.1544,1548718.0329,0],[763153.2077,1548700.5165,0],[763130.4574,1548685.4996,0],[763111.2858,1548670.9025,0],[763089.3107,1548653.0462,0],[763065.9832,1548633.8701,0],[763033.8986,1548581.7407,0],[763019.7075,1548551.1869,0],[763002.5396,1548521.6629,0],[762987.6312,1548506.1561,0],[762962.1762,1548490.1993,0],[762926.7933,1548478.9316,0],[762894.8159,1548473.9826,0],[762847.4601,1548460.7753,0],[762816.1671,1548459.7255,0],[762795.0907,1548458.3158,0],[762773.8824,1548451.4672,0],[762762.2805,1548443.2889,0],[762732.7686,1548407.3662,0],[762682.5267,1548364.8048,0],[762664.1302,1548351.3876,0],[762641.8747,1548332.2615,0],[762605.1889,1548320.5039,0],[762586.6935,1548324.3731,0],[762573.4589,1548335.6708,0],[762564.8502,1548351.1676,0],[762559.7213,1548372.0634,0],[762556.4642,1548402.8471,0],[762553.2236,1548412.1452,0],[762544.8458,1548430.1115,0],[762535.7342,1548446.0683,0],[762522.9531,1548463.8947,0],[762508.7373,1548483.7706,0],[762494.6039,1548509.7153,0],[762487.4135,1548560.455,0],[762484.7419,1548578.1414,0],[762479.8356,1548593.9282,0],[762466.8319,1548615.5438,0],[762454.9744,1548625.8917,0],[762437.9962,1548635.0298,0],[762424.1926,1548640.1188,0],[762404.114,1548644.8278,0],[762384.8847,1548646.0376,0],[762359.6029,1548643.5781,0],[762351.489,1548639.7989,0],[762332.1443,1548633.5101,0],[762312.0656,1548637.4493,0],[762300.3978,1548644.6579,0],[762292.3498,1548654.9358,0],[762287.3858,1548664.4039,0],[762285.547,1548671.5924,0],[762285.1594,1548691.0084,0],[762289.6204,1548712.694,0],[762296.4562,1548731.8901,0],[762305.4937,1548746.967,0],[762316.2545,1548762.9538,0],[762323.2882,1548779.9503,0],[762327.8647,1548803.4555,0],[762328.3677,1548829.0203,0],[762324.0386,1548846.1869,0],[762313.6406,1548869.1322,0],[762305.403,1548876.5407,0],[762286.1077,1548892.5074,0],[762278.167,1548913.1632,0],[762275.4211,1548931.8094,0],[762275.2562,1548954.7847,0],[762275.2397,1548954.7548,0],[762275.2397,1548954.7847,0],[762266.8619,1548957.8541,0],[762245.9504,1548958.8239,0],[762189.887,1548959.2338,0],[762180.4125,1548957.1443,0],[762160.8533,1548953.9749,0],[762152.4508,1548950.2157,0],[762145.8047,1548945.6666,0],[762144.8152,1548944.4868,0],[762135.1345,1548933.4091,0],[762103.9817,1548912.7333,0],[762093.9878,1548896.4966,0],[762088.999,1548884.3691,0],[762083.8124,1548865.4129,0],[762078.2382,1548844.0173,0],[762066.2735,1548818.2825,0],[762037.2894,1548791.258,0],[762004.9739,1548771.882,0],[761985.2004,1548766.4831,0],[761980.1539,1548765.1034,0],[761956.6697,1548754.4055,0],[761921.9218,1548748.5767,0],[761904.7127,1548747.7569,0],[761877.4931,1548746.0172,0],[761865.784,1548739.2386,0],[761859.6162,1548725.4614,0],[761856.6971,1548702.3061,0],[761856.0869,1548641.6085,0],[761853.2586,1548619.9729,0],[761843.7182,1548589.6491,0],[761826.4596,1548563.9743,0],[761780.2499,1548532.4207,0],[761753.9951,1548521.7229,0],[761725.0357,1548516.7139,0],[761691.8709,1548514.8543,0],[761653.7092,1548518.9535,0],[761619.9012,1548521.043,0],[761607.0047,1548513.6945,0],[761601.3068,1548503.1967,0],[761598.0662,1548473.3427,0],[761587.1157,1548432.591,0],[761570.5004,1548411.0954,0],[761560.391,1548403.197,0],[761541.5245,1548391.4194,0],[761490.4085,1548379.9418,0],[761467.2377,1548385.8206,0],[761442.0384,1548398.448,0],[761428.4492,1548411.7853,0],[761416.9215,1548428.9518,0],[761405.9958,1548447.2181,0],[761401.6337,1548457.0161,0],[761392.7612,1548470.6533,0],[761380.9037,1548484.8804,0],[761372.3775,1548490.4593,0],[761333.4736,1548492.9787,0],[761307.1446,1548485.6302,0],[761275.7279,1548472.9528,0],[761248.6898,1548458.7557,0],[761196.4524,1548440.0295,0],[761164.5987,1548428.5019,0],[761121.7945,1548407.3362,0],[761097.9393,1548395.6885,0],[761045.2483,1548371.6734,0],[761018.6637,1548360.1258,0],[760987.0821,1548350.6077,0],[760968.9743,1548342.9693,0],[760937.1536,1548330.8717,0],[760913.3808,1548322.2835,0],[760892.4693,1548318.0943,0],[760865.39,1548315.2549,0],[760799.7366,1548345.3388,0],[760787.7471,1548358.1062,0],[760769.6969,1548360.7757,0],[760758.5651,1548358.5361,0],[760745.751,1548350.3378,0],[760724.3695,1548334.421,0],[760688.4012,1548308.2663,0],[760670.788,1548294.0592,0],[760648.7057,1548281.9317,0],[760625.205,1548276.1529,0],[760595.0912,1548282.6816,0],[760563.6663,1548302.9374,0],[760547.9002,1548315.9748,0],[760529.2399,1548328.0223,0],[760497.6336,1548344.449,0],[760476.5407,1548353.0672,0],[760436.3175,1548369.8238,0],[760395.8963,1548375.1127,0],[760381.4579,1548369.9538,0],[760366.0629,1548357.8063,0],[760352.6469,1548342.4294,0],[760333.8464,1548318.7142,0],[760318.4843,1548294.3692,0],[760311.5084,1548273.2435,0],[760309.6366,1548250.4681,0],[760309.0758,1548192.19,0],[760307.4597,1548169.3246,0],[760301.9514,1548147.949,0],[760291.3555,1548128.6729,0],[760274.9215,1548109.1169,0],[760258.4299,1548094.5398,0],[760245.69,1548085.3417,0],[760232.6204,1548074.6339,0],[760219.0477,1548056.0477,0],[760206.5058,1548034.782,0],[760197.0148,1548010.6969,0],[760175.856,1547980.963,0],[760154.6229,1547964.6963,0],[760106.327,1547945.5902,0],[760094.453,1547941.9109,0],[760078.0355,1547935.6922,0],[760060.2492,1547928.3237,0],[760041.3663,1547919.3355,0],[760026.7299,1547909.1776,0],[760006.0328,1547896.0702,0],[759971.1611,1547885.4824,0],[759935.9761,1547890.5514,0],[759916.9942,1547905.7583,0],[759907.9567,1547925.5942,0],[759908.3196,1547944.4304,0],[759909.8698,1547964.0964,0],[759902.1352,1547994.0003,0],[759894.9613,1548005.9379,0],[759878.6015,1548018.2554,0],[759865.1773,1548028.3733,0],[759848.8588,1548037.1115,0],[759832.8289,1548042.7704,0],[759819.0418,1548043.8602,0],[759816.1805,1548041.6606,0],[759814.1438,1548036.9416,0],[759802.1048,1548008.4474,0],[759790.3133,1547981.2929,0],[759781.3006,1547944.5304,0],[759756.159,1547892.9709,0],[759737.9852,1547874.1547,0],[759717.5355,1547858.7478,0],[759693.4576,1547846.6303,0],[759678.0131,1547832.4132,0],[759662.5934,1547815.4567,0],[759644.2217,1547805.5487,0],[759619.5666,1547803.1392,0],[759604.5262,1547808.0682,0],[759588.2654,1547816.7464,0],[759575.7069,1547827.7042,0],[759564.0143,1547839.0519,0],[759554.9934,1547849.2198,0],[759548.0916,1547856.7482,0],[759533.5047,1547868.1759,0],[759520.3361,1547878.7138,0],[759508.4786,1547888.5518,0],[759496.7942,1547895.7803,0],[759482.768,1547906.938,0],[759475.1901,1547919.7654,0],[759468.8078,1547935.4822,0],[759466.3176,1547940.4012,0],[759465.9383,1547940.6012,0],[759449.4301,1547942.0709,0],[759434.3154,1547939.3814,0],[759434.2577,1547939.9013,0],[759433.0538,1547939.1515,0],[759428.9886,1547938.4316,0],[759428.0981,1547936.0821,0],[759415.5479,1547928.2937,0],[759390.7856,1547910.2574,0],[759375.3412,1547897.9799,0],[759360.5646,1547891.2312,0],[759336.2476,1547890.3614,0],[759313.1922,1547894.7505,0],[759291.7613,1547903.9986,0],[759269.9428,1547912.6569,0],[759251.2577,1547922.6248,0],[759228.8125,1547935.8421,0],[759215.916,1547959.4174,0],[759223.6918,1547982.3527,0],[759236.8027,1547996.1499,0],[759239.3095,1548005.8779,0],[759238.8395,1548007.6075,0],[759234.2383,1548010.087,0],[759185.7775,1548028.9332,0],[759151.986,1548036.6216,0],[759083.3476,1548046.0097,0],[759039.323,1548063.3862,0],[759021.5202,1548075.7837,0],[758957.1367,1548123.8639,0],[758937.4621,1548137.921,0],[758893.52,1548162.9159,0],[758877.721,1548186.7011,0],[758875.107,1548208.1067,0],[758872.2457,1548223.7835,0],[758868.164,1548231.242,0],[758865.1543,1548232.9917,0],[758836.5412,1548233.5815,0],[758815.9926,1548227.8827,0],[758799.6905,1548219.9043,0],[758780.2963,1548207.4669,0],[758763.3428,1548194.2595,0],[758747.3789,1548177.253,0],[758731.7942,1548159.0267,0],[758716.6631,1548142.4001,0],[758703.511,1548126.4334,0],[758695.1332,1548112.3062,0],[758689.4601,1548099.3089,0],[758678.0313,1548075.7437,0],[758646.0045,1548050.5488,0],[758625.6702,1548042.3005,0],[758606.7872,1548033.1723,0],[758583.4762,1548024.974,0],[758557.6008,1548018.1554,0],[758536.7883,1548012.5165,0],[758511.1684,1548008.8273,0],[758489.0613,1548006.2778,0],[758449.0607,1547999.4692,0],[758424.9994,1547991.0509,0],[758389.1382,1547968.5455,0],[758331.4338,1547938.5016,0],[758290.8477,1547928.2337,0],[758258.4251,1547924.9244,0],[758220.2138,1547922.6748,0],[758182.2252,1547927.6438,0],[758139.8498,1547930.3433,0],[758097.4744,1547931.1631,0],[758060.7804,1547935.3722,0],[758033.1074,1547938.9415,0],[758001.9463,1547954.9683,0],[757919.191,1547998.4694,0],[757897.3313,1548011.4768,0],[757867.4236,1548013.7863,0],[757833.3106,1547997.5796,0],[757802.9906,1547968.4855,0],[757780.8835,1547938.7316,0],[757742.7877,1547901.7291,0],[757702.1687,1547858.068,0],[757679.171,1547812.2573,0],[757653.1059,1547739.902,0],[757639.0797,1547712.1477,0],[757617.3107,1547725.215,0],[757575.7351,1547792.4613,0],[757535.1573,1547871.1953,0],[757487.216,1547989.3113,0],[757275.9822,1548205.2473,0],[756820.3663,1548902.9553,0],[756739.6065,1548972.6511,0],[756634.1834,1549053.1747,0],[756523.1449,1549145.6859,0],[756426.6932,1549233.8379,0],[756380.7061,1549286.0773,0],[756333.6059,1549344.8454,0],[756262.3865,1549425.9188,0],[756204.0637,1549480.3378,0],[756135.6479,1549549.9836,0],[756095.2762,1549601.1432,0],[756052.6535,1549684.9461,0],[755996.5735,1549786.1555,0],[755938.2589,1549862.33,0],[755878.8146,1549940.6941,0],[755783.4761,1550060.3997,0],[755685.9031,1550159.4395,0],[755560.2941,1550259.5592,0],[755454.8627,1550347.7112,0],[755408.8757,1550384.7137,0],[755329.2455,1550435.8633,0],[755231.6725,1550497.8907,0],[755155.4067,1550551.2198,0],[755053.3478,1550592.5714,0],[754965.8677,1550627.4043,0],[754883.9864,1550662.2272,0],[754822.3075,1550694.8706,0],[754746.05,1550737.3219,0],[754676.5045,1550784.1124,0],[754619.3031,1550825.464,0],[754564.3445,1550889.6809,0],[754537.4301,1550936.4714,0],[754529.5801,1550989.8005,0],[754538.5598,1551042.0399,0],[754556.4945,1551091.0099,0],[754581.1661,1551237.93,0],[754586.7732,1551317.3738,0],[754581.7268,1551458.3052,0],[754585.0828,1551576.931,0],[754586.7732,1551677.6005,0],[754595.753,1551780.9895,0],[754612.5745,1551838.6677,0],[754645.0961,1551915.932,0],[754689.97,1552014.9619,0],[754766.2275,1552109.6526,0],[754809.98,1552160.7922,0],[754864.9221,1552229.3582,0],[754952.9794,1552311.5215,0],[755019.1358,1552371.3793,0],[755060.6372,1552413.8207,0],[755085.3087,1552451.9129,0],[755097.6775,1552515.9199,0],[755105.7172,1552600.0928,0],[755114.9031,1552637.1952,0],[755144.7695,1552699.9724,0],[755190.4927,1552770.628,0],[755199.0437,1552783.9453,0],[755240.0667,1552839.794,0],[755285.9961,1552911.1394,0],[755320.4472,1552965.3484,0],[755350.3054,1553018.1477,0],[755373.2701,1553083.7743,0],[755377.863,1553136.5636,0],[755380.1636,1553217.897,0],[755373.2701,1553277.8148,0],[755366.3848,1553333.4635,0],[755349.4396,1553489.6017,0],[755332.6181,1553590.8211,0],[755310.7501,1553695.8397,0],[755281.5846,1553793.7798,0],[755256.913,1553897.1687,0],[755228.3082,1553961.9256,0],[755205.8795,1554018.514,0],[755165.4996,1554095.7883,0],[755131.8565,1554153.4666,0],[755082.5052,1554220.9328,0],[755048.3096,1554276.5715,0],[755035.6688,1554327.9411,0],[755041.4079,1554403.5557,0],[755045.9926,1554460.634,0],[755055.1867,1554513.4233,0],[755063.2264,1554566.2126,0],[755071.2661,1554633.2689,0],[755085.0449,1554684.6385,0],[755129.8281,1554774.5202,0],[755201.0227,1554868.691,0],[755232.027,1554911.4923,0],[755285.9961,1554969.9904,0],[755314.7164,1555008.5125,0],[755344.5746,1555069.87,0],[755366.3931,1555144.0649,0],[755374.4245,1555211.1213,0],[755385.6141,1555293.4845,0],[755385.8945,1555295.6241,0],[755381.4005,1555340.245,0],[755335.4217,1555582.9256,0],[755299.5358,1555703.731,0],[755278.781,1555783.7147,0],[755276.5464,1555872.9566,0],[755287.7607,1555955.6697,0],[755312.993,1556047.631,0],[755358.7574,1556156.2789,0],[755542.9613,1556286.4024,0],[755629.6417,1556308.088,0],[755694.8003,1556301.1894,0],[755813.087,1556268.3661,0],[755934.8039,1556242.6913,0],[756004.8523,1556228.4242,0],[756101.3122,1556212.7274,0],[756321.7978,1556177.0547,0],[756502.0767,1556169.9161,0],[756716.8068,1556157.0787,0],[756822.4525,1556155.649,0],[756952.2174,1556169.9161,0],[757070.4875,1556203.6793,0],[757173.5276,1556263.5371,0],[757191.8004,1556298.45,0],[757196.7809,1556348.3298,0],[757191.8004,1556396.55,0],[757176.8507,1556459.7371,0],[757138.6229,1556547.8592,0],[757095.4229,1556657.5969,0],[757077.1419,1556739.0703,0],[757082.1224,1556803.9171,0],[757097.0804,1556843.819,0],[757117.0106,1556878.7319,0],[757120.8119,1556903.9967,0],[757117.0106,1556950.2273,0],[757128.6537,1557023.3924,0],[757177.8979,1557131.0505,0],[757211.7471,1557183.0099,0],[757279.8825,1557254.5054,0],[757352.9984,1557321.0118,0],[757362.9758,1557374.221,0],[757348.0179,1557424.1008,0],[757311.4558,1557480.6293,0],[757268.2476,1557560.4431,0],[757260.1832,1557617.2315,0],[757201.7778,1557720.0606,0],[757183.4968,1557771.6001,0],[757171.5403,1557820.7101,0],[757158.9159,1557860.662,0],[757141.6904,1557894.905,0],[757104.9304,1557933.4372,0],[757052.6765,1557979.8677,0],[757001.008,1558016.9702,0],[756924.668,1558068.9896,0],[756861.4966,1558094.6644,0],[756765.0367,1558118.9194,0],[756676.6165,1558126.058,0],[756622.6475,1558127.4777,0],[756515.4432,1558112.4607,0],[756478.8812,1558105.8121,0],[756440.6534,1558107.4817,0],[756410.7457,1558127.4277,0],[756380.8381,1558155.6919,0],[756345.9334,1558205.5818,0],[756304.3826,1558257.1213,0],[756271.1519,1558270.4186,0],[756239.5785,1558272.0882,0],[756201.3508,1558260.4506,0],[756156.4851,1558253.792,0],[756123.2461,1558255.4616,0],[756068.9308,1558271.1384,0],[756015.2256,1558277.0772,0],[755986.9753,1558290.3745,0],[755952.0707,1558311.9901,0],[755893.9127,1558341.914,0],[755844.0583,1558348.5727,0],[755790.8809,1558348.5727,0],[755701.1414,1558343.5837,0],[755641.3178,1558351.892,0],[755579.8285,1558376.8369,0],[755506.7044,1558385.1452,0],[755435.2459,1558385.1452,0],[755327.2253,1558383.4856,0],[755313.933,1558386.8149,0],[755295.652,1558401.7718,0],[755282.3679,1558425.0571,0],[755269.0674,1558459.97,0],[755264.0704,1558504.8609,0],[755267.781,1558576.8362,0],[755180.9853,1558498.2122,0],[755144.4314,1558473.2673,0],[755021.4529,1558431.7057,0],[754964.9524,1558401.7718,0],[754951.9817,1558387.6147,0],[754927.7307,1558360.9701,0],[754910.0681,1558333.5957,0],[754878.3875,1558284.7057,0],[754857.2039,1558312.53,0],[754841.6111,1558357.8708,0],[754820.8068,1558392.3638,0],[754815.3068,1558401.4419,0],[754765.5267,1558433.3654,0],[754737.2764,1558478.2563,0],[754722.3184,1558553.081,0],[754709.0261,1558624.5765,0],[754687.422,1558676.116,0],[754647.5369,1558725.9958,0],[754614.2979,1558745.9518,0],[754564.4435,1558764.2381,0],[754415.639,1558811.0185,0],[754366.9308,1558829.5548,0],[754318.8905,1558858.3789,0],[754282.0563,1558893.6117,0],[754241.2064,1558942.5318,0],[754213.5168,1558975.755,0],[754169.2119,1559028.3643,0],[754120.7511,1559082.3533,0],[754075.4567,1559111.4074,0],[754027.6638,1559125.0446,0],[753984.9585,1559154.7686,0],[753955.0921,1559189.0116,0],[753926.3883,1559210.4172,0],[753897.6845,1559217.5458,0],[753863.2334,1559214.6964,0],[753842.5528,1559191.871,0],[753803.5252,1559153.3489,0],[753770.0801,1559126.7143,0],[753688.6524,1559083.4831,0],[753648.7672,1559081.8134,0],[753620.7478,1559094.4109,0],[753602.2359,1559106.7583,0],[753572.32,1559169.9355,0],[753535.7662,1559274.6942,0],[753519.1425,1559327.8933,0],[753499.2041,1559357.8272,0],[753469.2882,1559372.7942,0],[753437.7148,1559377.7732,0],[753386.1948,1559379.4428,0],[753335.9199,1559396.5394,0],[753318.0594,1559416.0154,0],[753311.4132,1559450.9383,0],[753304.7671,1559505.8071,0],[753266.5476,1559572.3136,0],[753246.5927,1559600.5778,0],[753237.1924,1559652.8672,0],[753229.4825,1559686.6503,0],[753168.3066,1559641.1096,0],[753073.7763,1559583.9412,0],[753015.6101,1559549.0283,0],[752934.1824,1559535.721,0],[752839.4541,1559572.3036,0],[752689.8827,1559578.9522,0],[752643.3597,1559590.5899,0],[752625.2765,1559614.7949,0],[752611.7781,1559655.4367,0],[752576.8899,1559740.2394,0],[752545.3083,1559811.7348,0],[752527.0273,1559864.944,0],[752507.0888,1559896.5276,0],[752474.4271,1559926.9914,0],[752417.0195,1559946.7274,0],[752370.6201,1559955.8255,0],[752292.4495,1559958.8649,0],[752216.7279,1559975.5515,0],[752132.4554,1559998.3169,0],[752068.6161,1560034.8394,0],[752026.1995,1560071.162,0],[751978.5797,1560119.7222,0],[751937.5072,1560164.833,0],[751885.3439,1560229.2699,0],[751839.7362,1560312.9728,0],[751802.0692,1560433.2283,0],[751786.1382,1560534.6277,0],[751793.2873,1560582.158,0],[751812.2528,1560638.1466,0],[751869.9984,1560674.2093,0],[751955.6233,1560712.8214,0],[752050.6896,1560757.3524,0],[752065.0374,1560766.1306,0],[752080.4489,1560792.5552,0],[752069.0696,1560829.4577,0],[752047.5067,1560884.1766,0],[752035.9048,1560978.7073,0],[752044.1919,1561055.0018,0],[752064.0974,1561114.6996,0],[752098.9196,1561164.4495,0],[752148.1225,1561225.0372,0],[752181.8398,1561272.2476,0],[752196.7647,1561338.5941,0],[752176.3728,1561402.941,0],[752168.5722,1561426.4862,0],[752126.5266,1561486.074,0],[752109.1856,1561508.1196,0],[752083.9946,1561539.2532,0],[752057.7563,1561570.4069,0],[752035.3029,1561589.9629,0],[752009.9551,1561610.9686,0],[751992.5647,1561627.6352,0],[751989.6704,1561640.6726,0],[751991.8473,1561651.5304,0],[751996.1928,1561668.197,0],[752001.9814,1561684.8536,0],[752008.8584,1561706.8391,0],[752026.9168,1561756.1891,0],[752047.3748,1561798.3105,0],[752082.9061,1561826.0948,0],[752112.1789,1561845.6209,0],[752156.8549,1561877.6343,0],[752204.9281,1561943.8109,0],[752213.3636,1561955.7884,0],[752223.3329,1562023.1247,0],[752244.1041,1562071.3449,0],[752267.6625,1562102.7285,0],[752293.5874,1562118.7153,0],[752312.2395,1562146.1697,0],[752327.0738,1562184.7618,0],[752368.7401,1562292.4799,0],[752369.5729,1562356.4969,0],[752374.5699,1562404.7171,0],[752394.5001,1562441.2996,0],[752415.3621,1562462.7252,0],[752450.9924,1562501.9873,0],[752462.2067,1562537.0301,0],[752460.7472,1562569.0336,0],[752449.3844,1562695.5179,0],[752427.7226,1562731.9804,0],[752404.6342,1562769.6828,0],[752389.8329,1562794.9076,0],[752378.899,1562825.3114,0],[752377.6786,1562861.794,0],[752377.6786,1562909.2244,0],[752386.1883,1562970.032,0],[752408.0563,1563039.3479,0],[752461.4234,1563146.856,0],[752512.4651,1563267.2515,0],[752531.6037,1563332.3182,0],[752548.013,1563416.2312,0],[752560.7693,1563465.4811,0],[752580.8232,1563500.1441,0],[752626.3897,1563556.6926,0],[752662.8446,1563626.0185,0],[752686.5432,1563673.4388,0],[752710.2335,1563726.348,0],[752731.8128,1563758.3115,0],[752771.9124,1563794.7941,0],[752857.595,1563847.6933,0],[752992.4805,1563940.7244,0],[753070.8572,1564002.7518,0],[753134.6553,1564062.9495,0],[753141.7138,1564076.8567,0],[753156.2924,1564124.277,0],[753169.0405,1564208.19,0],[753178.1604,1564313.9984,0],[753185.458,1564361.4288,0],[753203.6813,1564405.2099,0],[753227.3881,1564438.0432,0],[753269.3017,1564474.5257,0],[753303.9343,1564509.1887,0],[753327.6328,1564549.3205,0],[753349.4513,1564608.4585,0],[753378.6169,1564672.3055,0],[753411.4271,1564730.6736,0],[753456.9936,1564792.701,0],[753533.548,1564880.2632,0],[753582.7675,1564914.9261,0],[753646.5573,1564956.8876,0],[753722.9633,1564994.8098,0],[753748.4842,1565011.2265,0],[753772.1828,1565038.5909,0],[753777.658,1565055.0076,0],[753781.2944,1565078.7228,0],[753781.2944,1565113.3857,0],[753777.658,1565155.3372,0],[753772.1828,1565199.1183,0],[753772.1828,1565235.6008,0],[753783.1168,1565279.3819,0],[753804.5477,1565314.7647,0],[753859.2259,1565365.8443,0],[753939.425,1565418.7436,0],[754021.4546,1565466.1739,0],[754079.7775,1565500.8368,0],[754099.8314,1565520.9028,0],[754108.9431,1565542.7883,0],[754108.9431,1565566.5035,0],[754096.1867,1565599.3368,0],[754061.5542,1565697.8467,0],[754023.277,1565836.4885,0],[753957.6565,1565966.0022,0],[753935.335,1566005.1342,0],[753930.5607,1566046.7857,0],[753949.7323,1566075.7198,0],[753968.7307,1566105.4138,0],[754011.6668,1566142.4363,0],[754150.0238,1566238.0968,0],[754285.198,1566289.0064,0],[754351.9811,1566296.7148,0],[754464.9079,1566292.0958,0],[754491.7976,1566314.8911,0],[754564.0065,1566384.0071,0],[754607.7507,1566422.3193,0],[754658.7924,1566466.1004,0],[754698.892,1566509.8815,0],[754722.4009,1566562.2108,0],[754753.3805,1566615.12,0],[754797.133,1566658.9011,0],[754851.8112,1566715.4496,0],[754886.452,1566761.0503,0],[754901.0306,1566803.0118,0],[754913.7869,1566855.911,0],[754937.3123,1566942.8233,0],[754970.1225,1566988.4241,0],[754999.2304,1567029.5557,0],[754991.2814,1567083.5547,0],[754965.8347,1567137.5537,0],[754916.5328,1567176.1258,0],[754854.5158,1567197.7215,0],[754803.6307,1567227.0355,0],[754773.4179,1567259.4389,0],[754722.5246,1567375.1453,0],[754685.946,1567435.3131,0],[754628.6951,1567517.0864,0],[754574.6271,1567588.052,0],[754542.7569,1567665.6062,0],[754529.1843,1567717.1957,0],[754528.0463,1567759.997,0],[754542.7569,1567809.3869,0],[754574.5611,1567842.8601,0],[754619.6906,1567881.8322,0],[754671.7384,1567900.4884,0],[754741.8776,1567924.6335,0],[754779.2065,1567946.589,0],[754828.426,1567988.8504,0],[754891.7705,1568054.707,0],[754939.0027,1568116.3145,0],[755000.4013,1568173.2429,0],[755090.8994,1568250.0772,0],[755161.0386,1568344.468,0],[755210.8187,1568408.1251,0],[755269.6611,1568476.1812,0],[755314.9143,1568531.0601,0],[755333.0139,1568579.3502,0],[755341.2927,1568625.8208,0],[755371.8601,1568665.1228,0],[755406.7977,1568686.9683,0],[755452.6611,1568708.8039,0],[755509.4337,1568750.2954,0],[755557.474,1568791.777,0],[755588.701,1568833.9884,0],[755622.6409,1568895.4559,0],[755658.8567,1568952.5343,0],[755701.834,1568976.6793,0],[755749.3548,1568972.2902,0],[755830.8155,1568939.3569,0],[755905.4816,1568886.6777,0],[755962.0564,1568860.333,0],[756027.6686,1568851.5548,0],[756093.289,1568853.7444,0],[756140.8015,1568849.3553,0],[756172.4821,1568836.1879,0],[756199.6356,1568790.0873,0],[756233.5755,1568757.164,0],[756276.5694,1568737.4081,0],[756317.2956,1568730.8194,0],[756380.6567,1568741.7972,0],[756439.4825,1568768.1318,0],[756505.0947,1568818.6215,0],[756577.5015,1568888.8672,0],[756618.2359,1568945.9456,0],[756634.0762,1568996.4353,0],[756658.0634,1569075.6592,0],[756682.0917,1569138.9963,0],[756719.2145,1569200.1339,0],[756763.0494,1569257.6622,0],[756801.5163,1569319.1196,0],[756833.1886,1569371.8089,0],[756833.1886,1569409.1213,0],[756803.7757,1569466.1997,0],[756787.9354,1569518.889,0],[756781.1491,1569569.3687,0],[756787.9354,1569604.4916,0],[756803.7757,1569626.4471,0],[756846.7695,1569652.7917,0],[756916.9087,1569661.6499,0],[756964.4295,1569679.2064,0],[756996.1017,1569709.9501,0],[757023.2553,1569767.0385,0],[757043.6225,1569824.1169,0],[757054.9358,1569872.427,0],[757054.9358,1569929.5154,0],[757050.4089,1570026.1257,0],[757034.5686,1570124.9256,0],[757043.6225,1570206.1591,0],[757043.6225,1570311.5476,0],[757050.4089,1570392.7811,0],[757084.3488,1570467.4359,0],[757131.8696,1570509.1474,0],[757174.8552,1570568.4354,0],[757211.0627,1570627.7133,0],[757233.6893,1570682.6021,0],[757253.2402,1570733.4818,0],[757272.6509,1570805.5871,0],[757286.5204,1570862.4455,0],[757305.9311,1570916.5245,0],[757324.1049,1570973.3229,0],[757355.8514,1571026.0622,0],[757411.3295,1571103.7164,0],[757437.3369,1571141.4787,0],[757475.8037,1571185.3898,0],[757493.9116,1571224.9117,0],[757509.7436,1571314.9334,0],[757523.3245,1571378.6004,0],[757530.1109,1571431.2897,0],[757509.7436,1571501.5554,0],[757493.9116,1571556.4442,0],[757493.9116,1571595.9662,0],[757512.0112,1571644.2664,0],[757552.7375,1571688.1774,0],[757588.945,1571778.1991,0],[757697.551,1572035.0768,0],[757747.3311,1572177.7978,0],[757785.798,1572252.4426,0],[757824.7019,1572299.453,0],[757880.8314,1572327.0974,0],[757948.7112,1572335.8756,0],[758030.1718,1572324.8978,0],[758122.9376,1572272.2086,0],[758189.4238,1572212.0908,0],[758220.5931,1572208.9714,0],[758228.0474,1572291.4346,0],[758231.5519,1572324.8978,0],[758256.4378,1572376.5673,0],[758275.5682,1572396.5832,0],[758294.5171,1572409.7106,0],[758329.8423,1572440.2144,0],[758297.8979,1572491.7639,0],[758285.859,1572544.4531,0],[758297.8979,1572585.7047,0],[758315.2719,1572625.6966,0],[758367.3114,1572691.5632,0],[758423.8779,1572772.7967,0],[758457.8178,1572873.7961,0],[758491.7742,1572990.1624,0],[758514.3926,1573187.7622,0],[758507.598,1573424.8839,0],[758500.8117,1573543.4498,0],[758498.5523,1573615.905,0],[758523.4383,1573686.1607,0],[758577.7371,1573782.7611,0],[758611.677,1573848.6377,0],[758643.8771,1573910.0252,0],[758660.7645,1573935.37,0],[758710.3221,1573974.1821,0],[758773.2379,1574019.3029,0],[758805.3142,1574067.4231,0],[758815.7122,1574127.6909,0],[758827.1739,1574175.8111,0],[758842.8575,1574202.7856,0],[758907.7771,1574247.6165,0],[758991.8187,1574305.3147,0],[759102.6923,1574373.3909,0],[759193.1987,1574437.0579,0],[759218.0929,1574480.969,0],[759233.9249,1574590.7466,0],[759254.2922,1574689.5565,0],[759292.759,1574748.8344,0],[759328.9583,1574803.7233,0],[759362.9147,1574821.2897,0],[759426.2593,1574821.2897,0],[759505.4523,1574825.6788,0],[759577.8673,1574847.6343,0],[759629.9069,1574880.5676,0],[759666.1226,1574922.2891,0],[759679.687,1574974.9784,0],[759677.4277,1575073.7783,0],[759663.8633,1575216.4893,0],[759650.2659,1575317.4887,0],[759618.5853,1575383.3553,0],[759564.3029,1575436.0546,0],[759546.1868,1575497.532,0],[759530.363,1575565.5882,0],[759485.0851,1575620.477,0],[759448.8859,1575659.999,0],[759433.0456,1575721.4765,0],[759424.0081,1575782.954,0],[759374.228,1575890.5421,0],[759322.1802,1575984.9428,0],[759258.8274,1576046.4203,0],[759197.7174,1576085.9423,0],[759091.2388,1576165.4761,0],[759061.595,1576202.9885,0],[759005.0121,1576286.4215,0],[758969.1921,1576355.9973,0],[758930.717,1576472.3636,0],[758923.2628,1576541.2096,0],[758919.9892,1576597.5082,0],[758910.96,1576620.7034,0],[758908.412,1576630.0615,0],[758908.9645,1576654.3666,0],[758940.8676,1576700.6772,0],[758958.4313,1576740.599,0],[758993.5421,1576806.0657,0],[759011.1057,1576841.1985,0],[759049.2593,1576892.4581,0],[759066.9631,1576919.4426,0],[759092.5005,1576964.1635,0],[759126.0198,1577007.2747,0],[759135.5932,1577042.4076,0],[759138.7926,1577083.9191,0],[759138.7926,1577133.4291,0],[759141.9261,1577178.9098,0],[759145.1254,1577217.232,0],[759158.7311,1577268.2516,0],[759161.1306,1577283.5285,0],[759181.8772,1577355.3839,0],[759220.1791,1577411.2825,0],[759284.0184,1577492.7159,0],[759315.9381,1577540.6262,0],[759344.6666,1577588.5264,0],[759365.4379,1577614.1512,0],[759394.1499,1577630.048,0],[759421.2788,1577644.4151,0],[759429.2607,1577661.9815,0],[759450.0073,1577706.6924,0],[759459.5807,1577737.0362,0],[759467.5132,1577774.0387,0],[759469.1459,1577781.7471,0],[759481.9269,1577807.3019,0],[759501.082,1577820.0693,0],[759539.3757,1577823.2687,0],[759601.6154,1577836.0461,0],[759686.2177,1577861.5909,0],[759767.6125,1577898.3234,0],[759801.1153,1577915.8798,0],[759820.2787,1577928.6572,0],[759828.8131,1577949.523,0],[759829.8521,1578006.9013,0],[759842.6332,1578093.1337,0],[759850.5986,1578141.044,0],[759860.1803,1578172.9775,0],[759885.7177,1578216.0887,0],[759909.6554,1578251.2215,0],[759946.2999,1578296.3424,0],[759960.7301,1578313.4989,0],[759965.5127,1578326.2763,0],[759965.5127,1578350.2314,0],[759959.1305,1578386.9539,0],[759949.557,1578426.8758,0],[759930.4019,1578474.786,0],[759906.4725,1578529.085,0],[759885.7177,1578581.7843,0],[759872.9531,1578621.7061,0],[759858.5806,1578655.2393,0],[759860.1803,1578711.1279,0],[759866.5626,1578762.2275,0],[759892.1,1578830.8936,0],[759916.0377,1578872.4051,0],[759936.7925,1578896.3602,0],[759971.9033,1578928.2937,0],[760005.4226,1578953.8485,0],[760025.7651,1578980.4631,0],[759997.4324,1578988.9814,0],[759959.1305,1579003.3484,0],[759925.6111,1579032.0926,0],[759909.6554,1579059.2371,0],[759888.9088,1579118.325,0],[759871.3452,1579188.5807,0],[759853.798,1579238.0907,0],[759849.0072,1579276.4129,0],[759849.0072,1579324.3131,0],[759861.7718,1579375.4127,0],[759864.9629,1579397.7682,0],[759876.136,1579428.112,0],[759890.5003,1579456.8561,0],[759909.6554,1579482.4109,0],[759935.1928,1579504.7664,0],[759955.9393,1579514.3444,0],[759975.9932,1579528.0816,0],[759989.4504,1579562.2447,0],[760000.6153,1579592.5885,0],[760003.8229,1579626.1217,0],[760000.6153,1579651.6765,0],[759981.4767,1579678.821,0],[759959.1305,1579705.9654,0],[759917.6374,1579745.8873,0],[759829.8521,1579825.7311,0],[759781.9767,1579865.6529,0],[759761.2302,1579889.5981,0],[759756.4394,1579915.1529,0],[759764.4213,1579935.9086,0],[759778.7856,1579958.2641,0],[759788.359,1579985.4186,0],[759789.9505,1580058.8636,0],[759785.5224,1580120.2511,0],[759777.1859,1580169.0512,0],[759764.4213,1580205.7837,0],[759751.6485,1580228.1391,0],[759727.7108,1580261.6723,0],[759719.7289,1580295.2055,0],[759718.1374,1580331.928,0],[759722.92,1580351.0941,0],[759735.6928,1580383.0276,0],[759759.6305,1580443.7053,0],[759766.0128,1580477.2484,0],[759762.8216,1580499.6039,0],[759758.0308,1580512.3713,0],[759735.6928,1580531.5374,0],[759692.6,1580550.7035,0],[759673.4532,1580561.8812,0],[759646.3161,1580581.0373,0],[759622.3702,1580606.5921,0],[759606.4227,1580636.9259,0],[759576.0862,1580683.2365,0],[759545.7663,1580727.9474,0],[759523.42,1580764.6799,0],[759520.2289,1580790.2247,0],[759531.2866,1580813.9399,0],[759560.1305,1580836.5353,0],[759579.2856,1580857.2911,0],[759580.8771,1580878.0569,0],[759579.2856,1580897.213,0],[759563.3217,1580922.7678,0],[759550.5571,1580959.4903,0],[759536.1929,1581013.7892,0],[759531.402,1581044.1231,0],[759539.3757,1581106.4004,0],[759544.1666,1581135.1445,0],[759553.7483,1581160.6993,0],[759579.2856,1581194.2325,0],[759614.3964,1581222.9767,0],[759627.161,1581253.3105,0],[759633.535,1581282.0546,0],[759628.7607,1581306.0097,0],[759609.6056,1581347.5313,0],[759598.4325,1581385.8535,0],[759598.4325,1581422.576,0],[759604.823,1581459.3085,0],[759612.7967,1581505.6191,0],[759625.3881,1581554.2092,0],[759630.3521,1581595.0409,0],[759633.535,1581630.1738,0],[759643.1332,1581655.7186,0],[759663.8715,1581686.0624,0],[759673.4532,1581711.6072,0],[759683.0184,1581746.74,0],[759678.2358,1581759.5174,0],[759660.6804,1581786.6619,0],[759646.3161,1581812.2167,0],[759641.5253,1581845.7499,0],[759644.7164,1581893.6501,0],[759660.6804,1581957.5271,0],[759676.6361,1581995.8493,0],[759681.4269,1582030.9822,0],[759675.0529,1582067.7047,0],[759660.6804,1582104.4372,0],[759633.535,1582150.7478,0],[759623.9699,1582200.2477,0],[759603.1079,1582234.9907,0],[759563.3217,1582270.5134,0],[759545.7663,1582292.8689,0],[759525.0197,1582348.7675,0],[759494.6915,1582401.4568,0],[759473.5079,1582440.6088,0],[759453.1984,1582478.1112,0],[759436.7232,1582506.5254,0],[759419.8522,1582523.382,0],[759393.7954,1582540.2485,0],[759376.7924,1582548.2669,0],[759355.2873,1582555.0255,0],[759332.5535,1582561.7841,0],[759304.8887,1582570.9023,0],[759274.2306,1582581.6401,0],[759220.1791,1582597.8768,0],[759165.9215,1582604.2655,0],[759102.0821,1582602.6658,0],[759051.0074,1582602.6658,0],[759025.47,1582609.0545,0],[759006.3231,1582628.2106,0],[758989.213,1582673.0815,0],[758978.378,1582713.4733,0],[758960.031,1582775.1207,0],[758939.2927,1582846.9861,0],[758923.3287,1582880.5193,0],[758895.5979,1582908.1536,0],[758872.6003,1582925.0102,0],[758840.3425,1582939.5972,0],[758819.5878,1582947.5856,0],[758769.8983,1582961.8027,0],[758725.4449,1582963.3324,0],[758670.2555,1582963.3324,0],[758628.9933,1582964.8721,0],[758613.0211,1583025.0898,0],[758601.9634,1583074.2498,0],[758593.3548,1583117.2611,0],[758581.7858,1583167.9508,0],[758580.1862,1583219.0504,0],[758586.5684,1583294.1051,0],[758597.7416,1583362.7711,0],[758609.2198,1583441.1651,0],[758628.0698,1583509.6812,0],[758637.6432,1583562.3705,0],[758634.4521,1583597.5033,0],[758621.6792,1583632.6362,0],[758596.1501,1583658.181,0],[758538.6931,1583680.5364,0],[758489.218,1583682.1361,0],[758446.1252,1583688.5248,0],[758385.477,1583696.5132,0],[758300.8829,1583718.8686,0],[758251.4079,1583728.4467,0],[758206.7154,1583744.4134,0],[758139.6932,1583782.7356,0],[758075.8456,1583832.2455,0],[758026.3705,1583875.3568,0],[757975.2958,1583928.056,0],[757927.4204,1583985.5443,0],[757900.2916,1584027.0559,0],[757896.3006,1584047.8117,0],[757899.8793,1584125.4259,0],[757894.7009,1584167.5773,0],[757893.1094,1584215.4875,0],[757896.3006,1584252.2101,0],[757909.0651,1584296.921,0],[757923.4294,1584336.8428,0],[757942.5927,1584384.7531,0],[757950.5665,1584421.4756,0],[757961.7396,1584478.9639,0],[757981.6863,1584546.0303,0],[758007.2154,1584598.7295,0],[758013.6059,1584617.8956,0],[758004.0325,1584645.0401,0],[757978.4951,1584683.3623,0],[757957.7486,1584726.4835,0],[757949.7666,1584777.5731,0],[757957.7486,1584878.1826,0],[757954.5575,1584918.1045,0],[757948.1669,1584938.8603,0],[757900.2916,1584967.6044,0],[757876.4198,1584984.291,0],[757871.563,1585036.2705,0],[757879.5533,1585074.5927,0],[757893.9093,1585122.5029,0],[757925.8289,1585178.3915,0],[757968.3033,1585280.5207,0],[758013.6059,1585357.2351,0],[758053.5076,1585406.7351,0],[758098.1918,1585461.034,0],[758142.8925,1585500.9559,0],[758185.9771,1585521.7117,0],[758219.4882,1585531.2897,0],[758253.0075,1585529.7,0],[758280.1364,1585531.2897,0],[758319.3371,1585538.9282,0],[758375.8954,1585569.6119,0],[758415.797,1585595.1667,0],[758476.4452,1585628.6999,0],[758602.5324,1585697.3659,0],[758663.1806,1585735.6881,0],[758727.0199,1585785.188,0],[758778.0864,1585829.8989,0],[758827.5697,1585860.2427,0],[758872.2457,1585904.9536,0],[758891.4091,1585938.4868,0],[758896.1916,1585967.231,0],[758897.7913,1586015.1412,0],[758893.0005,1586090.2059,0],[758893.0005,1586138.1062,0],[758904.6601,1586165.7906,0],[758920.4509,1586189.4757,0],[758937.8332,1586228.9577,0],[758968.0129,1586318.5495,0],[758996.7415,1586406.3816,0],[759025.47,1586470.2486,0],[759044.6251,1586532.5259,0],[759060.1932,1586582.6957,0],[759058.0411,1586613.7094,0],[759043.9489,1586637.3646,0],[759021.5202,1586671.1577,0],[759012.7054,1586720.9576,0],[759010.3059,1586791.2232,0],[759024.5052,1586839.0635,0],[759077.3364,1586885.4341,0],[759115.6465,1586931.7446,0],[759149.1577,1586986.0336,0],[759177.8862,1587024.3558,0],[759197.0413,1587048.3109,0],[759238.5426,1587073.8657,0],[759270.4458,1587091.4321,0],[759308.7725,1587115.3773,0],[759342.2753,1587136.143,0],[759401.3403,1587161.6878,0],[759474.7613,1587192.0317,0],[759516.2462,1587201.6097,0],[759560.9386,1587206.3987,0],[759610.4137,1587217.5765,0],[759650.3483,1587241.0417,0],[759672.6533,1587275.0648,0],[759699.7904,1587322.975,0],[759750.8569,1587375.6643,0],[759806.7308,1587437.9416,0],[759829.0605,1587469.8851,0],[759835.3191,1587504.668,0],[759802.377,1587613.096,0],[759776.3943,1587752.5276,0],[759779.5854,1587814.8049,0],[759777.994,1587873.8829,0],[759773.2114,1587918.5938,0],[759784.3763,1587971.2931,0],[759801.9234,1588009.6152,0],[759822.6782,1588043.1484,0],[759868.9539,1588092.6583,0],[759904.0812,1588130.9805,0],[759915.2461,1588161.3244,0],[759921.6284,1588201.2362,0],[759918.4372,1588250.7462,0],[759899.2904,1588335.3789,0],[759888.1172,1588397.6563,0],[759873.7612,1588439.1678,0],[759873.7612,1588479.0897,0],[759884.9261,1588522.2109,0],[759883.3264,1588549.3554,0],[759875.3444,1588571.7108,0],[759849.8153,1588594.0663,0],[759824.2779,1588614.8221,0],[759821.8784,1588629.999,0],[759837.0507,1588645.1659,0],[759867.3707,1588665.1218,0],[759891.3084,1588681.0986,0],[759905.6809,1588693.0761,0],[759918.4372,1588714.6317,0],[759925.6193,1588733.7878,0],[759928.8105,1588758.5428,0],[759932.8015,1588789.6865,0],[759941.5833,1588825.6092,0],[759959.9385,1588856.7528,0],[759966.3208,1588878.3084,0],[759966.3208,1588907.0526,0],[759959.9385,1588954.153,0],[759951.9566,1588979.7078,0],[759930.4102,1589003.6629,0],[759892.1082,1589033.9967,0],[759864.9712,1589049.9735,0],[759825.0778,1589064.3406,0],[759790.7586,1589080.3073,0],[759784.3763,1589083.5067,0],[759766.8209,1589109.0515,0],[759762.03,1589131.4069,0],[759761.2384,1589164.9401,0],[759766.8209,1589218.4392,0],[759766.8209,1589237.5953,0],[759769.2039,1589267.9391,0],[759776.7159,1589306.0914,0],[759787.5674,1589314.2497,0],[759839.4338,1589314.2497,0],[759873.7612,1589311.0503,0],[759908.8638,1589308.6608,0],[759939.1838,1589311.8502,0],[759968.7039,1589317.439,0],[759977.4939,1589315.8494,0],[759993.0539,1589303.072,0],[760010.6093,1589288.6949,0],[760032.9555,1589237.5953,0],[760053.6938,1589183.3063,0],[760090.4208,1589127.4177,0],[760114.3502,1589101.8629,0],[760135.0968,1589092.2849,0],[760157.4513,1589087.4959,0],[760182.9804,1589087.4959,0],[760221.2741,1589082.7068,0],[760272.3571,1589092.2849,0],[760313.8502,1589101.8629,0],[760348.961,1589114.6403,0],[760388.8709,1589136.9958,0],[760436.738,1589165.7399,0],[760475.0482,1589194.4841,0],[760513.3501,1589229.6169,0],[760524.5315,1589239.195,0],[760548.4609,1589267.9391,0],[760559.6341,1589293.4839,0],[760575.5898,1589311.0503,0],[760594.7449,1589333.4058,0],[760620.274,1589354.1716,0],[760638.6375,1589385.3052,0],[760672.1486,1589422.8376,0],[760708.8591,1589451.5717,0],[760733.5966,1589466.7487,0],[760771.8986,1589485.1149,0],[760807.8092,1589503.4712,0],[760818.1908,1589509.06,0],[760825.3646,1589517.8483,0],[760830.1555,1589529.8158,0],[760844.5197,1589549.7818,0],[760866.0661,1589585.7144,0],[760888.4041,1589613.6588,0],[760905.1679,1589628.0258,0],[760934.6963,1589661.559,0],[760961.8251,1589692.7027,0],[760984.9712,1589722.2367,0],[761009.4201,1589756.7096,0],[761029.6884,1589803.0202,0],[761032.8713,1589823.2261,0],[761035.0482,1589849.0208,0],[761038.1074,1589868.3269,0],[761047.8458,1589896.6511,0],[761064.6013,1589926.3951,0],[761088.7369,1589963.9175,0],[761125.1341,1590001.5398,0],[761149.2944,1590037.0326,0],[761162.1909,1590080.7337,0],[761161.7209,1590102.2893,0],[761168.2433,1590131.9033,0],[761176.0851,1590143.8108,0],[761188.8579,1590156.5882,0],[761214.3211,1590186.9021,0],[761244.7153,1590217.2659,0],[761308.5546,1590287.5216,0],[761340.4743,1590330.6428,0],[761381.4149,1590389.3409,0],[761425.0849,1590460.8263,0],[761446.6808,1590487.5009,0],[761477.0585,1590511.556,0],[761515.3439,1590533.4515,0],[761537.5335,1590555.627,0],[761563.1203,1590593.1494,0],[761585.2934,1590639.21,0],[761597.2416,1590683.571,0],[761617.7078,1590733.0409,0],[761624.5354,1590758.6257,0],[761624.824,1590795.8981,0],[761608.0272,1590831.7508,0],[761597.959,1590864.2342,0],[761596.8293,1590896.7276,0],[761608.0272,1590941.5485,0],[761625.9454,1590963.9539,0],[761655.6717,1590980.7205,0],[761777.669,1591017.0831,0],[761992.6134,1591092.8677,0],[762034.1394,1591137.0187,0],[762050.2024,1591172.9214,0],[762052.7915,1591235.2587,0],[762032.0285,1591269.0318,0],[761933.3917,1591300.1955,0],[761842.5555,1591346.9459,0],[761803.9649,1591350.4852,0],[761772.4741,1591349.5454,0],[761580.4036,1591310.5833,0],[761497.1866,1591304.5546,0],[761449.0391,1591292.2271,0],[761342.6677,1591236.2085,0],[761286.1259,1591214.9228,0],[761237.9784,1591209.314,0],[761193.1953,1591212.6733,0],[761173.0507,1591219.4019,0],[761155.1407,1591232.8492,0],[761142.64,1591249.9157,0],[761140.4878,1591258.444,0],[761137.9234,1591269.5117,0],[761136.9174,1591294.3966,0],[761135.4744,1591319.4116,0],[761130.4114,1591355.3842,0],[761126.3957,1591375.92,0],[761120.8792,1591392.7166,0],[761115.8657,1591401.4349,0],[761109.8463,1591405.784,0],[761100.3141,1591416.3618,0],[761093.2062,1591437.5275,0],[761091.1364,1591466.5416,0],[761102.994,1591525.8195,0],[761103.0682,1591575.6794,0],[761092.9835,1591613.7716,0],[761079.5593,1591649.6243,0],[761042.016,1591698.7743,0],[760999.187,1591728.9482,0],[760970.945,1591725.4189,0],[760934.3335,1591712.9015,0],[760889.0473,1591700.634,0],[760853.384,1591702.2836,0],[760810.8437,1591709.0122,0],[760783.9705,1591722.4495,0],[760743.6648,1591778.4681,0],[760740.3088,1591831.1274,0],[760744.7862,1591911.801,0],[760760.4534,1591949.8932,0],[760780.0537,1591985.7359,0],[760800.8333,1592021.5186,0],[760835.1854,1592077.3273,0],[760855.2146,1592128.8468,0],[760865.7033,1592229.9862,0],[760906.0172,1592301.6916,0],[760963.8536,1592344.8228,0],[761007.4741,1592371.8473,0],[761011.9681,1592375.5066,0],[761022.663,1592399.3417,0],[761026.9508,1592463.7386,0],[761019.8016,1592536.7338,0],[761014.0708,1592559.6291,0],[761005.4869,1592582.5244,0],[760999.7642,1592609.7189,0],[761015.5056,1592644.0619,0],[761041.2656,1592676.9852,0],[761052.7273,1592722.7859,0],[761056.0421,1592765.5272,0],[761071.7257,1592802.4997,0],[761103.0764,1592849.5501,0],[761115.3957,1592891.0017,0],[761105.3193,1592921.2555,0],[761092.9918,1592943.6609,0],[761066.1268,1592969.4357,0],[761051.5729,1593012.007,0],[761043.7393,1593066.9059,0],[761038.1322,1593087.0717,0],[761032.8218,1593124.0442,0],[761040.0947,1593138.6113,0],[761045.1329,1593154.858,0],[761042.8983,1593164.376,0],[761034.7843,1593174.464,0],[761022.4651,1593200.2287,0],[761018.3751,1593233.7119,0],[761019.8099,1593273.7837,0],[761035.5512,1593309.5565,0],[761061.3112,1593336.7509,0],[761094.9625,1593366.045,0],[761113.9939,1593406.3868,0],[761121.1183,1593444.439,0],[761119.5929,1593499.3778,0],[761101.6746,1593565.4744,0],[761092.7196,1593601.3271,0],[761097.1971,1593646.1479,0],[761091.6065,1593689.8391,0],[761080.9693,1593721.2127,0],[761059.1343,1593730.1708,0],[761010.9868,1593736.8995,0],[760984.5177,1593747.7173,0],[760886.153,1593842.208,0],[760761.3027,1593990.6778,0],[760743.5906,1594070.9315,0],[760733.5719,1594131.0393,0],[760732.1454,1594166.822,0],[760735.0067,1594196.8759,0],[760755.0441,1594236.9477,0],[760796.5454,1594272.7304,0],[760829.4628,1594299.9149,0],[760862.3802,1594325.6796,0],[760879.5563,1594342.8661,0],[760896.7242,1594364.3318,0],[760913.9003,1594400.1045,0],[760931.703,1594439.3865,0],[760951.6333,1594472.2198,0],[760977.2861,1594500.724,0],[761024.3204,1594527.7985,0],[761095.5727,1594549.1741,0],[761124.0786,1594567.7004,0],[761136.9421,1594585.0368,0],[761155.4293,1594616.1505,0],[761172.5312,1594653.203,0],[761178.2291,1594693.1148,0],[761179.6556,1594737.2859,0],[761182.5004,1594782.8966,0],[761188.2065,1594822.7984,0],[761195.3309,1594859.8509,0],[761203.8819,1594891.2045,0],[761279.3149,1595004.0616,0],[761296.4992,1595025.3472,0],[761336.8049,1595056.7208,0],[761369.2688,1595073.5274,0],[761390.9224,1595092.3636,0],[761416.2948,1595127.3065,0],[761434.7738,1595162.5093,0],[761478.8973,1595235.2345,0],[761527.1355,1595317.7677,0],[761538.1272,1595331.7648,0],[761547.6924,1595341.4129,0],[761560.0529,1595346.6218,0],[761588.1547,1595316.6479,0],[761604.9597,1595288.6336,0],[761623.9829,1595267.348,0],[761643.0226,1595216.9282,0],[761659.8193,1595155.3108,0],[761660.9325,1595106.0108,0],[761662.054,1595080.246,0],[761665.4018,1595067.9186,0],[761678.859,1595063.4395,0],[761728.1197,1595067.9186,0],[761915.0942,1595134.0251,0],[761963.2334,1595138.5042,0],[762034.626,1595139.1241,0],[762288.9855,1595136.5246,0],[762338.3122,1595136.2646,0],[762375.2618,1595126.1767,0],[762416.6889,1595108.2503,0],[762480.5035,1595076.8867,0],[762514.0971,1595078.0065,0],[762562.2363,1595095.9329,0],[762597.5038,1595108.2503,0],[762628.8545,1595131.7856,0],[762665.8041,1595167.6383,0],[762703.8752,1595216.9282,0],[762710.5873,1595276.3161,0],[762722.4448,1595310.5492,0],[762735.465,1595336.6039,0],[762791.1987,1595364.8181,0],[762825.9137,1595388.3533,0],[762854.8236,1595422.2364,0],[762876.2958,1595446.6115,0],[762896.4486,1595479.1049,0],[762908.4875,1595518.8768,0],[762926.9582,1595598.4206,0],[762961.0548,1595675.025,0],[762983.8546,1595706.3786,0],[763005.236,1595726.3245,0],[763025.1827,1595740.5816,0],[763055.1151,1595757.6782,0],[763093.5903,1595777.6341,0],[763133.4919,1595801.8592,0],[763164.8508,1595821.8051,0],[763194.775,1595838.9116,0],[763226.1257,1595857.4378,0],[763257.4764,1595874.5344,0],[763310.2086,1595903.0386,0],[763386.9279,1595941.7107,0],[763599.7532,1596097.549,0],[763655.8579,1596134.5314,0],[763711.8307,1596158.0567,0],[763768.7105,1596182.5817,0],[763903.6702,1596255.3169,0],[763965.9841,1596283.5411,0],[763993.5252,1596304.4669,0],[764017.6361,1596255.9867,0],[764066.3278,1596156.6969,0],[764100.3419,1596131.1621,0],[764169.7554,1596105.3974,0],[764207.8265,1596087.471,0],[764261.5646,1596056.0974,0],[764290.4498,1596029.2629,0],[764314.1979,1595977.6734,0],[764351.1475,1595920.535,0],[764391.4449,1595890.2812,0],[764466.6635,1595858.5876,0],[764545.9556,1595819.6955,0],[764655.683,1595742.3913,0],[764695.9804,1595708.7781,0],[764749.7269,1595680.7738,0],[764775.4704,1595669.5661,0],[764822.5047,1595662.8475,0],[764895.2825,1595656.1188,0],[764925.5118,1595643.8013,0],[764945.6646,1595623.6354,0],[764950.876,1595606.5689,0],[764929.4203,1595563.1278,0],[764874.5772,1595493.6719,0],[764851.0518,1595452.2103,0],[764837.6276,1595407.3895,0],[764826.4215,1595379.3852,0],[764812.9477,1595329.1954,0],[764817.4665,1595266.2182,0],[764842.0968,1595175.4667,0],[764865.6057,1595139.614,0],[764890.6566,1595114.769,0],[764908.1543,1595067.9186,0],[764927.1857,1595002.9318,0],[764940.6264,1594971.5682,0],[765001.3405,1594889.7648,0],[765042.8831,1594845.6038,0],[765067.5877,1594823.1284,0],[765068.8328,1594778.0775,0],[765081.8117,1594611.8414,0],[765083.7578,1594454.7134,0],[765097.3799,1594391.0663,0],[765149.2957,1594261.1928,0],[765211.5931,1594139.1176,0],[765253.6304,1594106.5042,0],[765320.6031,1594079.3798,0],[765533.4614,1594054.8548,0],[765587.9499,1594037.8182,0],[765746.2701,1593983.2793,0],[765808.5675,1593959.8941,0],[765964.2902,1593936.5188,0],[766057.7404,1593954.7051,0],[766174.5428,1593985.8688,0],[766283.5528,1593996.2567,0],[766318.8945,1594021.4816,0],[766348.0024,1594057.3243,0],[766400.6273,1594132.399,0],[766421.11,1594172.8807,0],[766459.9644,1594264.6021,0],[766478.5176,1594323.3701,0],[766499.8413,1594328.2991,0],[766546.1747,1594329.5788,0],[766636.8708,1594320.6207,0],[766680.5325,1594319.5009,0],[766711.8173,1594320.9306,0],[766774.5846,1594315.0218,0],[766845.1278,1594291.4866,0],[766899.9874,1594279.1691,0],[766942.8246,1594276.7796,0],[766983.9549,1594261.2427,0],[766998.5088,1594243.3164,0],[766999.9271,1594198.8554,0],[766968.7825,1594084.5687,0],[766968.5599,1594056.6944,0],[766984.3507,1594022.2314,0],[767246.5108,1593928.7304,0],[767323.2136,1593884.7894,0],[767363.5193,1593871.3421,0],[767463.1456,1593840.5884,0],[767506.0652,1593804.0558,0],[767528.0981,1593794.0378,0],[767543.8394,1593784.7897,0],[767575.1901,1593782.5502,0],[767603.6795,1593789.5588,0],[767629.8518,1593790.7485,0],[767663.9402,1593790.1586,0],[767675.3359,1593789.9187,0],[767756.5163,1593796.2774,0],[767794.5791,1593807.4851,0],[767852.803,1593829.8905,0],[767884.1454,1593845.5774,0],[767926.694,1593903.8355,0],[767973.72,1593988.4483,0],[767994.714,1594013.6331,0],[768012.3518,1594023.3312,0],[768027.1696,1594027.1804,0],[768038.6561,1594029.32,0],[768119.2757,1594031.5595,0],[768210.2438,1594045.5666,0],[768258.548,1594063.1131,0],[768308.089,1594097.5561,0],[768339.3738,1594126.7401,0],[768354.8512,1594161.1331,0],[768360.0131,1594217.8916,0],[768363.0723,1594250.035,0],[768363.0723,1594281.4086,0],[768359.7163,1594316.1416,0],[768357.0941,1594420.6103,0],[768365.1915,1594455.9931,0],[768401.7783,1594520.8299,0],[768406.4042,1594553.9432,0],[768412.8195,1594613.911,0],[768424.8584,1594714.1606,0],[768450.3793,1594803.4724,0],[768463.1439,1594843.5742,0],[768481.3754,1594885.4957,0],[768515.9997,1594952.932,0],[768523.3798,1595004.4715,0],[768515.7359,1595030.0163,0],[768484.5913,1595092.3436,0],[768440.4761,1595126.1167,0],[768378.3354,1595168.3981,0],[768357.9599,1595174.6268,0],[768355.3625,1595246.0723,0],[768354.9584,1595264.3386,0],[768361.8354,1595385.154,0],[768365.5213,1595402.4905,0],[768371.2522,1595418.9771,0],[768392.7491,1595469.0169,0],[768424.0916,1595503.7498,0],[768463.2841,1595530.6444,0],[768478.9594,1595556.4091,0],[768523.7426,1595624.7552,0],[768536.4989,1595674.1552,0],[768541.6608,1595724.4649,0],[768546.1383,1595777.1242,0],[768549.783,1595823.8447,0],[768549.4861,1595897.5297,0],[768505.3544,1595962.4665,0],[768461.2308,1596019.6048,0],[768460.868,1596021.1345,0],[768448.3014,1596056.0974,0],[768445.7287,1596084.0617,0],[768424.8914,1596170.2542,0],[768424.8914,1596219.6041,0],[768443.0653,1596289.7399,0],[768437.8704,1596352.0772,0],[768408.4245,1596385.2204,0],[768387.1254,1596414.4245,0],[768373.594,1596445.2582,0],[768380.7761,1596502.7265,0],[768385.9628,1596588.4391,0],[768414.5099,1596720.9121,0],[768430.2512,1596750.756,0],[768466.4257,1596801.4257,0],[768544.2912,1596874.1509,0],[768570.5295,1596908.154,0],[768581.4223,1596946.0763,0],[768593.6096,1596985.8382,0],[768623.9461,1597024.1304,0],[768666.4947,1597068.9413,0],[768675.4496,1597112.6424,0],[768686.6557,1597144.006,0],[768694.8356,1597152.0743,0],[768719.1196,1597173.14,0],[768818.7707,1597242.6059,0],[768949.7641,1597322.1497,0],[769010.2227,1597329.9981,0],[769072.9241,1597337.8365,0],[769112.7185,1597357.2626,0],[769131.1562,1597369.2101,0],[769149.0662,1597417.0104,0],[769162.0287,1597500.1235,0],[769137.7117,1597661.2907,0],[769153.5354,1597694.124,0],[769189.0915,1597795.5134,0],[769201.4108,1597829.1265,0],[769218.7683,1597868.8984,0],[769222.6768,1597939.4841,0],[769228.284,1597975.8966,0],[769237.3132,1597996.2225,0],[769255.7097,1598017.3582,0],[769279.7876,1598029.6757,0],[769302.744,1598050.4115,0],[769322.3279,1598077.8559,0],[769343.0414,1598123.2267,0],[769429.26,1598304.1698,0],[769481.8767,1598425.1752,0],[769500.9164,1598476.7147,0],[769505.3939,1598515.9267,0],[769500.9164,1598559.6278,0],[769500.3639,1598604.4387,0],[769500.3474,1598664.9364,0],[769491.6728,1598692.3108,0],[769491.3924,1598734.4023,0],[769511.537,1598760.177,0],[769564.1702,1598794.9099,0],[769598.877,1598835.2417,0],[769612.3095,1598863.7859,0],[769623.7465,1598893.8298,0],[769648.1624,1598956.2971,0],[769660.3828,1599009.1963,0],[769663.8213,1599072.7634,0],[769652.6234,1599124.3029,0],[769643.6684,1599162.3951,0],[769640.8566,1599195.1385,0],[769637.3769,1599235.2303,0],[769642.7944,1599263.4146,0],[769647.0245,1599285.64,0],[769649.5477,1599314.1242,0],[769658.7171,1599377.4014,0],[769663.0379,1599405.7156,0],[769668.6286,1599425.5716,0],[769677.2538,1599466.0233,0],[769687.3302,1599504.1156,0],[769695.4441,1599546.6869,0],[769700.4823,1599565.1731,0],[769706.9305,1599580.9399,0],[769725.2281,1599608.4543,0],[769763.1425,1599654.0751,0],[769820.5171,1599700.6256,0],[769838.023,1599722.6811,0],[769854.5971,1599743.5968,0],[769877.9164,1599791.937,0],[769889.5265,1599820.9811,0],[769906.6119,1599867.1417,0],[769913.7858,1599884.2982,0],[769923.4994,1599907.5535,0],[769955.0315,1599945.9256,0],[769965.7923,1599976.3695,0],[769963.9865,1600012.1822,0],[769947.8576,1600060.5223,0],[769919.0631,1600094.3954,0],[769879.681,1600136.2669,0],[769846.7718,1600167.6005,0],[769789.1169,1600202.4534,0],[769745.8427,1600212.0515,0],[769717.1966,1600225.9087,0],[769699.7237,1600241.5855,0],[769677.8145,1600295.1146,0],[769656.5402,1600342.165,0],[769632.4871,1600399.4833,0],[769622.6415,1600411.9508,0],[769573.7024,1600442.0747,0],[769542.327,1600462.0506,0],[769506.5071,1600492.3044,0],[769476.2778,1600537.1153,0],[769470.6789,1600552.8021,0],[769463.9585,1600575.2076,0],[769462.8371,1600595.3935,0],[769468.4442,1600630.1264,0],[769484.1113,1600667.0989,0],[769486.3542,1600691.7438,0],[769484.1113,1600711.9097,0],[769478.5207,1600729.8361,0],[769466.2014,1600747.7624,0],[769462.8371,1600755.6008,0],[769459.2584,1600770.9377,0],[769471.8003,1600801.5415,0],[769498.6735,1600828.436,0],[769543.4567,1600865.4085,0],[769558.0106,1600882.2151,0],[769566.9738,1600904.6205,0],[769571.4513,1600931.505,0],[769577.042,1600946.0721,0],[769603.907,1600971.8468,0],[769630.7884,1600999.8511,0],[769667.738,1601042.4325,0],[769690.8512,1601055.4598,0],[769726.5474,1601081.5445,0],[769769.063,1601140.2525,0],[769785.802,1601184.1036,0],[769785.1094,1601223.5456,0],[769766.2924,1601323.7852,0],[769755.8284,1601386.4324,0],[769755.8284,1601453.2488,0],[769766.2924,1601507.5478,0],[769787.2038,1601580.6329,0],[769799.754,1601653.728,0],[769810.754,1601751.6881,0],[769810.754,1601815.3551,0],[769821.9766,1601837.8306,0],[769855.6608,1601860.296,0],[769889.2214,1601894.789,0],[769896.2139,1601934.6409,0],[769900.1966,1602054.1965,0],[769909.1764,1602185.6997,0],[769904.3113,1602302.236,0],[769885.1645,1602412.6735,0],[769871.9629,1602447.8264,0],[769852.1564,1602493.947,0],[769819.1565,1602537.8881,0],[769814.8274,1602551.0954,0],[769816.9631,1602564.2427,0],[769836.7614,1602608.1738,0],[769859.6271,1602653.6945,0],[769889.2214,1602699.7851,0],[769894.2102,1602716.7217,0],[769918.1643,1602819.0508,0],[769953.3741,1602931.078,0],[769994.1333,1603021.3297,0],[770046.5274,1603096.2344,0],[770070.3332,1603123.2089,0],[770098.9215,1603148.6637,0],[770151.3238,1603174.8884,0],[770222.4195,1603204.8423,0],[770286.0444,1603231.067,0],[770315.9769,1603253.5324,0],[770345.934,1603290.9848,0],[770357.1484,1603339.6749,0],[770353.784,1603405.5515,0],[770365.9467,1603528.7364,0],[770380.1872,1603631.8054,0],[770398.1797,1603708.4098,0],[770426.3887,1603785.5641,0],[770427.0319,1603811.1389,0],[770422.8842,1603835.284,0],[770408.7921,1603862.4485,0],[770359.0367,1603938.7529,0],[770345.2414,1603989.4326,0],[770345.2414,1604026.2851,0],[770352.1431,1604067.7467,0],[770365.9467,1604097.6906,0],[770395.5905,1604126.0448,0],[770430.792,1604154.599,0],[770490.1868,1604209.5178,0],[770523.1949,1604227.0942,0],[770562.808,1604227.0942,0],[770602.4127,1604222.6951,0],[770650.8076,1604224.8947,0],[770690.4124,1604229.2838,0],[770770.1002,1604250.3595,0],[770787.532,1604257.2781,0],[770796.1818,1604269.8855,0],[770802.0446,1604284.8525,0],[770807.2725,1604327.9737,0],[770799.7523,1604366.3059,0],[770777.5957,1604398.9692,0],[770745.9894,1604727.5924,0],[770728.6814,1604791.7193,0],[770700.3651,1604825.3025,0],[770673.6321,1604840.5594,0],[770640.5745,1604839.0397,0],[770583.9503,1604825.3025,0],[770554.0591,1604823.7728,0],[770528.8846,1604834.4606,0],[770497.4267,1604877.2019,0],[770465.9605,1604939.7892,0],[770437.6525,1605032.9002,0],[770417.1946,1605097.0172,0],[770406.1864,1605127.5409,0],[770379.4699,1605177.2908,0],[770357.4452,1605235.299,0],[770324.4124,1605311.6235,0],[770281.938,1605371.1614,0],[770245.7552,1605412.373,0],[770198.9601,1605459.2534,0],[770198.9601,1605482.1488,0],[770241.2942,1605507.8035,0],[770299.1801,1605552.8244,0],[770359.2098,1605602.1343,0],[770436.3992,1605640.7265,0],[770496.2887,1605668.3909,0],[770523.03,1605694.3356,0],[770551.3627,1605738.6066,0],[770591.8746,1605791.3158,0],[770621.7657,1605811.1618,0],[770657.9485,1605817.2706,0],[770777.505,1605811.1618,0],[770898.6447,1605806.5827,0],[771024.501,1605800.474,0],[771070.117,1605800.474,0],[771084.2587,1605806.4728,0],[771103.0262,1605827.0486,0],[771129.7675,1605863.6911,0],[771146.8199,1605882.3973,0],[771180.1166,1605910.0817,0],[771233.1951,1605934.2767,0],[771263.2924,1605950.7934,0],[771286.2818,1605978.7977,0],[771291.7653,1605988.5357,0],[771312.9901,1606033.9764,0],[771325.3094,1606103.0624,0],[771356.1571,1606170.2887,0],[771384.0281,1606204.5817,0],[771420.4747,1606230.3165,0],[771456.9213,1606253.9017,0],[771480.5045,1606290.3443,0],[771482.6484,1606339.6542,0],[771478.3605,1606401.8316,0],[771463.3531,1606455.4307,0],[771452.6335,1606500.4515,0],[771459.0653,1606528.3258,0],[771476.2166,1606543.3328,0],[771499.808,1606549.7615,0],[771538.3985,1606549.7615,0],[771576.9891,1606549.7615,0],[771615.5796,1606564.7784,0],[771643.4506,1606596.9319,0],[771671.3215,1606656.9596,0],[771703.4803,1606719.137,0],[771714.1999,1606766.3074,0],[771714.1999,1606794.1817,0],[771711.2314,1606853.7796,0],[771726.1647,1606892.3817,0],[771747.9996,1606931.6437,0],[771780.6614,1606965.6968,0],[771808.5324,1607002.1394,0],[771819.252,1607032.1533,0],[771812.8202,1607072.895,0],[771793.525,1607111.4871,0],[771780.6614,1607145.7901,0],[771772.0858,1607175.804,0],[771774.2297,1607207.9675,0],[771789.2371,1607240.1209,0],[771806.3885,1607263.7061,0],[771832.1155,1607291.5805,0],[771857.8425,1607323.7339,0],[771861.7923,1607363.7558,0],[771849.2009,1607392.7599,0],[771840.6912,1607426.653,0],[771824.0263,1607491.9797,0],[771809.8682,1607565.2548,0],[771794.1351,1607615.6245,0],[771773.6855,1607685.8502,0],[771754.8107,1607739.2793,0],[771754.8107,1607768.2834,0],[771763.5101,1607810.4149,0],[771782.8054,1607857.5853,0],[771799.9567,1607894.0278,0],[771819.252,1607941.1982,0],[771844.979,1607996.9369,0],[771870.7061,1608029.1003,0],[771905.0088,1608046.2568,0],[771937.1676,1608054.8251,0],[772041.6671,1608083.5593,0],[772107.7081,1608115.7427,0],[772118.0072,1608139.7778,0],[772111.1384,1608230.7593,0],[772131.7448,1608283.9785,0],[772081.9563,1608386.9775,0],[772083.6797,1608424.7398,0],[772097.4091,1608436.7574,0],[772189.0121,1608482.678,0],[772262.5651,1608529.0986,0],[772301.906,1608567.2608,0],[772327.0806,1608622.2196,0],[772338.0888,1608703.1231,0],[772361.6884,1608776.3882,0],[772364.8383,1608814.5505,0],[772349.1052,1608860.3511,0],[772309.7725,1608887.8256,0],[772253.1401,1608889.3552,0],[772298.7561,1608932.0965,0],[772314.4974,1608977.8872,0],[772322.3639,1609017.5891,0],[772338.0393,1609109.9303,0],[772328.5978,1609141.9838,0],[772308.1481,1609167.9385,0],[772278.2569,1609187.7845,0],[772270.3904,1609212.2095,0],[772282.9735,1609253.4211,0],[772273.5403,1609294.6427,0],[772235.7908,1609418.2876,0],[772232.6409,1609468.6573,0],[772223.1747,1609539.113,0],[772229.4663,1609580.3246,0],[772260.9406,1609620.0165,0],[772366.339,1609761.9776,0],[772410.3883,1609830.6736,0],[772449.721,1609914.6265,0],[772490.6204,1609997.0598,0],[772533.0947,1610070.3349,0],[772596.0188,1610186.3512,0],[772621.1851,1610226.0332,0],[772658.9428,1610274.8832,0],[772707.717,1610316.0948,0],[772748.6164,1610352.7374,0],[772778.5075,1610393.949,0],[772802.1072,1610456.5362,0],[772807.6319,1610511.815,0],[772792.6244,1610578.2815,0],[772717.3646,1610810.4042,0],[772682.5507,1610896.1668,0],[772636.9264,1610970.9715,0],[772571.7925,1611047.8059,0],[772531.058,1611088.5476,0],[772477.46,1611127.1297,0],[772441.0134,1611144.2863,0],[772413.1342,1611157.1536,0],[772213.7332,1611216.7315,0],[772160.2506,1611231.9984,0],[772089.4601,1611244.2159,0],[771988.7783,1611267.1113,0],[772029.6777,1611322.0601,0],[772111.4847,1611428.9183,0],[772124.0679,1611459.4521,0],[772119.343,1611494.555,0],[772105.1931,1611532.7172,0],[772067.4354,1611567.83,0],[772009.228,1611627.3679,0],[771946.304,1611700.633,0],[771886.5133,1611751.0128,0],[771850.3388,1611773.9081,0],[771812.5729,1611792.2244,0],[771771.6735,1611804.4419,0],[771831.4641,1611845.6535,0],[771870.7885,1611889.9245,0],[771892.8132,1611931.1361,0],[771892.8132,1611973.8774,0],[771870.7885,1612019.6781,0],[771858.2054,1612092.9432,0],[771847.1889,1612195.2223,0],[771829.8891,1612405.8795,0],[771817.306,1612465.4173,0],[771804.7146,1612499.0005,0],[771793.7064,1612531.054,0],[771796.848,1612563.1075,0],[771815.7228,1612581.4237,0],[771840.8973,1612596.6906,0],[771873.9384,1612619.586,0],[771889.6633,1612659.2779,0],[771891.2382,1612709.6676,0],[771888.0965,1612766.1461,0],[771872.8665,1612853.0384,0],[771866.4347,1612887.3415,0],[771851.419,1612925.9336,0],[771817.1163,1612951.6584,0],[771789.2454,1612968.8149,0],[771784.9575,1612983.8218,0],[771804.2528,1613020.2644,0],[771823.5481,1613048.1387,0],[771836.4116,1613088.8704,0],[771822.0308,1613143.1894,0],[771787.4148,1613221.0435,0],[771727.6407,1613338.5796,0],[771659.9835,1613468.3332,0],[771612.8008,1613517.1833,0],[771549.8685,1613570.6124,0],[771455.4783,1613624.0415,0],[771409.8541,1613654.5653,0],[771378.3879,1613686.6188,0],[771348.4967,1613715.6229,0],[771343.7801,1613744.627,0],[771342.2052,1613790.4276,0],[771332.7802,1613831.6393,0],[771328.047,1613868.2718,0],[771301.3058,1613889.6474,0],[771195.9074,1613930.8591,0],[771148.7082,1613958.3435,0],[771139.2667,1613985.8179,0],[771151.8581,1614034.6679,0],[771181.7328,1614098.7749,0],[771219.4988,1614136.9371,0],[771263.5481,1614149.1546,0],[771350.0634,1614158.3128,0],[771438.1703,1614178.1587,0],[771513.6857,1614198.0047,0],[771554.5851,1614240.746,0],[771622.234,1614303.3332,0],[771685.1581,1614372.0193,0],[771737.0739,1614422.399,0],[771759.0986,1614459.0315,0],[771768.54,1614504.8222,0],[771768.54,1614542.9845,0],[771762.2485,1614571.9886,0],[771738.6489,1614591.8345,0],[771689.8829,1614607.1014,0],[771656.8336,1614623.898,0],[771641.1088,1614652.9021,0],[771636.4004,1614709.3806,0],[771647.4003,1614736.855,0],[771675.7248,1614761.28,0],[771735.4989,1614796.3929,0],[771812.5893,1614836.0748,0],[771833.039,1614858.9701,0],[771836.189,1614880.3458,0],[771829.8891,1614956.6703,0],[771820.4559,1615013.1488,0],[771820.4559,1615058.9494,0],[771845.6304,1615121.5367,0],[771889.6633,1615211.5984,0],[771932.1458,1615304.7094,0],[771973.0535,1615385.6129,0],[772001.3697,1615439.0421,0],[772043.8441,1615472.6252,0],[772097.3348,1615483.3131,0],[772155.5505,1615469.5759,0],[772229.4745,1615451.2596,0],[772304.9899,1615439.0421,0],[772356.9058,1615417.6764,0],[772410.3966,1615403.9392,0],[772463.8791,1615406.9886,0],[772517.3699,1615434.463,0],[772577.1605,1615480.2637,0],[772619.6266,1615524.5247,0],[772651.0845,1615565.7463,0],[772680.9757,1615591.691,0],[772714.0168,1615597.7998,0],[772775.3659,1615587.1119,0],[772827.2735,1615553.5288,0],[772874.4809,1615515.3665,0],[772901.2304,1615501.6293,0],[772926.3968,1615501.6293,0],[772965.713,1615523.005,0],[773012.9204,1615561.1672,0],[773091.4868,1615621.175,0],[773144.2272,1615661.6268,0],[773330.7565,1615775.2536,0],[773392.9301,1615818.1349,0],[773429.3768,1615841.7201,0],[773455.7552,1615873.4037,0],[773461.247,1615903.5975,0],[773457.5941,1616015.4947,0],[773464.9164,1616058.1261,0],[773477.7387,1616072.3332,0],[773518.0031,1616086.5503,0],[773549.1229,1616107.8659,0],[773574.751,1616139.8294,0],[773620.5154,1616191.3389,0],[773652.6825,1616214.7842,0],[773674.8143,1616223.4824,0],[773704.285,1616228.4014,0],[773734.5802,1616224.3122,0],[773755.0464,1616221.8527,0],[773789.4316,1616215.3041,0],[773861.4755,1616205.4761,0],[773925.3313,1616208.7454,0],[773946.6221,1616218.5734,0],[773954.802,1616239.8591,0],[773949.8957,1616270.9727,0],[773943.934,1616300.5267,0],[773935.3583,1616345.5576,0],[773917.0525,1616390.2784,0],[773913.3913,1616424.0216,0],[773944.5112,1616479.0904,0],[773976.0927,1616501.8357,0],[774008.837,1616526.4007,0],[774030.1278,1616550.9557,0],[774043.2222,1616585.3487,0],[774050.6847,1616624.7407,0],[774050.6847,1616654.9346,0],[774048.8541,1616694.0066,0],[774056.1764,1616733.0887,0],[774090.9574,1616779.2693,0],[774134.8912,1616832.5584,0],[774162.3416,1616875.1797,0],[774167.2726,1616887.9372,0],[774173.3251,1616903.604,0],[774155.0276,1616946.2353,0],[774105.602,1617051.024,0],[774056.1764,1617134.517,0],[774014.0731,1617225.1085,0],[773988.445,1617306.8119,0],[773990.2756,1617372.5285,0],[774019.5648,1617436.4755,0],[774034.2012,1617486.2054,0],[773962.8169,1617519.9585,0],[773885.9492,1617553.7016,0],[773852.9988,1617580.3462,0],[773827.3625,1617631.8557,0],[773790.7591,1617715.3387,0],[773750.4782,1617756.1904,0],[773701.0526,1617775.7364,0],[773626.0072,1617784.6146,0],[773549.1229,1617791.7132,0],[773488.7139,1617807.6999,0],[773437.4659,1617827.246,0],[773406.3461,1617860.9891,0],[773402.685,1617912.4986,0],[773415.499,1618038.6129,0],[773446.6188,1618146.9609,0],[773479.6929,1618267.4863,0],[773537.9086,1618431.6629,0],[773575.8889,1618536.5616,0],[773634.3272,1618701.0081,0],[773666.4613,1618794.5791,0],[773732.7084,1618984.5404,0],[773762.8964,1619068.6533,0],[773791.1385,1619149.9267,0],[773829.1271,1619266.1731,0],[773857.3691,1619337.0486,0],[773905.096,1619469.3617,0],[773947.9414,1619590.3371,0],[773970.3536,1619658.3832,0],[773998.5957,1619734.9377,0],[774051.1876,1619886.1469,0],[774146.6415,1620150.773,0],[774173.9188,1620232.0465,0],[774277.1485,1620526.9164,0],[774311.2451,1620615.7484,0],[774381.3677,1620822.7262,0],[774499.2174,1621150.6795,0],[774534.2869,1621259.3674,0],[774582.9786,1621397.3493,0],[774604.4013,1621447.4391,0],[774622.9133,1621501.3081,0],[774630.7056,1621536.271,0],[774622.9133,1621565.575,0],[774603.4366,1621611.8756,0],[774554.7366,1621711.1154,0],[774539.152,1621762.145,0],[774467.0751,1622011.6542,0],[774454.2033,1622065.6532,0],[774441.1089,1622127.8706,0],[774422.3908,1622214.4929,0],[774476.6815,1622199.516,0],[774547.8184,1622199.516,0],[774605.8526,1622210.7437,0],[774654.5278,1622225.7207,0],[774684.4767,1622225.7207,0],[774709.6348,1622222.8412,0],[774735.0238,1622199.516,0],[774758.7553,1622170.4419,0],[774802.417,1622148.9663,0],[774905.3912,1622130.2401,0],[774974.8954,1622131.1499,0],[775033.8449,1622154.0752,0],[775066.5892,1622190.0879,0],[775099.3334,1622226.1106,0],[775132.0859,1622281.7892,0],[775135.3595,1622334.1786,0],[775130.0409,1622367.9917,0],[775105.8889,1622419.3213,0],[775068.2631,1622470.9607,0],[775066.5892,1622504.4739,0],[775079.6918,1622537.2173,0],[775112.4361,1622586.3373,0],[775132.0859,1622628.9086,0],[775145.1803,1622674.7593,0],[775148.4621,1622736.9766,0],[775150.6308,1622779.8579,0],[775158.118,1622860.3615,0],[775159.9898,1622899.6735,0],[775159.9898,1622933.3666,0],[775158.118,1622960.5111,0],[775153.4426,1622983.9163,0],[775147.819,1623020.4189,0],[775137.5282,1623093.424,0],[775129.3895,1623130.6265,0],[775120.6242,1623152.362,0],[775063.1671,1623192.064,0],[775017.3862,1623213.7995,0],[774960.8939,1623252.5417,0],[774875.1866,1623313.9791,0],[774815.7753,1623361.2295,0],[774775.8407,1623397.1422,0],[774694.0254,1623498.2716,0],[774670.6567,1623537.0138,0],[774653.1095,1623576.7057,0],[774645.3255,1623606.0097,0],[774649.2093,1623643.812,0],[774649.2093,1623686.3434,0],[774659.9371,1623772.3458,0],[774669.6754,1623810.1482,0],[774677.4595,1623877.2445,0],[774683.3141,1623917.8862,0],[774680.3868,1623935.8426,0],[774664.8022,1623955.6885,0],[774639.4874,1623976.4843,0],[774605.3908,1624000.1095,0],[774580.0596,1624021.8451,0],[774551.8258,1624054.9183,0],[774546.9525,1624083.2726,0],[774547.9256,1624135.252,0],[774551.8258,1624179.6729,0],[774567.2538,1624241.6703,0],[774591.4224,1624261.8062,0],[774627.6711,1624269.8646,0],[774637.7393,1624279.9325,0],[774635.7273,1624302.088,0],[774634.5317,1624354.5373,0],[774638.4897,1624387.9505,0],[774654.0743,1624411.5757,0],[774666.0143,1624415.5249,0],[774699.4594,1624417.4945,0],[774731.0328,1624419.7241,0],[774769.0214,1624420.6739,0],[774807.983,1624426.3427,0],[774839.144,1624438.6302,0],[774862.521,1624461.3056,0],[774881.0247,1624498.1681,0],[774891.7443,1624542.5891,0],[774904.4016,1624605.9062,0],[774918.0403,1624652.2168,0],[774932.6519,1624694.7481,0],[774952.1368,1624723.0923,0],[774976.4868,1624746.7275,0],[775006.6749,1624766.5735,0],[775048.5555,1624785.4696,0],[775081.6708,1624799.6467,0],[775105.0808,1624820.5925,0],[775139.367,1624864.0236,0],[775177.0505,1624902.8957,0],[775217.0346,1624932.6097,0],[775255.8808,1624970.332,0],[775294.7269,1625017.1925,0],[775320.924,1625105.7244,0],[775320.5282,1625152.8848,0],[775330.2913,1625176.6,0],[775342.8414,1625198.9155,0],[775375.0827,1625257.7335,0],[775412.5765,1625325.8296,0],[775455.0014,1625397.0751,0],[775495.9915,1625474.9493,0],[775536.9733,1625554.873,0],[775561.8098,1625639.6258,0],[775545.079,1625714.9404,0],[775517.1833,1625779.0974,0],[775517.1833,1625829.3072,0],[775528.3399,1625879.5169,0],[775567.3923,1625946.4633,0],[775631.5449,1626027.3568,0],[775687.3363,1626074.7672,0],[775715.232,1626127.7764,0],[775714.6548,1626158.4902,0],[775659.5066,1626252.2411,0],[775598.8502,1626381.8347,0],[775590.5796,1626456.2895,0],[775579.5466,1626585.8832,0],[775574.0302,1626693.4213,0],[775582.0039,1626791.2014,0],[775604.3666,1626869.8854,0],[775631.9407,1626952.6085,0],[775651.236,1627024.3039,0],[775645.7195,1627115.2954,0],[775626.4243,1627200.768,0],[775560.2431,1627313.825,0],[775436.1184,1627481.9708,0],[775279.4474,1627710.0044,0],[775198.2341,1627811.9236,0],[775169.5715,1627901.0955,0],[775156.8317,1627975.9402,0],[775150.4659,1628058.7434,0],[775174.2139,1628124.49,0],[775199.0339,1628204.4537,0],[775212.5736,1628273.7096,0],[775210.9821,1628340.586,0],[775204.5421,1628397.4644,0],[775207.3045,1628430.5577,0],[775238.045,1628471.1594,0],[775284.23,1628518.9397,0],[775325.6324,1628577.8577,0],[775338.3722,1628633.5864,0],[775320.858,1628700.4827,0],[775304.927,1628776.9172,0],[775287.4129,1628839.0145,0],[775268.3072,1628893.1535,0],[775239.6447,1628979.146,0],[775215.5751,1629045.4525,0],[775203.0167,1629065.1285,0],[775182.3113,1629084.2346,0],[775153.657,1629090.6133,0],[775126.5777,1629092.203,0],[775062.8868,1629096.982,0],[775008.7446,1629095.3824,0],[774927.5312,1629093.7927,0],[774836.7692,1629077.8659,0],[774779.4441,1629063.5388,0],[774723.7105,1629042.8331,0],[774636.1314,1629015.7686,0],[774586.7717,1629006.2105,0],[774519.8897,1629003.0212,0],[774448.2251,1629010.9895,0],[774360.6459,1629033.285,0],[774260.327,1629063.5388,0],[774201.262,1629058.7498,0],[774133.1348,1629047.5021,0],[774096.0945,1629041.5533,0],[774068.0257,1629038.274,0],[774047.8069,1629046.8422,0],[774014.741,1629062.0591,0],[773955.7832,1629080.3954,0],[773801.1901,1629114.3085,0],[773751.1131,1629117.0579,0],[773516.0406,1629213.6383,0],[773374.1544,1629270.1468,0],[773264.0311,1629310.2186,0],[773171.9168,1629351.3203,0],[773099.8893,1629389.3325,0],[773056.945,1629416.597,0],[773019.8799,1629445.3711,0],[772995.5299,1629460.778,0],[772979.6567,1629460.778,0],[772941.5196,1629428.9245,0],[772865.6826,1629366.8571,0],[772811.5074,1629332.994,0],[772765.776,1629305.8995,0],[772706.5213,1629261.8785,0],[772642.179,1629228.0154,0],[772593.075,1629228.0154,0],[772543.9792,1629239.863,0],[772499.9547,1629255.0999,0],[772445.7712,1629270.3467,0],[772305.2373,1629275.4257,0],[772256.1416,1629282.9742,0],[772172.8668,1629292.1323,0],[772146.9089,1629290.6326,0],[772112.0619,1629286.9734,0],[772068.0456,1629278.715,0],[772044.1986,1629270.4667,0],[772020.3599,1629255.7897,0],[771997.4364,1629239.2831,0],[771966.6547,1629206.9097,0],[771927.4787,1629169.9272,0],[771879.0673,1629140.3832,0],[771797.5324,1629135.2442,0],[771747.8017,1629140.9631,0],[771733.2148,1629151.9309,0],[771702.2352,1629192.7825,0],[771675.7578,1629234.904,0],[771666.2339,1629270.8666,0],[771674.7023,1629306.8293,0],[771683.7728,1629338.6328,0],[771690.4519,1629382.7339,0],[771684.9767,1629430.5541,0],[771675.395,1629455.789,0],[771642.5435,1629487.6625,0],[771606.9545,1629519.536,0],[771590.537,1629540.7917,0],[771582.3241,1629568.676,0],[771565.8984,1629615.1666,0],[771548.1039,1629644.3806,0],[771509.7772,1629689.5414,0],[771472.8111,1629718.7655,0],[771467.3441,1629744.0003,0],[771474.1881,1629777.2036,0],[771497.4579,1629805.0979,0],[771534.4158,1629826.3436,0],[771575.4718,1629840.9506,0],[771608.3233,1629858.2171,0],[771628.8554,1629883.452,0],[771648.0188,1629916.6552,0],[771675.395,1629987.0509,0],[771690.4519,1630037.5206,0],[771717.8281,1630081.3517,0],[771769.8429,1630130.4917,0],[771806.809,1630158.386,0],[771849.2339,1630184.9506,0],[771887.5688,1630206.2063,0],[771920.412,1630230.1114,0],[771950.5176,1630257.9957,0],[771958.7387,1630287.2198,0],[771960.091,1630328.3914,0],[771954.624,1630396.1276,0],[771957.3616,1630453.236,0],[771965.5745,1630493.0879,0],[771982.0085,1630509.0246,0],[771998.4259,1630511.6841,0],[772038.1214,1630510.3543,0],[772094.2427,1630506.3652,0],[772148.9951,1630506.3652,0],[772231.1154,1630513.0038,0],[772284.499,1630526.2911,0],[772322.8257,1630544.8873,0],[772362.5212,1630560.8241,0],[772394.0038,1630586.0589,0],[772467.9196,1630647.1565,0],[772532.2619,1630701.6054,0],[772574.6868,1630742.777,0],[772604.8006,1630762.703,0],[772669.1347,1630779.9695,0],[772721.1495,1630791.927,0],[772759.4761,1630814.5024,0],[772830.6543,1630898.1754,0],[772889.5049,1630957.9432,0],[772935.5167,1631010.9425,0],[773002.2173,1631094.6954,0],[773031.6302,1631121.34,0],[773076.7432,1631149.8942,0],[773125.7813,1631174.6291,0],[773193.4549,1631195.5649,0],[773234.6512,1631214.601,0],[773267.9974,1631249.8138,0],[773282.6997,1631287.8861,0],[773284.6705,1631348.7937,0],[773274.8497,1631409.7013,0],[773254.2598,1631479.1671,0],[773234.6512,1631553.402,0],[773235.6324,1631585.7555,0],[773248.3805,1631604.7916,0],[773286.633,1631628.5767,0],[773324.8772,1631651.4221,0],[773341.707,1631678.6965,0],[773354.6612,1631728.9863,0],[773341.8224,1631766.6486,0],[773323.4836,1631814.3489,0],[773317.9837,1631863.8688,0],[773338.1612,1631889.5436,0],[773384.0081,1631900.5514,0],[773426.1939,1631911.5491,0],[773464.8009,1631928.0658,0],[773538.0735,1632027.0956,0],[773589.4286,1632063.7782,0],[773629.7755,1632082.1244,0],[773659.1225,1632100.4607,0],[773677.4612,1632111.4684,0],[773684.8,1632133.474,0],[773686.6306,1632162.828,0],[773681.1306,1632219.6764,0],[773668.2919,1632278.3745,0],[773642.1525,1632315.7469,0],[773569.1273,1632355.8787,0],[773477.8294,1632428.8438,0],[773426.7134,1632534.6523,0],[773397.4901,1632625.8537,0],[773389.5081,1632678.2031,0],[773390.2008,1632735.3115,0],[773396.8469,1632788.2507,0],[773404.1857,1632824.9232,0],[773396.8469,1632854.2772,0],[773362,1632872.6135,0],[773314.3143,1632889.1202,0],[773277.6285,1632903.7972,0],[773143.7242,1632963.3351,0],[773048.7816,1633003.4669,0],[772975.7564,1633043.5987,0],[772928.2851,1633101.9768,0],[772895.4171,1633193.1883,0],[772858.9045,1633244.2679,0],[772806.2713,1633266.9532,0],[772771.2595,1633295.3475,0],[772753.0114,1633339.1286,0],[772742.0774,1633389.8282,0],[772751.2468,1633441.1878,0],[772776.9243,1633510.8836,0],[772797.1019,1633578.7398,0],[772797.1019,1633675.94,0],[772782.4326,1633762.1425,0],[772769.5938,1633835.5075,0],[772738.408,1633881.3582,0],[772674.5027,1633913.7516,0],[772499.2373,1633953.8834,0],[772418.8898,1633986.7167,0],[772389.6913,1634030.4978,0],[772386.0301,1634096.1745,0],[772398.8194,1634276.7677,0],[772420.7369,1634382.5762,0],[772420.7369,1634506.6209,0],[772418.8238,1634556.1608,0],[772409.4565,1634600.9217,0],[772396.9723,1634637.3543,0],[772369.9095,1634669.6177,0],[772335.5573,1634684.1848,0],[772294.963,1634683.145,0],[772258.5329,1634673.7769,0],[772229.392,1634664.4088,0],[772195.0481,1634659.2099,0],[772157.8099,1634670.7975,0],[772117.6526,1634707.2801,0],[772081.1318,1634762.0089,0],[771993.5032,1634900.6507,0],[771955.16,1635015.5773,0],[771918.6474,1635052.0599,0],[771831.0023,1635073.9454,0],[771582.7035,1635150.5798,0],[771429.3472,1635146.9306,0],[771327.107,1635106.7988,0],[771277.0218,1635058.8985,0],[771227.0602,1635023.5057,0],[771170.8483,1635085.963,0],[771125.0508,1635129.6741,0],[771062.5968,1635192.1314,0],[771008.4711,1635250.4095,0],[770962.6737,1635319.1055,0],[770933.5329,1635385.722,0],[770916.8845,1635450.2588,0],[770902.3059,1635556.4272,0],[770893.9858,1635633.4516,0],[770875.2512,1635708.3863,0],[770852.3525,1635802.0672,0],[770833.618,1635870.7633,0],[770812.7972,1635954.0263,0],[770785.7344,1636039.3789,0],[770764.9218,1636053.946,0],[770731.6086,1636039.3789,0],[770696.2175,1636020.6427,0],[770650.4201,1635995.6578,0],[770610.873,1635981.0908,0],[770573.4039,1635976.9216,0],[770492.2153,1635981.0908,0],[770423.5192,1635993.5783,0],[770369.3934,1636012.3144,0],[770334.0105,1636014.394,0],[770290.291,1636001.9066,0],[770244.4936,1635966.5138,0],[770204.2539,1635918.5735,0],[770160.4355,1635889.3795,0],[770117.5076,1635891.579,0],[770069.1457,1635907.6257,0],[769892.0415,1636033.4901,0],[769782.5037,1636102.816,0],[769713.486,1636171.772,0],[769712.2986,1636201.4359,0],[769709.4785,1636241.4578,0],[769709.5033,1636316.2426,0],[769724.0737,1636353.7149,0],[769751.1365,1636407.8439,0],[769784.4415,1636449.4755,0],[769836.481,1636493.1866,0],[769886.4426,1636551.4747,0],[769911.4275,1636599.3549,0],[769925.9979,1636674.2997,0],[769928.0758,1636722.17,0],[769921.8337,1636780.4581,0],[769896.8571,1636844.9949,0],[769869.7942,1636890.7956,0],[769871.8722,1636926.1784,0],[769892.6929,1636949.0738,0],[769930.162,1636963.6508,0],[769975.9595,1636994.8744,0],[770032.1631,1637042.7547,0],[770116.6171,1637129.847,0],[770167.7413,1637246.5932,0],[770341.1844,1637390.7039,0],[770622.3594,1637565.8282,0],[770709.9963,1637693.5222,0],[770746.5171,1637843.1118,0],[770801.286,1637941.6217,0],[770839.8683,1637981.5936,0],[770881.5016,1638014.8968,0],[770921.0487,1638027.3943,0],[770960.604,1638033.633,0],[770995.9951,1638021.1455,0],[771027.2222,1638004.4889,0],[771058.4409,1637985.7528,0],[771097.9962,1637971.1857,0],[771133.3874,1637964.937,0],[771187.5049,1637973.2653,0],[771232.1644,1637985.4028,0],[771427.5167,1638063.8369,0],[771562.6166,1638195.1801,0],[771646.617,1638286.3916,0],[771672.1626,1638337.4712,0],[771664.865,1638428.6826,0],[771628.3442,1638534.4911,0],[771535.2321,1638755.2261,0],[771465.8598,1639025.2112,0],[771454.9011,1639120.0719,0],[771462.6275,1639212.643,0],[771466.8246,1639248.3458,0],[771527.7284,1639294.5464,0],[771569.7327,1639313.4525,0],[771609.6344,1639332.3587,0],[771641.1418,1639342.8565,0],[771676.8463,1639340.7569,0],[771708.3454,1639340.7569,0],[771741.9472,1639353.3544,0],[771760.8549,1639370.161,0],[771796.5512,1639374.3601,0],[771853.2579,1639361.7527,0],[772006.5728,1639330.2591,0],[772090.2599,1639324.3803,0],[772132.5776,1639342.8565,0],[772172.4875,1639368.0614,0],[772216.5862,1639389.0571,0],[772327.8969,1639458.363,0],[772424.5052,1639504.5736,0],[772479.7524,1639540.2263,0],[772592.3494,1639658.2123,0],[772647.11,1639698.3442,0],[772850.8483,1639781.7972,0],[772986.7151,1639840.6352,0],[773067.1781,1639865.8101,0],[773111.2768,1639859.5014,0],[773214.185,1639836.4061,0],[773270.8916,1639823.7986,0],[773300.7416,1639826.0382,0],[773351.8576,1639851.583,0],[773402.9901,1639899.0033,0],[773432.2051,1639986.5755,0],[773474.1929,1640148.9224,0],[773477.8376,1640251.0817,0],[773423.0687,1640455.3901,0],[773390.6048,1640523.1663,0],[773367.5,1640590.3726,0],[773361.2001,1640634.4736,0],[773373.7998,1640659.6785,0],[773398.9991,1640684.8734,0],[773433.2441,1640720.796,0],[773483.0077,1640777.2845,0],[773543.9198,1640840.2917,0],[773609.0207,1640892.791,0],[773695.1074,1640953.4087,0],[773779.1408,1641020.905,0],[773839.9868,1641063.7362,0],[773895.8194,1641108.927,0],[774027.3984,1641219.7345,0],[774081.9117,1641257.8067,0],[774121.7886,1641281.7319,0],[774166.984,1641302.9975,0],[774222.8084,1641300.3381,0],[774275.9776,1641284.3913,0],[774326.8215,1641259.8663,0],[774436.3593,1641362.0255,0],[774542.2607,1641475.1225,0],[774668.2324,1641542.6188,0],[774785.0843,1641538.9695,0],[774898.275,1641557.2158,0],[774967.6555,1641590.0491,0],[775040.689,1641699.5068,0],[775106.4083,1641750.5864,0],[775219.6155,1641790.7183,0],[775343.765,1641867.3327,0],[775402.2033,1641943.9471,0],[775471.5838,1642024.2107,0],[775548.2537,1642064.3426,0],[775650.4939,1642100.8351,0],[775698.2621,1642135.0982,0],[775746.1127,1642188.2673,0],[775764.7236,1642222.8203,0],[775767.387,1642283.9679,0],[775758.2176,1642347.095,0],[775762.0684,1642400.9441,0],[775783.3344,1642459.4321,0],[775812.5824,1642509.9419,0],[775873.7254,1642565.7705,0],[775953.4792,1642613.6208,0],[776025.2593,1642642.8648,0],[776086.864,1642700.993,0],[776110.3234,1642783.7561,0],[776120.9605,1642855.5415,0],[776147.5451,1642975.1672,0],[776176.7849,1643028.3363,0],[776187.422,1643073.5371,0],[776160.8374,1643187.8439,0],[776183.6207,1643242.7827,0],[776271.2493,1643315.7578,0],[776351.5886,1643392.3723,0],[776428.2667,1643490.8822,0],[776468.4322,1643541.9618,0],[776546.9408,1643609.4581,0],[776671.0903,1643631.3436,0],[776798.8679,1643655.7386,0],[776873.3031,1643671.6954,0],[776934.4461,1643703.5889,0],[776992.9338,1643748.7897,0],[777083.3248,1643820.5651,0],[777147.1229,1643855.1281,0],[777213.5844,1643881.7126,0],[777293.3382,1643884.3721,0],[777404.9952,1643855.1281,0],[777499.9873,1643868.4953,0],[777537.9182,1643884.3721,0],[777585.7935,1643928.6931,0],[777615.0168,1643988.051,0],[777628.3091,1644057.1669,0],[777646.92,1644139.5902,0],[777654.8937,1644206.0566,0],[777670.8494,1644261.8853,0],[777700.0892,1644293.7888,0],[777750.1085,1644330.0314,0],[777910.787,1644512.4443,0],[778062.3209,1644631.0201,0],[778124.4121,1644652.9157,0],[778197.429,1644674.8012,0],[778244.9004,1644703.9953,0],[778310.628,1644755.0649,0],[778398.2648,1644780.6097,0],[778434.7774,1644817.0923,0],[778511.4555,1644875.4704,0],[778613.704,1644901.0052,0],[778642.9108,1644926.54,0],[778657.5142,1644963.0325,0],[778686.3911,1645008.9032,0],[778702.3386,1645085.9975,0],[778707.6572,1645160.4424,0],[778702.3386,1645224.2394,0],[778686.3911,1645319.9499,0],[778659.8065,1645402.3631,0],[778643.8508,1645458.1918,0],[778614.611,1645519.3293,0],[778585.3713,1645561.8707,0],[778585.3713,1645599.0831,0],[778614.611,1645654.9117,0],[778675.754,1645745.3033,0],[778718.286,1645801.132,0],[778766.1367,1645838.3544,0],[778843.2353,1645883.5452,0],[778877.7937,1645918.1081,0],[778888.4308,1645963.2989,0],[778891.086,1646016.4681,0],[778840.5802,1646072.2968,0],[778758.1629,1646074.9562,0],[778673.0906,1646093.5624,0],[778558.9269,1646152.4105,0],[778456.6866,1646225.3856,0],[778409.908,1646271.6762,0],[778385.9785,1646311.5581,0],[778396.6157,1646393.9713,0],[778409.908,1646449.7999,0],[778449.7849,1646505.6286,0],[778510.9278,1646540.1815,0],[778518.9015,1646569.4256,0],[778515.1084,1646601.1691,0],[778502.9541,1646638.5415,0],[778481.688,1646683.7423,0],[778441.8111,1646720.9547,0],[778383.3234,1646779.4428,0],[778335.4727,1646827.2931,0],[778271.6664,1646896.419,0],[778213.1786,1646976.1728,0],[778181.2754,1647021.3636,0],[778157.3542,1647063.9049,0],[778146.7171,1647109.0957,0],[778144.0619,1647162.2649,0],[778201.082,1647349.0969,0],[778226.6935,1647433.0798,0],[778229.0601,1647496.9868,0],[778233.7932,1647565.6228,0],[778233.7932,1647629.5298,0],[778229.0601,1647728.9396,0],[778226.6935,1647825.9798,0],[778210.1276,1647889.8868,0],[778172.2627,1647934.8576,0],[778101.2578,1647994.0256,0],[778027.8862,1648050.834,0],[777980.5468,1648088.6963,0],[777928.4743,1648128.9381,0],[777864.569,1648150.2338,0],[777788.831,1648143.1352,0],[777710.7263,1648119.4701,0],[777642.0962,1648091.0658,0],[777578.1909,1648062.6616,0],[777504.8194,1648012.9617,0],[777464.5796,1648060.2921,0],[777391.2081,1648083.9573,0],[777353.3432,1648091.0658,0],[777315.47,1648098.1644,0],[777256.2979,1648112.3715,0],[777208.9667,1648117.1005,0],[777166.3604,1648117.1005,0],[777095.3555,1648107.6325,0],[777014.8843,1648069.7602,0],[776958.0786,1647996.3851,0],[776920.2137,1647939.5867,0],[776888.3683,1647912.7821,0],[776859.1615,1647916.4314,0],[776768.7376,1647972.7299,0],[776719.0234,1648005.8632,0],[776662.2178,1648053.1936,0],[776614.8866,1648100.5339,0],[776621.9863,1648164.4409,0],[776607.1932,1648219.2498,0],[776570.6724,1648288.5756,0],[776503.6419,1648375.088,0],[776419.1385,1648465.5196,0],[776346.1133,1648542.144,0],[776167.1867,1648680.7758,0],[776024.7728,1648764.6887,0],[775896.9704,1648852.2509,0],[775816.6394,1648939.8131,0],[775720.229,1649056.7193,0],[775684.7224,1649092.2221,0],[775663.4234,1649125.3653,0],[775627.9168,1649167.9666,0],[775571.1194,1649163.2276,0],[775476.4406,1649139.5624,0],[775386.5032,1649120.6263,0],[775282.3664,1649104.0597,0],[775187.6959,1649104.0597,0],[775119.0575,1649115.8972,0],[775083.5509,1649092.2221,0],[775052.7856,1649049.6207,0],[774991.2469,1649004.6499,0],[774913.1422,1648971.5166,0],[774837.4042,1648964.4181,0],[774775.8654,1648971.5166,0],[774723.7929,1649002.2904,0],[774682.8523,1649029.2049,0],[774617.2896,1649096.9611,0],[774547.7359,1649222.5655,0],[774511.2315,1649273.6451,0],[774435.0482,1649331.2734,0],[774359.3101,1649359.6776,0],[774304.871,1649350.2095,0],[774250.432,1649328.9039,0],[774188.8932,1649302.8692,0],[774068.1906,1649300.5097,0],[773982.9863,1649336.0124,0],[773921.4475,1649388.0818,0],[773836.2432,1649437.7817,0],[773765.2383,1649461.4469,0],[773717.8989,1649478.0135,0],[773665.8264,1649504.0482,0],[773601.9211,1649560.8567,0],[773540.3906,1649631.8622,0],[773474.1187,1649691.0302,0],[773440.9787,1649714.6954,0],[773374.7068,1649731.262,0],[773301.3353,1649750.1981,0],[773254.0042,1649759.6762,0],[773182.9909,1649766.7748,0],[773119.0857,1649795.179,0],[773128.5519,1649861.4455,0],[773147.4843,1649939.5496,0],[773130.1846,1649969.1936,0],[773094.8181,1649993.7985,0],[773042.523,1650035.3201,0],[773022.5351,1650084.5401,0],[772996.3875,1650158.3651,0],[772956.4034,1650244.4875,0],[772915.5123,1650309.8042,0],[772853.4375,1650371.8316,0],[772805.958,1650415.6127,0],[772718.3294,1650463.043,0],[772634.3455,1650506.8241,0],[772535.7581,1650543.3067,0],[772467.2682,1650594.2063,0],[772443.182,1650630.339,0],[772434.1528,1650666.4716,0],[772431.1431,1650705.6137,0],[772423.6147,1650743.246,0],[772422.1057,1650776.3693,0],[772404.039,1650798.9547,0],[772369.6126,1650822.4099,0],[772340.8099,1650844.1155,0],[772315.223,1650871.22,0],[772292.6377,1650910.362,0],[772274.571,1650955.5128,0],[772265.5336,1650996.1645,0],[772247.4669,1651041.3353,0],[772176.0827,1651176.3079,0],[772112.1856,1651305.8315,0],[772115.8303,1651360.5504,0],[772141.3924,1651415.2792,0],[772170.6157,1651488.2544,0],[772207.12,1651539.324,0],[772214.4176,1651590.4036,0],[772205.3142,1651643.5228,0],[772179.7191,1651696.222,0],[772154.1322,1651766.9776,0],[772142.085,1651813.6481,0],[772130.0379,1651878.3849,0],[772145.0948,1651956.669,0],[772081.8656,1651952.1499,0],[772002.0706,1651949.1405,0],[771935.8317,1651947.6409,0],[771886.1505,1651949.1405,0],[771845.4985,1651974.7353,0],[771797.3263,1652012.3777,0],[771723.2951,1652059.2281,0],[771639.3112,1652081.1137,0],[771376.4007,1652095.7107,0],[771263.2017,1652088.4122,0],[771208.4328,1652066.5267,0],[771135.3994,1652044.6311,0],[771073.3247,1652044.6311,0],[770992.9937,1652059.2281,0],[770927.2578,1652081.1137,0],[770819.5506,1652129.7238,0],[770615.0619,1652188.0519,0],[770529.7091,1652224.6445,0],[770480.0279,1652250.2393,0],[770440.8849,1652251.739,0],[770409.2703,1652244.2205,0],[770355.0786,1652203.5688,0],[770297.869,1652161.4173,0],[770234.6316,1652111.7374,0],[770159.3553,1652057.5385,0],[770088.6059,1652042.4815,0],[770023.8678,1652034.9631,0],[769953.1102,1652034.9531,0],[769892.8908,1652033.4534,0],[769805.5673,1652024.4152,0],[769737.8277,1652012.3777,0],[769677.6083,1652003.3395,0],[769617.3724,1651983.7635,0],[769566.1905,1651977.7447,0],[769540.5954,1651980.7541,0],[769522.5287,1651989.7923,0],[769519.519,1652007.8586,0],[769522.5287,1652028.9343,0],[769530.0572,1652047.0006,0],[769546.6148,1652086.1427,0],[769534.2048,1652166.1764,0],[769515.9568,1652213.5767,0],[769479.4359,1652253.6786,0],[769468.4855,1652293.7804,0],[769475.783,1652359.407,0],[769457.5267,1652403.1481,0],[769435.6093,1652432.3222,0],[769384.4933,1652468.7748,0],[769347.9807,1652490.6503,0],[769311.4599,1652541.6899,0],[769282.2531,1652581.7918,0],[769260.3439,1652614.6051,0],[769216.5254,1652647.4184,0],[769118.7545,1652684.021,0],[769067.3664,1652686.4705,0],[768988.2475,1652701.0575,0],[768877.143,1652769.7535,0],[768831.1724,1652807.1459,0],[768812.4791,1652822.7227,0],[768798.4529,1652846.8778,0],[768798.4529,1652864.0143,0],[768813.2542,1652880.381,0],[768838.1896,1652890.5089,0],[768880.4413,1652908.7052,0],[768927.253,1652927.4014,0],[768958.1667,1652939.5889,0],[769001.0121,1652959.8448,0],[768993.2197,1652994.1178,0],[768982.3187,1653026.8412,0],[768967.5092,1653081.3801,0],[768943.3571,1653170.9718,0],[768922.5693,1653273.251,0],[768903.8513,1653399.4453,0],[768891.1609,1653459.2432,0],[768883.3768,1653493.5162,0],[768859.9999,1653521.5705,0],[768814.8127,1653529.3589,0],[768735.3475,1653524.6798,0],[768697.8701,1653520.9606,0],[768477.871,1653539.6468,0],[768257.8553,1653572.3701,0],[768047.207,1653581.7182,0],[767902.0966,1653567.6911,0],[767836.5669,1653595.7354,0],[767794.4307,1653661.1721,0],[767742.9354,1653782.6873,0],[767682.081,1653927.5678,0],[767588.466,1654035.066,0],[767382.493,1654175.2774,0],[767228.0154,1654287.4446,0],[767129.7167,1654371.5675,0],[767101.6313,1654446.3522,0],[767101.6313,1654595.9018,0],[767078.2214,1654651.9904,0],[766951.8373,1654736.1133,0],[766886.2993,1654782.8538,0],[766778.6333,1654890.3519,0],[766656.9247,1655044.5805,0],[766596.0703,1655138.0515,0],[766577.344,1655254.8977,0],[766572.6769,1655325.0034,0],[766591.3867,1655483.9111,0],[766624.1557,1655670.863,0],[766656.9247,1655811.0745,0],[766699.0527,1655904.5454,0],[766797.3597,1656044.7569,0],[766839.4794,1656124.2107,0],[766858.214,1656222.3607,0],[766867.573,1656334.5279,0],[766839.4794,1656418.6508,0],[766844.1713,1656456.0432,0],[766890.983,1656493.4356,0],[766909.701,1656516.8008,0],[766886.2993,1656549.5142,0],[766839.4794,1656558.8622,0],[766741.1972,1656563.5413,0],[766670.9673,1656614.9508,0],[766628.8393,1656666.3604,0],[766572.6769,1656834.6161,0],[766547.1313,1656895.1338,0],[766514.1561,1656962.83,0],[766463.8152,1657027.047,0],[766396.1251,1657049.6124,0],[766349.264,1657042.6738,0],[766311.0775,1657016.6291,0],[766281.5738,1656981.9161,0],[766193.5,1657040.2543,0],[766137.3293,1657077.6467,0],[766067.0994,1657129.0562,0],[766020.296,1657175.7967,0],[765982.8516,1657245.9024,0],[765964.1253,1657339.3734,0],[765950.0827,1657465.5577,0],[765931.3563,1657577.7249,0],[765879.8693,1657694.5711,0],[765800.2969,1657830.1135,0],[765687.9473,1657951.6288,0],[765627.0847,1657993.6902,0],[765556.8713,1657998.3592,0],[765496.017,1657974.994,0],[765425.8036,1657960.9769,0],[765350.9066,1657989.0111,0],[765290.0523,1658101.1883,0],[765271.326,1658218.0245,0],[765271.326,1658274.1131,0],[765285.3769,1658316.1746,0],[765350.9066,1658362.915,0],[765435.1627,1658400.2974,0],[765533.4614,1658400.2974,0],[765664.5373,1658325.5227,0],[765819.015,1658278.7822,0],[765879.8693,1658288.1303,0],[765904.9202,1658304.5169,0],[765918.8062,1658327.0823,0],[765910.1315,1658367.0042,0],[765896.2455,1658403.4468,0],[765901.4487,1658427.7518,0],[765934.432,1658432.9608,0],[765970.8787,1658426.0122,0],[765998.6507,1658417.334,0],[766038.5688,1658410.3954,0],[766156.0474,1658409.6455,0],[766244.987,1658414.3246,0],[766329.2513,1658400.2974,0],[766404.1401,1658358.236,0],[766450.96,1658348.8879,0],[766469.6863,1658358.236,0],[766474.3617,1658381.6012,0],[766450.96,1658433.0108,0],[766352.653,1658563.8841,0],[766338.6103,1658619.9627,0],[766347.9694,1658676.0513,0],[766404.1401,1658764.8532,0],[766488.4044,1658853.6452,0],[766502.447,1658942.4471,0],[766502.447,1658979.8395,0],[766465.0026,1659017.2319,0],[766371.3793,1659040.5971,0],[766230.9444,1659063.9623,0],[766160.731,1659077.9895,0],[766057.7569,1659124.73,0],[765907.9546,1659199.5148,0],[765828.5554,1659267.8308,0],[765795.5803,1659304.2834,0],[765783.4259,1659342.4657,0],[765783.4259,1659385.8668,0],[765764.3368,1659408.4222,0],[765733.0933,1659415.3708,0],[765698.3783,1659441.4055,0],[765667.1348,1659486.5363,0],[765637.6311,1659562.9008,0],[765639.3628,1659630.597,0],[765649.7773,1659691.3446,0],[765651.5171,1659750.3526,0],[765646.3058,1659812.8399,0],[765616.8021,1659894.4133,0],[765573.4042,1659960.3699,0],[765540.5363,1660025.0367,0],[765528.283,1660062.779,0],[765533.4861,1660118.3277,0],[765543.9336,1660163.5185,0],[765557.7866,1660201.6408,0],[765561.2581,1660232.8844,0],[765556.055,1660251.9705,0],[765535.5228,1660277.6153,0],[765495.8933,1660318.457,0],[765459.859,1660365.2975,0],[765430.5285,1660429.0545,0],[765366.1532,1660582.6132,0],[765376.51,1660641.3213,0],[765386.5452,1660686.5221,0],[765420.1058,1660861.4065,0],[765506.1759,1661060.7459,0],[765560.6067,1661189.1698,0],[765678.5717,1661315.2441,0],[765726.109,1661383.9201,0],[765775.0234,1661474.9716,0],[765903.0813,1661691.4975,0],[765896.1796,1661861.6529,0],[765879.2509,1661970.2808,0],[765931.8758,1661985.5377,0],[765996.7294,1662016.7713,0],[766051.9766,1662035.9874,0],[766102.4246,1662057.603,0],[766148.0654,1662076.8191,0],[766208.1199,1662091.2362,0],[766277.7808,1662103.2437,0],[766342.6426,1662117.6608,0],[766383.476,1662132.0678,0],[766424.3094,1662168.1005,0],[766467.5506,1662220.9497,0],[766542.0188,1662264.1909,0],[766635.6999,1662281.0075,0],[766683.7402,1662283.407,0],[766730.1148,1662293.9749,0],[766780.299,1662310.9214,0],[766832.6766,1662307.4321,0],[766873.51,1662266.5905,0],[766921.5586,1662228.1583,0],[766959.778,1662228.4082,0],[766998.5665,1662241.3356,0],[767042.0551,1662268.3701,0],[767072.8945,1662302.6231,0],[767120.9431,1662360.2714,0],[767165.4624,1662414.1104,0],[767183.092,1662423.5085,0],[767243.4516,1662417.9297,0],[767313.1125,1662398.7136,0],[767382.7734,1662377.088,0],[767457.2416,1662362.6809,0],[767526.9025,1662360.2714,0],[767576.3611,1662397.2339,0],[767632.1772,1662448.7534,0],[767681.042,1662478.5673,0],[767715.5427,1662474.8081,0],[767762.3131,1662456.3618,0],[767801.4231,1662446.0739,0],[767857.6021,1662443.2645,0],[767923.6183,1662462.9305,0],[767972.7718,1662492.4245,0],[768005.079,1662517.6993,0],[768048.1718,1662547.6433,0],[768055.3786,1662480.3769,0],[768055.3786,1662446.7538,0],[768072.1919,1662360.2714,0],[768115.4084,1662300.5635,0],[768342.3258,1662091.936,0],[768360.8212,1662070.9003,0],[768394.7034,1662046.7252,0],[768416.9589,1662048.6048,0],[768442.8426,1662056.9331,0],[768460.8433,1662070.9203,0],[768585.3555,1662139.6163,0],[768655.4782,1662186.2768,0],[768717.2726,1662209.832,0],[768855.8605,1662225.4888,0],[768913.9112,1662233.9971,0],[768980.3975,1662289.2658,0],[769009.4888,1662366.0702,0],[769098.2718,1662455.552,0],[769187.7887,1662543.0542,0],[769240.3312,1662583.8859,0],[769276.3326,1662612.0801,0],[769326.9291,1662645.1434,0],[769387.2557,1662678.1967,0],[769485.5296,1662712.2198,0],[769555.5781,1662739.4442,0],[769615.9047,1662766.6687,0],[769670.3932,1662793.8931,0],[769754.0803,1662846.3924,0],[769820.2532,1662885.2845,0],[769982.7375,1662956.2501,0],[770124.7887,1663035.9739,0],[770225.9817,1663086.5336,0],[770385.5635,1663158.4789,0],[770461.45,1663207.089,0],[770489.6673,1663235.2833,0],[770497.4514,1663248.8905,0],[770499.3974,1663270.2862,0],[770503.2895,1663307.2286,0],[770505.2437,1663350.0099,0],[770507.1815,1663400.5596,0],[770514.9738,1663435.5625,0],[770526.6417,1663470.5654,0],[770542.2098,1663499.7295,0],[770560.697,1663527.9237,0],[770595.7336,1663557.0878,0],[770626.8617,1663582.3726,0],[770667.7198,1663609.5871,0],[770722.2084,1663640.7008,0],[770766.9668,1663656.2576,0],[770846.7536,1663671.8144,0],[770912.9183,1663689.3109,0],[770934.3162,1663702.9281,0],[770947.9466,1663728.203,0],[770953.7764,1663749.5886,0],[770953.7764,1663782.6519,0],[770946.9736,1663824.4534,0],[770937.2435,1663878.9023,0],[770921.6836,1663923.6232,0],[770896.3771,1663983.9109,0],[770871.0788,1664040.2994,0],[770832.1585,1664108.3556,0],[770765.9938,1664190.0189,0],[770762.1018,1664211.4146,0],[770765.9938,1664225.0218,0],[770779.6159,1664225.0218,0],[770793.2381,1664223.0822,0],[770826.3204,1664209.465,0],[770882.7632,1664182.2405,0],[770954.7577,1664153.0765,0],[771026.7604,1664131.6908,0],[771123.0883,1664115.1642,0],[771179.5229,1664111.275,0],[771222.3271,1664111.275,0],[771288.4917,1664117.1038,0],[771342.9803,1664130.721,0],[771385.7927,1664146.2679,0],[771440.2812,1664169.6031,0],[771494.7698,1664194.888,0],[771551.1961,1664239.6089,0],[771593.0437,1664283.36,0],[771670.8763,1664380.5802,0],[771717.589,1664433.0795,0],[771748.7335,1664456.4147,0],[771781.7994,1664464.1931,0],[771805.1516,1664462.2435,0],[771826.5578,1664454.4651,0],[771859.6401,1664433.0795,0],[771904.3986,1664400.0262,0],[771960.8331,1664365.0233,0],[771997.8075,1664345.5773,0],[772036.8268,1664336.8391,0],[772066.4542,1664335.6593,0],[772095.0095,1664345.2973,0],[772123.268,1664375.1313,0],[772150.7514,1664410.4641,0],[772177.4515,1664446.5767,0],[772207.2849,1664488.9781,0],[772234.2571,1664529.3299,0],[772263.1011,1664570.6215,0],[772281.1759,1664613.3428,0],[772291.8543,1664647.0259,0],[772304.9982,1664668.3916,0],[772324.7222,1664691.3969,0],[772347.3653,1664711.3728,0],[772382.9297,1664726.7797,0],[772419.6731,1664744.5661,0],[772443.3717,1664765.8917,0],[772470.6325,1664803.824,0],[772488.2044,1664847.2452,0],[772507.6645,1664886.1373,0],[772523.2245,1664936.697,0],[772541.7199,1664994.0553,0],[772559.2341,1665017.3905,0],[772578.6942,1665032.9474,0],[772598.1544,1665044.615,0],[772619.5607,1665052.3934,0],[772666.2651,1665064.061,0],[772716.6225,1665073.4491,0],[772759.3525,1665081.6575,0],[772800.425,1665089.8758,0],[772862.8708,1665111.2414,0],[772907.2334,1665134.2468,0],[772945.0324,1665178.6077,0],[772981.1822,1665232.8367,0],[773012.4009,1665285.416,0],[773037.0477,1665318.2793,0],[773064.2178,1665352.8123,0],[773095.3541,1665372.2583,0],[773132.3285,1665380.0267,0],[773165.4108,1665380.0267,0],[773202.3852,1665372.2583,0],[773251.0357,1665364.4799,0],[773303.5782,1665356.7015,0],[773376.5621,1665344.054,0],[773429.0882,1665328.5072,0],[773497.1988,1665295.4439,0],[773582.8319,1665239.0554,0],[773658.7184,1665180.7273,0],[773711.261,1665157.392,0],[773752.1274,1665151.5532,0],[773806.6159,1665141.8352,0],[773873.7618,1665135.0266,0],[773934.0719,1665125.3086,0],[774004.1286,1665094.1949,0],[774087.8074,1665041.6956,0],[774130.6199,1665004.7531,0],[774175.3783,1664954.1934,0],[774225.9748,1664895.8653,0],[774247.381,1664880.3084,0],[774268.7872,1664878.3488,0],[774282.4094,1664880.2984,0],[774313.5457,1664888.0769,0],[774369.9802,1664893.9057,0],[774405.0086,1664891.9661,0],[774449.767,1664888.0769,0],[774487.7062,1664879.3186,0],[774600.5753,1664832.6581,0],[774713.4444,1664770.4308,0],[774804.9073,1664721.8207,0],[774876.91,1664663.4926,0],[774917.7764,1664612.9329,0],[774938.2096,1664571.1314,0],[774979.076,1664516.6825,0],[775031.6103,1664464.1831,0],[775104.586,1664406.8148,0],[775266.1139,1664305.7054,0],[775361.4688,1664229.8708,0],[775423.7497,1664177.3715,0],[775520.0694,1664081.1211,0],[775627.1004,1663966.4045,0],[775718.5551,1663884.7311,0],[775792.5038,1663832.2318,0],[775862.5523,1663795.2893,0],[775918.9951,1663770.0044,0],[775959.8697,1663758.3468,0],[776016.296,1663758.3468,0],[776064.9465,1663764.1756,0],[776114.57,1663770.9842,0],[776161.2662,1663786.5411,0],[776196.2946,1663811.8159,0],[776237.1527,1663846.8188,0],[776270.2433,1663887.6505,0],[776285.8197,1663901.2577,0],[776307.2177,1663901.2577,0],[776342.246,1663889.5901,0],[776414.2487,1663848.7584,0],[776512.5227,1663785.5613,0],[776602.0231,1663717.5051,0],[776712.9544,1663639.731,0],[776779.1191,1663602.7885,0],[776878.3661,1663563.8964,0],[776954.2526,1663521.1151,0],[776993.173,1663493.8906,0],[777023.3445,1663454.0388,0],[777038.9127,1663409.3079,0],[777056.4268,1663341.2517,0],[777083.6629,1663242.0919,0],[777108.9694,1663207.089,0],[777134.2594,1663185.7034,0],[777179.0178,1663160.4185,0],[777247.1285,1663144.8617,0],[777301.7737,1663102.6503,0],[777339.2181,1663061.4687,0],[777374.7824,1663089.5429,0],[777400.9877,1663115.7576,0],[777460.8937,1663138.223,0],[777517.0479,1663140.0927,0],[777580.6976,1663126.9953,0],[777648.0909,1663108.2691,0],[777696.7661,1663091.4226,0],[777741.6895,1663080.1949,0],[777790.3647,1663068.9571,0],[777833.4162,1663055.8598,0],[777872.7324,1663080.1949,0],[777923.2712,1663115.7576,0],[777977.5619,1663136.3434,0],[778028.1089,1663151.3204,0],[778091.7585,1663162.5581,0],[778136.6819,1663164.4277,0],[778200.3316,1663145.7015,0],[778245.4199,1663094.312,0],[778259.0502,1663098.2012,0],[778264.8801,1663109.8688,0],[778280.4482,1663148.7509,0],[778290.1783,1663207.089,0],[778293.0973,1663254.7293,0],[778291.1431,1663293.6214,0],[778283.3672,1663363.6172,0],[778279.4752,1663421.9553,0],[778255.15,1663524.0345,0],[778235.6898,1663609.5871,0],[778225.9597,1663687.3713,0],[778220.1299,1663761.2562,0],[778218.1756,1663809.8663,0],[778218.1756,1663852.6476,0],[778232.7625,1663898.3483,0],[778250.2849,1663917.7844,0],[778295.0433,1663937.2304,0],[778332.026,1663960.5657,0],[778355.7163,1663980.6216,0],[778383.8016,1664001.2174,0],[778421.2377,1664033.0409,0],[778454.9385,1664066.734,0],[778464.2975,1664126.6418,0],[778462.4257,1664179.0512,0],[778445.5712,1664233.3401,0],[778434.3404,1664285.7595,0],[778424.9814,1664330.6803,0],[778419.3659,1664379.3504,0],[778424.9814,1664411.1839,0],[778456.8021,1664431.7697,0],[778509.2209,1664454.2352,0],[778570.9988,1664484.1891,0],[778589.7251,1664512.2734,0],[778584.1014,1664555.3246,0],[778570.9988,1664575.9104,0],[778559.7679,1664602.1251,0],[778574.7424,1664628.3297,0],[778593.4605,1664647.0559,0],[778624.5555,1664667.4218,0],[778647.7511,1664682.6187,0],[778672.0846,1664729.4192,0],[778685.1872,1664783.7081,0],[778716.3565,1664842.3762,0],[778761.115,1664914.3215,0],[778792.2513,1664953.2136,0],[778844.7938,1664994.0453,0],[778926.3782,1665044.2251,0],[778985.0309,1665070.1298,0],[778990.201,1665080.4377,0],[778970.312,1665136.9662,0],[778956.6981,1665166.1303,0],[778917.7613,1665218.6296,0],[778876.9031,1665267.2397,0],[778818.5225,1665337.2454,0],[778793.2243,1665380.0167,0],[778785.4484,1665418.9088,0],[778782.5212,1665456.8311,0],[778790.3052,1665515.1592,0],[778805.8734,1665557.9405,0],[778825.3336,1665587.1046,0],[778854.5239,1665618.2182,0],[778895.3985,1665647.3823,0],[778940.1405,1665664.8887,0],[778990.7452,1665668.778,0],[779025.7736,1665664.8887,0],[779063.721,1665656.1305,0],[779110.4254,1665632.8053,0],[779170.752,1665593.9132,0],[779217.4565,1665553.0815,0],[779275.8371,1665490.8542,0],[779310.8654,1665438.3549,0],[779338.1179,1665418.9088,0],[779363.4079,1665418.9088,0],[779396.482,1665424.7476,0],[779445.2232,1665438.9147,0],[779478.9157,1665444.5336,0],[779527.5909,1665437.0451,0],[779555.668,1665416.4493,0],[779598.7278,1665371.5185,0],[779626.8049,1665356.5415,0],[779653.0102,1665371.5185,0],[779679.2238,1665393.9839,0],[779709.1727,1665425.8074,0],[779747.7385,1665377.1073,0],[779787.805,1665330.3368,0],[779830.8566,1665302.2526,0],[779888.6682,1665289.9851,0],[779932.9649,1665288.2954,0],[779985.2023,1665287.6155,0],[780001.4466,1665279.8571,0],[780030.876,1665224.4684,0],[780038.6684,1665212.8008,0],[780081.4725,1665131.1274,0],[780124.285,1665047.5244,0],[780139.8531,1665026.1288,0],[780163.2053,1665024.1892,0],[780188.5036,1665031.9676,0],[780213.8018,1665053.3532,0],[780266.3444,1665096.1345,0],[780324.7249,1665146.6842,0],[780357.8073,1665171.9691,0],[780392.8356,1665185.5763,0],[780430.7747,1665188.4957,0],[780501.0293,1665178.7077,0],[780545.9609,1665167.47,0],[780590.8843,1665163.7308,0],[780622.7133,1665171.2192,0],[780658.2776,1665193.6847,0],[780693.8419,1665216.1501,0],[780744.3889,1665262.9406,0],[780777.1662,1665291.5447,0],[780810.2485,1665291.5447,0],[780843.3308,1665277.9375,0],[780906.5764,1665236.136,0],[781003.8692,1665135.0166,0],[781071.9963,1665059.182,0],[781103.1244,1665039.746,0],[781128.4226,1665037.7964,0],[781165.3888,1665045.5748,0],[781212.1015,1665068.9101,0],[781254.9139,1665096.1345,0],[781311.3567,1665140.8554,0],[781390.1622,1665227.3778,0],[781458.2729,1665297.3835,0],[781543.8895,1665377.1073,0],[781590.594,1665421.8282,0],[781608.1164,1665445.1635,0],[781615.8922,1665474.3275,0],[781624.6493,1665516.129,0],[781642.1635,1665541.4139,0],[781669.3995,1665558.9103,0],[781692.76,1665568.6383,0],[781749.1945,1665578.3564,0],[781795.899,1665591.9636,0],[781809.5706,1665620.4978,0],[781809.5706,1665659.8098,0],[781800.2116,1665689.7537,0],[781787.1007,1665727.1961,0],[781757.1518,1665803.9504,0],[781723.4593,1665895.6818,0],[781678.1648,1665958.499,0],[781572.1068,1666103.1695,0],[781531.8753,1666170.5958,0],[781512.712,1666307.4779,0],[781385.9321,1666414.9161,0],[781343.4495,1666495.1697,0],[781314.2592,1666559.3367,0],[781294.799,1666625.4432,0],[781277.2931,1666679.8921,0],[781256.8599,1666717.8144,0],[781202.3714,1666785.8706,0],[781196.5333,1666807.2662,0],[781196.5333,1666830.6015,0],[781198.4793,1666853.9267,0],[781200.4254,1666904.4864,0],[781199.4523,1667026.0117,0],[781183.8842,1667117.4031,0],[781170.2621,1667197.1269,0],[781156.6399,1667249.6262,0],[781131.3417,1667306.0147,0],[781111.8815,1667333.2392,0],[781093.3943,1667353.655,0],[781068.096,1667365.3226,0],[781035.0137,1667373.101,0],[780910.4767,1667371.1614,0],[780789.8235,1667367.2722,0],[780727.5509,1667376.9903,0],[780698.3606,1667398.3759,0],[780675.0167,1667425.6004,0],[780649.7102,1667464.4924,0],[780620.5199,1667518.9414,0],[780585.4915,1667583.1083,0],[780536.841,1667662.8221,0],[780475.5414,1667755.1933,0],[780392.8439,1667857.2725,0],[780357.8155,1667898.1042,0],[780313.0488,1667960.3315,0],[780272.1907,1668018.6596,0],[780221.5942,1668092.5546,0],[780173.9167,1668169.359,0],[780131.1043,1668247.1331,0],[780098.0137,1668295.7532,0],[780027.957,1668387.1346,0],[779907.6007,1668509.0098,0],[779861.5806,1668570.8872,0],[779834.6002,1668619.4574,0],[779836.472,1668675.6159,0],[779842.0874,1668726.1556,0],[779828.9765,1668767.3472,0],[779800.8994,1668812.2681,0],[779772.8223,1668883.4136,0],[779759.7197,1668969.5161,0],[779754.1043,1669020.0658,0],[779698.115,1669111.4472,0],[779643.6264,1669189.2314,0],[779581.3538,1669278.6732,0],[779528.8113,1669348.6689,0],[779491.8369,1669389.5106,0],[779440.2674,1669431.3121,0],[779390.9325,1669463.7355,0],[779340.3855,1669512.4056,0],[779321.6675,1669568.5642,0],[779314.1802,1669607.8762,0],[779312.3084,1669660.2955,0],[779316.052,1669716.4541,0],[779325.4111,1669770.743,0],[779342.8098,1669789.1593,0],[779370.4334,1669812.5345,0],[779436.3012,1669821.0328,0],[779483.0386,1669842.2784,0],[779527.6651,1669878.4011,0],[779557.4079,1669918.7829,0],[779644.5335,1670050.5161,0],[779731.6508,1670133.9191,0],[779817.7622,1670186.3284,0],[779855.1983,1670216.2823,0],[779879.5401,1670244.3666,0],[779903.42,1670284.9383,0],[779918.0152,1670338.4175,0],[779935.5293,1670375.3599,0],[779970.5494,1670414.252,0],[780013.3701,1670453.1341,0],[780073.6967,1670501.7442,0],[780165.1596,1670560.0823,0],[780280.9395,1670646.6147,0],[780369.0793,1670715.5707,0],[780422.1991,1670766.5603,0],[780473.1914,1670815.4304,0],[780519.9371,1670864.3004,0],[780590.0515,1670936.5457,0],[780649.5452,1671002.4123,0],[780698.4184,1671059.7806,0],[780766.4053,1671121.3981,0],[780853.5227,1671187.2747,0],[780951.2607,1671240.3939,0],[781038.378,1671285.0148,0],[781114.8665,1671319.0079,0],[781204.103,1671365.7484,0],[781274.2257,1671403.9906,0],[781331.592,1671433.7345,0],[781388.9666,1671461.3589,0],[781467.5825,1671499.6111,0],[781548.3175,1671533.6042,0],[781635.4349,1671559.099,0],[781692.8012,1671569.7268,0],[781739.5469,1671571.8464,0],[781803.2955,1671571.8464,0],[781847.9138,1671569.7268,0],[781920.1556,1671563.3481,0],[781988.1426,1671559.099,0],[781956.2724,1671622.846,0],[781935.0229,1671699.3404,0],[781920.1556,1671765.207,0],[781915.9008,1671822.5754,0],[781913.7816,1671890.5615,0],[781915.9008,1671945.8103,0],[781920.1556,1672013.7964,0],[781926.5297,1672079.663,0],[781922.2831,1672128.5331,0],[781893.2,1672199.2587,0],[781880.5508,1672246.899,0],[781855.2526,1672309.1263,0],[781798.8263,1672406.3465,0],[781729.7343,1672504.5366,0],[781620.749,1672621.2128,0],[781558.4847,1672689.269,0],[781527.3566,1672735.9295,0],[781505.9421,1672784.5396,0],[781493.293,1672826.351,0],[781483.5629,1672900.236,0],[781473.8328,1672985.7986,0],[781455.3456,1673115.1023,0],[781439.7692,1673194.826,0],[781424.2093,1673227.8793,0],[781395.019,1673264.8218,0],[781342.4848,1673311.4923,0],[781262.7062,1673385.3773,0],[781217.9395,1673441.7658,0],[781191.6765,1673497.1845,0],[781156.6399,1673538.0262,0],[781084.629,1673586.6363,0],[780962.0462,1673660.5213,0],[780844.3038,1673729.5472,0],[780731.443,1673809.281,0],[780655.5565,1673865.6695,0],[780601.0597,1673924.0076,0],[780571.8694,1673964.8393,0],[780520.2999,1674045.5329,0],[780438.5588,1674179.7056,0],[780384.0868,1674274.9862,0],[780360.5779,1674312.8085,0],[780337.2091,1674370.1768,0],[780313.8322,1674433.9138,0],[780294.7101,1674506.1591,0],[780273.4605,1674610.2779,0],[780268.3069,1674664.8468,0],[780272.1907,1674680.4037,0],[780290.6696,1674698.8699,0],[780319.8599,1674702.7591,0],[780352.9422,1674696.9303,0],[780384.0868,1674689.1519,0],[780444.4051,1674673.595,0],[780493.0556,1674663.877,0],[780528.084,1674656.0986,0],[780551.4362,1674648.3202,0],[780565.0666,1674632.7634,0],[780596.1946,1674603.5993,0],[780644.8451,1674572.4856,0],[780696.2909,1674548.6605,0],[780760.0313,1674542.2818,0],[780815.2785,1674544.4113,0],[780868.3982,1674580.524,0],[780940.64,1674625.1449,0],[781027.7574,1674652.7693,0],[781085.1237,1674667.6463,0],[781144.6175,1674678.2641,0],[781235.9814,1674699.5098,0],[781299.7301,1674714.3867,0],[781374.0993,1674735.6324,0],[781435.7205,1674763.2568,0],[781503.7075,1674835.4921,0],[781571.7027,1674835.4921,0],[781629.0691,1674848.2495,0],[781660.6589,1674862.2067,0],[781743.81,1674905.6178,0],[781790.5557,1674935.3618,0],[781845.7946,1674992.7301,0],[781875.5456,1675060.7262,0],[781877.6648,1675130.842,0],[781903.1692,1675154.2172,0],[781937.1586,1675186.0807,0],[781977.5302,1675217.9542,0],[782013.6553,1675245.5786,0],[782045.5254,1675277.4521,0],[782068.8942,1675339.0696,0],[782092.2629,1675404.9362,0],[782111.3933,1675449.5571,0],[782141.136,1675526.0415,0],[782143.2634,1675566.4133,0],[782149.1015,1675639.2785,0],[782134.2177,1675683.9094,0],[782125.8977,1675692.2177,0],[782094.5387,1675725.5109,0],[782055.338,1675758.8042,0],[782012.2122,1675784.269,0],[781974.974,1675809.7238,0],[781941.6443,1675835.1886,0],[781924.0147,1675850.8554,0],[781920.0814,1675866.5222,0],[781922.0439,1675905.6943,0],[781927.9232,1675956.6139,0],[781929.8775,1675993.8263,0],[781917.1377,1676039.8569,0],[781909.3041,1676080.9886,0],[781907.3416,1676102.5242,0],[781915.1834,1676124.0698,0],[781928.9045,1676139.7366,0],[781938.7088,1676153.4538,0],[781938.7088,1676169.1206,0],[781936.7545,1676196.5351,0],[781936.7545,1676206.3331,0],[781946.5506,1676218.0807,0],[781960.2717,1676229.8383,0],[781995.5474,1676241.5859,0],[782040.6274,1676255.2931,0],[782064.1611,1676278.7983,0],[782083.7614,1676317.9703,0],[782095.52,1676364.9708,0],[782110.2223,1676397.2842,0],[782127.8684,1676416.8702,0],[782161.1899,1676434.4966,0],[782219.991,1676450.1734,0],[782263.125,1676469.7594,0],[782302.3175,1676495.2143,0],[782308.2051,1676510.8811,0],[782308.2051,1676526.5479,0],[782306.2426,1676538.3055,0],[782292.5215,1676555.9319,0],[782267.0418,1676581.3867,0],[782225.8703,1676610.7707,0],[782176.8735,1676634.276,0],[782120.0349,1676651.9024,0],[782082.7802,1676671.4884,0],[782045.5337,1676700.8624,0],[781989.6681,1676731.2162,0],[781950.4674,1676760.6002,0],[781897.5373,1676797.8127,0],[781856.374,1676829.1463,0],[781811.294,1676848.7323,0],[781785.7978,1676848.7323,0],[781727.005,1676844.8131,0],[781640.7534,1676823.2675,0],[781578.0273,1676813.4795,0],[781556.4644,1676815.4391,0],[781538.8348,1676817.3987,0],[781527.068,1676819.3583,0],[781501.5801,1676836.9847,0],[781469.2399,1676869.2981,0],[781424.1516,1676910.4297,0],[781386.9134,1676951.5514,0],[781343.7876,1677000.5214,0],[781298.6993,1677055.3602,0],[781271.2572,1677076.9059,0],[781249.6943,1677080.8151,0],[781228.1396,1677078.8655,0],[781204.6142,1677082.7747,0],[781196.7724,1677094.5323,0],[781196.0468,1677098.1315,0],[781194.8099,1677104.3203,0],[781194.8099,1677168.9571,0],[781185.0139,1677190.4927,0],[781162.4697,1677224.7758,0],[781142.8694,1677273.7358,0],[781140.9151,1677299.1906,0],[781140.9151,1677365.7871,0],[781133.0651,1677401.0399,0],[781113.4647,1677434.3431,0],[781091.9018,1677459.8079,0],[781089.9393,1677475.4747,0],[781091.9018,1677506.8084,0],[781091.9018,1677544.0208,0],[781087.985,1677561.6472,0],[781069.3577,1677590.0514,0],[781036.0445,1677635.0922,0],[780998.7897,1677680.1431,0],[780969.3933,1677731.0627,0],[780943.8971,1677783.9419,0],[780934.1093,1677832.912,0],[780926.2675,1677875.9932,0],[780912.5547,1677895.5792,0],[780885.1043,1677917.1248,0],[780871.3832,1677932.7916,0],[780862.5601,1677957.2767,0],[780858.6351,1678002.3175,0],[780854.7183,1678025.8227,0],[780840.9973,1678041.4895,0],[780803.7508,1678061.0755,0],[780786.1129,1678078.7019,0],[780782.1879,1678098.288,0],[780784.1504,1678145.2984,0],[780778.2711,1678166.834,0],[780770.4293,1678188.3796,0],[780752.7915,1678207.9656,0],[780727.3035,1678221.6728,0],[780688.1028,1678227.5517,0],[780670.4649,1678237.3497,0],[780654.7813,1678251.0569,0],[780637.127,1678278.4713,0],[780626.3579,1678312.7543,0],[780616.5536,1678369.5427,0],[780614.5911,1678420.4724,0],[780626.3579,1678467.4728,0],[780643.9875,1678504.6852,0],[780643.9875,1678553.6553,0],[780634.1997,1678579.1101,0],[780628.3122,1678606.5345,0],[780628.3122,1678628.0701,0],[780627.3392,1678679.9796,0],[780619.4974,1678736.778,0],[780611.6473,1678762.2328,0],[780582.2509,1678789.6572,0],[780554.8087,1678819.0313,0],[780546.9752,1678838.6173,0],[780539.1251,1678897.3753,0],[780531.2833,1678936.5473,0],[780505.8037,1678979.6286,0],[780476.399,1679020.7602,0],[780455.8174,1679043.2856,0],[780398.9705,1679070.7,0],[780322.5233,1679107.9125,0],[780269.6015,1679129.4581,0],[780226.4675,1679156.8825,0],[780195.125,1679194.0949,0],[780169.6289,1679239.1357,0],[780155.9078,1679288.1058,0],[780126.5031,1679321.399,0],[780110.8277,1679346.8538,0],[780086.3211,1679381.1368,0],[780074.5625,1679418.3493,0],[780052.9996,1679457.5113,0],[780017.7074,1679502.5621,0],[779980.4692,1679551.5222,0],[779958.9145,1679600.4922,0],[779937.3352,1679655.331,0],[779911.8555,1679686.6647,0],[779888.3301,1679710.1699,0],[779875.5903,1679742.4833,0],[779857.9524,1679785.5745,0],[779842.2688,1679824.7365,0],[779818.7517,1679871.747,0],[779801.1056,1679922.6666,0],[779771.7009,1679961.8386,0],[779736.4169,1680006.8895,0],[779708.9748,1680040.1827,0],[779695.2537,1680065.6375,0],[779682.5138,1680099.9105,0],[779668.7928,1680176.295,0],[779662.9135,1680238.9722,0],[779653.1092,1680266.3867,0],[779631.5463,1680293.8111,0],[779598.2248,1680317.3163,0],[779551.1823,1680352.5691,0],[779519.8151,1680381.9431,0],[779508.0565,1680426.994,0],[779502.169,1680491.6208,0],[779488.4561,1680556.2676,0],[779470.81,1680581.7225,0],[779459.0515,1680591.5205,0],[779447.2929,1680591.5205,0],[779433.5718,1680589.5609,0],[779417.8965,1680575.8537,0],[779388.4835,1680540.6008,0],[779370.8457,1680487.7016,0],[779364.9664,1680454.4084,0],[779347.3203,1680428.9536,0],[779325.7491,1680415.2364,0],[779313.9988,1680413.2868,0],[779286.5567,1680419.1556,0],[779269.8918,1680437.7618,0],[779246.3747,1680469.1054,0],[779234.5996,1680473.0246,0],[779222.8493,1680473.0246,0],[779197.3696,1680467.1558,0],[779175.8067,1680467.1558,0],[779154.2438,1680476.9438,0],[779134.6435,1680508.2774,0],[779113.0806,1680549.409,0],[779109.1556,1680586.6215,0],[779111.1263,1680629.7127,0],[779126.8017,1680688.4707,0],[779128.7559,1680739.3904,0],[779125.8204,1680789.3302,0],[779119.9411,1680824.583,0],[779102.295,1680842.2094,0],[779090.5364,1680842.2094,0],[779047.4107,1680844.169,0],[779019.9767,1680850.0478,0],[778990.5638,1680859.8359,0],[778963.1217,1680881.3815,0],[778943.5213,1680916.6343,0],[778937.642,1680942.0991,0],[778939.5963,1680965.6043,0],[778953.3256,1681012.6048,0],[778953.3256,1681036.11,0],[778935.6795,1681053.7364,0],[778910.1998,1681075.282,0],[778865.1115,1681088.9892,0],[778831.7901,1681090.9488,0],[778798.4769,1681085.07,0],[778739.6593,1681065.484,0],[778700.4668,1681059.6052,0],[778684.7749,1681061.5648,0],[778674.9706,1681067.4436,0],[778665.1746,1681075.282,0],[778641.6492,1681100.7368,0],[778624.9926,1681144.8079,0],[778611.2715,1681189.8487,0],[778595.5961,1681225.1015,0],[778579.9043,1681252.5259,0],[778548.5453,1681283.8595,0],[778519.1407,1681307.3648,0],[778495.6153,1681342.6176,0],[778458.3688,1681405.2948,0],[778428.9724,1681448.3761,0],[778401.5302,1681477.7601,0],[778370.163,1681493.4269,0],[778337.8228,1681498.3259,0],[778286.8552,1681504.1947,0],[778253.5338,1681504.1947,0],[778235.8794,1681510.0735,0],[778220.2123,1681521.8211,0],[778192.7701,1681562.9527,0],[778175.124,1681582.5388,0],[778130.0358,1681613.8724,0],[778100.6393,1681631.4988,0],[778079.0764,1681658.9232,0],[778059.4761,1681702.0144,0],[778035.9507,1681745.0957,0],[778022.2296,1681754.8937,0],[778002.6292,1681754.8937,0],[777994.7792,1681752.9341,0],[777988.9164,1681741.1765,0],[777981.0663,1681721.5904,0],[777959.5035,1681658.9232,0],[777941.8656,1681637.3776,0],[777910.5066,1681629.5392,0],[777869.3351,1681631.4988,0],[777832.0969,1681635.418,0],[777803.6652,1681650.105,0],[777764.4645,1681675.5698,0],[777713.4969,1681706.9034,0],[777678.213,1681720.6106,0],[777621.3661,1681720.6106,0],[777601.7657,1681706.9034,0],[777580.2029,1681671.6506,0],[777554.7232,1681632.4786,0],[777537.0688,1681616.8118,0],[777525.3268,1681610.933,0],[777494.7099,1681610.933,0],[777486.8764,1681655.9538,0],[777486.8764,1681706.8634,0],[777498.635,1681746.0155,0],[777522.1769,1681773.4299,0],[777565.3109,1681810.6323,0],[777586.882,1681826.2991,0],[777600.6113,1681841.9559,0],[777596.6863,1681855.6632,0],[777586.882,1681869.3704,0],[777561.3858,1681888.9464,0],[777547.6648,1681906.5728,0],[777547.6648,1681920.28,0],[777561.3858,1681949.644,0],[777584.9195,1681967.2704,0],[777614.3324,1681986.8465,0],[777647.6704,1682002.5133,0],[777657.4829,1682012.3013,0],[777661.3997,1682018.1701,0],[777661.3997,1682039.7057,0],[777642.7723,1682070.4294,0],[777617.2762,1682097.8639,0],[777593.7425,1682105.7023,0],[777562.3589,1682105.7023,0],[777546.6835,1682107.6519,0],[777529.0292,1682115.4903,0],[777525.1124,1682121.3691,0],[777525.1124,1682152.7227,0],[777532.9542,1682172.3187,0],[777566.2921,1682201.7027,0],[777611.3969,1682213.4603,0],[777654.5391,1682215.4199,0],[777685.9146,1682219.3391,0],[777729.0568,1682225.2179,0],[777762.3948,1682242.8543,0],[777785.9367,1682274.208,0],[777803.5745,1682315.3496,0],[777811.4163,1682331.0264,0],[777823.1832,1682336.9052,0],[777834.95,1682338.8648,0],[777850.6418,1682340.8244,0],[777870.2504,1682336.9052,0],[777895.7466,1682323.188,0],[777917.3095,1682287.9152,0],[777933.0013,1682254.612,0],[777950.6557,1682236.9755,0],[777983.9936,1682219.3391,0],[778025.1734,1682203.6623,0],[778054.5863,1682197.7935,0],[778078.1199,1682199.7431,0],[778087.9242,1682211.5007,0],[778093.8118,1682225.2179,0],[778095.766,1682246.7735,0],[778097.7368,1682282.0464,0],[778103.6161,1682344.7436,0],[778109.4954,1682364.3396,0],[778129.104,1682393.7236,0],[778145.7688,1682406.461,0],[778175.19,1682420.1783,0],[778202.6569,1682429.9763,0],[778245.7909,1682445.6531,0],[778279.1289,1682461.3299,0],[778302.6625,1682476.9967,0],[778318.3461,1682492.6735,0],[778332.0754,1682524.0271,0],[778341.8797,1682578.8859,0],[778353.6466,1682621.9972,0],[778373.2552,1682647.462,0],[778396.7888,1682663.1388,0],[778430.1268,1682669.0176,0],[778459.5397,1682663.1388,0],[778490.9151,1682647.462,0],[778526.2156,1682623.9568,0],[778555.6368,1682584.7648,0],[778581.1247,1682561.2495,0],[778592.8915,1682557.3403,0],[778604.6666,1682557.3403,0],[778622.3127,1682561.2495,0],[778639.9588,1682573.0071,0],[778665.4549,1682598.482,0],[778697.8116,1682634.7346,0],[778713.4952,1682666.0782,0],[778719.3827,1682689.5934,0],[778721.3288,1682711.149,0],[778715.4495,1682732.7046,0],[778693.8866,1682773.8463,0],[778656.6236,1682822.8363,0],[778617.4064,1682881.6143,0],[778597.7895,1682920.8064,0],[778589.9395,1682944.3116,0],[778575.2454,1682998.2006,0],[778553.6743,1683070.6958,0],[778543.8699,1683113.7971,0],[778543.8699,1683145.1507,0],[778545.8242,1683164.7467,0],[778551.7117,1683176.5043,0],[778567.3953,1683190.2215,0],[778573.2829,1683194.1307,0],[778594.854,1683196.0903,0],[778622.3044,1683196.0903,0],[778634.0712,1683200.0095,0],[778645.8463,1683209.8075,0],[778673.2967,1683243.1207,0],[778714.4765,1683286.222,0],[778742.9164,1683306.7978,0],[778770.3668,1683314.6362,0],[778819.3966,1683320.515,0],[778870.3806,1683316.5958,0],[778915.4854,1683304.8382,0],[778966.4777,1683287.2018,0],[778986.0946,1683277.4038,0],[778993.9446,1683269.5754,0],[778995.8906,1683249.9793,0],[778990.0114,1683206.8681,0],[778990.0114,1683179.4437,0],[778997.8531,1683157.8881,0],[779011.5825,1683144.1709,0],[779033.1536,1683138.2921,0],[779046.8829,1683136.3325,0],[779088.0627,1683132.4133,0],[779137.0842,1683118.6961,0],[779156.7011,1683103.0193,0],[779180.2347,1683073.6352,0],[779193.9476,1683032.4836,0],[779207.6851,1683001.14,0],[779219.452,1682979.5844,0],[779241.0231,1682942.352,0],[779261.613,1682915.9073,0],[779267.5005,1682904.1497,0],[779269.4548,1682892.3921,0],[779269.4548,1682880.6345,0],[779265.538,1682866.9173,0],[779242.0044,1682845.3617,0],[779230.2375,1682829.6949,0],[779226.3125,1682810.0989,0],[779236.1251,1682782.6645,0],[779265.538,1682751.3109,0],[779308.6803,1682716.048,0],[779349.86,1682676.856,0],[779410.6649,1682635.7144,0],[779473.4075,1682608.28,0],[779507.7349,1682593.583,0],[779529.2978,1682585.7446,0],[779552.8315,1682568.1181,0],[779578.3194,1682548.5221,0],[779589.2451,1682532.9453,0],[779605.8687,1682533.8751,0],[779613.9497,1682535.8847,0],[779617.9901,1682535.8847,0],[779626.071,1682541.9435,0],[779632.1317,1682547.9922,0],[779634.1602,1682556.0606,0],[779634.1602,1682568.1681,0],[779636.1804,1682580.2757,0],[779636.1804,1682594.3928,0],[779622.0306,1682620.6175,0],[779607.889,1682636.7542,0],[779609.9092,1682646.8421,0],[779620.0103,1682654.9205,0],[779660.4232,1682654.9205,0],[779706.9051,1682669.0376,0],[779767.512,1682687.1939,0],[779816.0141,1682719.4773,0],[779848.3378,1682753.7704,0],[779868.5483,1682812.2784,0],[779896.8316,1682842.5323,0],[779929.1635,1682864.7278,0],[779977.6574,1682886.9133,0],[779993.8192,1682911.1283,0],[779995.8477,1682937.353,0],[780003.9286,1682979.7144,0],[780020.0905,1682995.8611,0],[780028.1714,1682997.8707,0],[780058.4831,1683001.9098,0],[780102.9447,1683018.0466,0],[780138.2946,1683043.6513,0],[780160.5172,1683086.0427,0],[780198.9181,1683122.3853,0],[780249.4321,1683158.7279,0],[780306.0151,1683176.9042,0],[780368.6423,1683205.1685,0],[780433.3145,1683243.5207,0],[780455.5288,1683273.8045,0],[780483.8203,1683338.4113,0],[780508.063,1683378.7931,0],[780535.3485,1683420.1847,0],[780549.4902,1683432.2922,0],[780563.6318,1683436.3314,0],[780579.8019,1683436.3314,0],[780597.984,1683434.3118,0],[780634.3646,1683420.1847,0],[780674.7693,1683406.0476,0],[780699.0121,1683406.0476,0],[780723.2631,1683414.1259,0],[780759.6273,1683428.2531,0],[780824.2912,1683484.7916,0],[780888.9551,1683517.095,0],[780949.5703,1683541.32,0],[781006.145,1683543.3396,0],[781062.7198,1683557.4668,0],[781120.3087,1683586.7408,0],[781146.58,1683594.8192,0],[781180.9322,1683594.8192,0],[781219.3248,1683588.7604,0],[781243.5676,1683574.6333,0],[781283.9805,1683528.1927,0],[781322.3731,1683489.8405,0],[781354.7051,1683461.5663,0],[781382.9883,1683449.4587,0],[781409.2596,1683447.4392,0],[781445.6238,1683453.4979,0],[781486.0449,1683483.7818,0],[781510.2877,1683538.2907,0],[781552.7208,1683619.0442,0],[781599.1944,1683679.6119,0],[781625.4574,1683703.847,0],[781632.5323,1683714.9447,0],[781632.5323,1683735.1406,0],[781630.5121,1683775.5124,0],[781626.4716,1683809.8354,0],[781640.6133,1683862.3247,0],[781646.674,1683886.5598,0],[781646.674,1683963.2742,0],[781614.3502,1684013.7539,0],[781563.8445,1684068.2628,0],[781518.3686,1684095.5172,0],[781479.9677,1684121.7619,0],[781448.584,1684154.6152,0],[781425.2318,1684187.6685,0],[781399.9418,1684228.4902,0],[781375.6248,1684270.2817,0],[781344.4885,1684342.217,0],[781325.0448,1684414.1424,0],[781314.3335,1684479.2691,0],[781314.3335,1684535.6477,0],[781318.2172,1684613.4218,0],[781324.0635,1684660.0723,0],[781347.4075,1684724.2293,0],[781379.5086,1684783.5172,0],[781432.0429,1684843.7849,0],[781451.5031,1684872.949,0],[781465.1335,1684902.1031,0],[781474.8553,1684935.1563,0],[781478.7473,1684983.7564,0],[781488.4692,1685042.0746,0],[781509.8754,1685077.0675,0],[781533.2194,1685096.5135,0],[781558.5094,1685104.2919,0],[781587.6914,1685100.4027,0],[781612.0167,1685085.8157,0],[781672.3268,1685033.3264,0],[781734.5829,1684969.1794,0],[781777.3871,1684926.4081,0],[781798.7933,1684918.6297,0],[781814.3532,1684920.5793,0],[781837.7054,1684928.3477,0],[781859.1034,1684947.7938,0],[781886.3394,1684978.8974,0],[781917.4675,1685013.8903,0],[781948.5955,1685039.1652,0],[781991.3997,1685052.7724,0],[782043.9258,1685052.7724,0],[782105.2171,1685053.7422,0],[782184.9874,1685055.6818,0],[782214.1695,1685067.3494,0],[782264.7495,1685100.4027,0],[782319.2298,1685129.5568,0],[782365.926,1685149.0028,0],[782457.3559,1685180.1065,0],[782556.5864,1685217.039,0],[782595.4985,1685238.4246,0],[782623.7076,1685272.4477,0],[782656.7816,1685322.9874,0],[782685.9719,1685354.1011,0],[782709.3159,1685375.4767,0],[782746.282,1685404.6408,0],[782832.7397,1685480.4353,0],[782852.2081,1685507.6498,0],[782857.1804,1685521.287,0],[782857.1804,1685527.0859,0],[782857.1804,1685536.8339,0],[782845.496,1685564.0483,0],[782822.1603,1685587.3836,0],[782783.2482,1685608.7692,0],[782740.4357,1685618.4872,0],[782693.7478,1685620.4269,0],[782658.7277,1685618.4872,0],[782600.3553,1685612.6584,0],[782553.6674,1685602.9304,0],[782473.9053,1685581.5448,0],[782391.216,1685557.2497,0],[782338.6817,1685549.4713,0],[782288.1017,1685539.7533,0],[782243.3515,1685524.1964,0],[782188.8795,1685506.7,0],[782155.8054,1685502.8108,0],[782134.3992,1685502.8108,0],[782111.0634,1685512.5388,0],[782079.9271,1685533.9245,0],[782058.5209,1685557.2497,0],[782035.1769,1685584.4642,0],[782002.1028,1685640.8427,0],[781969.0287,1685706.9392,0],[781959.2987,1685745.8213,0],[781950.5416,1685785.6732,0],[781936.9277,1685826.4949,0],[781919.4053,1685863.4374,0],[781896.0695,1685900.3699,0],[781836.7324,1685988.8219,0],[781809.4882,1686035.4824,0],[781801.7123,1686066.586,0],[781799.7663,1686107.4077,0],[781809.4882,1686159.897,0],[781830.9026,1686214.336,0],[781852.2923,1686280.4325,0],[781865.9227,1686340.7002,0],[781874.6633,1686403.8774,0],[781872.7173,1686446.6487,0],[781864.9415,1686475.8027,0],[781845.4813,1686514.6848,0],[781806.5691,1686571.0634,0],[781769.603,1686623.5527,0],[781713.1932,1686691.5888,0],[781657.7399,1686746.9975,0],[781612.9897,1686789.7688,0],[781603.2596,1686811.1545,0],[781587.6914,1686865.5834,0],[781567.2665,1686936.539,0],[781545.8685,1686977.3707,0],[781522.5163,1687008.4743,0],[781469.9903,1687072.6213,0],[781384.3819,1687165.9423,0],[781366.876,1687204.8244,0],[781365.903,1687222.9107,0],[781371.741,1687252.0547,0],[781379.5168,1687283.1284,0],[781383.4089,1687333.6381,0],[781385.3632,1687382.1982,0],[781393.139,1687421.0503,0],[781406.7611,1687444.3556,0],[781433.9971,1687469.6105,0],[781461.2332,1687489.0365,0],[781507.2615,1687516.3209,0],[781525.6415,1687558.9123,0],[781497.5726,1687600.5938,0],[781484.7833,1687633.807,0],[781483.802,1687688.9958,0],[781483.802,1687700.6934,0],[781485.7481,1687751.4031,0],[781487.7023,1687794.3144,0],[781495.5111,1687821.6188,0],[781509.1828,1687846.9736,0],[781511.1205,1687876.2277,0],[781499.4114,1687897.6833,0],[781481.8478,1687911.3305,0],[781456.4753,1687928.887,0],[781438.9117,1687950.3426,0],[781417.4395,1687981.5463,0],[781389.1397,1688042.0039,0],[781369.6218,1688123.9373,0],[781363.7673,1688164.8889,0],[781344.2494,1688256.5603,0],[781338.4031,1688307.27,0],[781344.2494,1688342.3728,0],[781367.6676,1688375.5261,0],[781397.9216,1688414.5381,0],[781409.6307,1688459.389,0],[781415.4852,1688504.2499,0],[781413.5392,1688549.1107,0],[781409.6307,1688593.9716,0],[781409.6307,1688691.4817,0],[781427.2026,1688736.3426,0],[781445.7392,1688785.1027,0],[781447.6852,1688835.8124,0],[781447.6852,1688874.8244,0],[781437.9304,1688900.1793,0],[781412.5579,1688931.3829,0],[781400.8488,1688954.7882,0],[781402.8031,1688978.1934,0],[781416.4665,1689003.5482,0],[781432.0759,1689024.9939,0],[781461.3569,1689050.3487,0],[781475.0202,1689062.0563,0],[781508.1932,1689114.7156,0],[781505.266,1689143.9696,0],[781485.7481,1689175.1733,0],[781468.1927,1689202.4777,0],[781466.2384,1689257.0866,0],[781466.2384,1689366.3144,0],[781464.2759,1689407.2661,0],[781444.7662,1689454.0765,0],[781412.5579,1689510.635,0],[781385.2395,1689539.8891,0],[781322.7854,1689576.9515,0],[781285.6956,1689608.1552,0],[781266.186,1689645.2076,0],[781260.3314,1689690.0685,0],[781258.3772,1689742.7278,0],[781256.4229,1689793.4374,0],[781265.213,1689877.3004,0],[781255.4499,1689929.9597,0],[781241.7865,1689970.9213,0],[781232.0234,1689992.377,0],[781196.8961,1690009.9334,0],[781107.1154,1690017.7318,0],[781052.4702,1690009.9334,0],[781011.4801,1689976.7701,0],[780982.2073,1689953.3649,0],[780976.3528,1689951.4153,0],[780945.1258,1689961.1733,0],[780937.317,1689980.6693,0],[780935.3627,1690000.1754,0],[780937.317,1690019.6814,0],[780943.1715,1690045.0362,0],[780956.8431,1690074.2903,0],[780972.436,1690109.3931,0],[780984.1534,1690150.3548,0],[780988.0619,1690183.5081,0],[780988.0619,1690203.0141,0],[780975.3715,1690240.0665,0],[780975.3715,1690267.371,0],[780985.1429,1690286.877,0],[781008.5528,1690306.383,0],[781022.2162,1690320.0403,0],[781026.1165,1690337.5867,0],[781022.2162,1690362.9415,0],[781012.4613,1690386.3468,0],[781010.5071,1690417.5504,0],[781012.4613,1690470.2097,0],[781016.3616,1690542.375,0],[781017.3429,1690608.6915,0],[781027.0977,1690655.492,0],[781050.5159,1690686.7056,0],[781066.1253,1690721.8085,0],[781066.1253,1690753.0121,0],[781056.3705,1690795.9234,0],[781054.4162,1690827.127,0],[781052.4702,1690854.4315,0],[781040.7611,1690879.7863,0],[781003.6713,1690912.9396,0],[780965.6167,1690953.9012,0],[780961.7082,1690967.5585,0],[780971.4712,1690998.7621,0],[781000.7357,1691024.1169,0],[781049.5429,1691047.5222,0],[781061.252,1691059.2198,0],[781063.198,1691076.7762,0],[781049.5429,1691106.0303,0],[781033.9253,1691139.1835,0],[781022.2162,1691184.0444,0],[781016.3616,1691223.0465,0],[781002.6983,1691265.9577,0],[780984.1534,1691308.869,0],[780960.7434,1691342.0222,0],[780939.263,1691367.3771,0],[780935.3627,1691384.9335,0],[780947.0718,1691402.4799,0],[780954.8806,1691425.8852,0],[780943.1715,1691437.5928,0],[780937.721,1691464.3873,0],[780924.9729,1691526.9746,0],[780923.9587,1691538.4723,0],[780897.1102,1691632.3631,0],[780875.9514,1691699.2595,0],[780867.5819,1691782.5826,0],[780862.4364,1691841.1406,0],[780857.9342,1691874.9238,0],[780887.207,1691899.6987,0],[780918.7391,1691935.7314,0],[780943.5096,1691978.5227,0],[780972.7906,1692048.3385,0],[780986.2973,1692106.8866,0],[780995.31,1692178.9619,0],[781016.5678,1692233.2408,0],[781075.6327,1692297.6277,0],[781150.7854,1692378.1013,0],[781170.9217,1692439.7988,0],[781178.9779,1692506.8551,0],[781229.9785,1692555.1453,0],[781299.7713,1692568.5526,0],[781361.5162,1692571.242,0],[781415.2131,1692590.0182,0],[781495.7255,1692630.26,0],[781560.1586,1692675.8607,0],[781576.2627,1692729.5098,0],[781568.223,1692818.0318,0],[781548.0784,1692922.6505,0],[781545.3985,1693029.9487,0],[781513.182,1693110.4223,0],[781429.9732,1693241.8655,0],[781413.8608,1693325.0286,0],[781417.893,1693394.7744,0],[781450.1013,1693475.248,0],[781519.8859,1693574.4978,0],[781568.223,1693692.5338,0],[781638.0076,1693826.6565,0],[781709.1527,1693933.9547,0],[781741.3527,1694019.7972,0],[781768.2012,1694127.1053,0],[781778.9373,1694253.1797,0],[781797.7378,1694403.3991,0],[781824.578,1694465.0965,0],[781870.2188,1694475.8244,0],[781923.9075,1694473.1449,0],[782060.805,1694432.9031,0],[782211.4566,1694417.5662,0],[782279.023,1694401.7994,0],[782346.5812,1694386.0326,0],[782420.901,1694370.2658,0],[782463.6969,1694368.0163,0],[782517.7402,1694377.0245,0],[782547.0212,1694399.5499,0],[782589.8089,1694446.8403,0],[782614.5877,1694491.8811,0],[782668.6392,1694561.6969,0],[782745.2101,1694615.7459,0],[782805.7263,1694650.1889,0],[782837.9511,1694690.4307,0],[782856.7351,1694746.7592,0],[782875.8325,1694829.6923,0],[782878.0836,1694890.51,0],[782871.322,1695014.3747,0],[782866.8198,1695077.4419,0],[782846.5515,1695117.9737,0],[782857.8071,1695144.9982,0],[782907.3564,1695172.0227,0],[782929.8758,1695203.5562,0],[782931.896,1695256.4455,0],[782954.6545,1695311.6542,0],[782961.4079,1695358.9546,0],[782947.9012,1695392.7377,0],[782934.3862,1695403.9954,0],[782891.5903,1695397.2368,0],[782830.7854,1695385.9791,0],[782792.5,1695376.9709,0],[782781.2362,1695412.9936,0],[782778.9851,1695451.2958,0],[782772.2317,1695518.8521,0],[782754.2145,1695593.1769,0],[782738.4485,1695644.9764,0],[782713.678,1695708.0335,0],[782686.6481,1695735.058,0],[782652.8649,1695755.3239,0],[782621.341,1695759.833,0],[782596.5622,1695773.3403,0],[782578.5451,1695813.882,0],[782571.7917,1695852.1642,0],[782562.7873,1695897.205,0],[782560.5279,1695949.0045,0],[782535.7574,1695964.7713,0],[782487.6264,1695964.6313,0],[782434.416,1695953.5136,0],[782389.3689,1695942.2559,0],[782357.845,1695969.2804,0],[782342.079,1696003.0635,0],[782331.9366,1696034.3771,0],[782321.184,1696090.7157,0],[782286.2959,1696138.9958,0],[782218.2182,1696194.4945,0],[782161.9155,1696228.2777,0],[782116.8685,1696230.5272,0],[782069.5786,1696223.7686,0],[782092.098,1696327.3675,0],[782096.6002,1696372.4083,0],[782092.098,1696417.4491,0],[782071.8297,1696453.4818,0],[782040.2976,1696473.7577,0],[782006.5226,1696512.0399,0],[781989.6681,1696562.8396,0],[782019.1965,1696632.5854,0],[782054.1011,1696707.6901,0],[782062.817,1696750.7613,0],[782069.5703,1696786.794,0],[782062.817,1696813.8285,0],[782047.0509,1696838.5934,0],[782024.5315,1696847.6016,0],[781999.7528,1696852.1107,0],[781914.1774,1696870.127,0],[781749.7717,1696892.6524,0],[781675.452,1696890.3929,0],[781616.8982,1696885.8938,0],[781578.6128,1696879.1352,0],[781542.5784,1696861.1188,0],[781526.8124,1696816.078,0],[781488.5269,1696723.7368,0],[781477.2713,1696653.921,0],[781470.5097,1696599.872,0],[781468.2586,1696559.3303,0],[781463.7564,1696530.0562,0],[781436.7265,1696527.8067,0],[781405.1944,1696543.5735,0],[781362.4067,1696563.8394,0],[781312.8574,1696584.1052,0],[781265.5675,1696604.3811,0],[781222.7798,1696622.3974,0],[781170.9794,1696642.6633,0],[781130.4346,1696644.9128,0],[781089.8981,1696617.8884,0],[781058.366,1696595.3729,0],[781038.0977,1696579.6061,0],[781015.57,1696570.598,0],[780949.4631,1696584.2952,0],[780898.446,1696629.8959,0],[780866.246,1696688.9139,0],[780842.0857,1696745.2524,0],[780757.5328,1696865.9579,0],[780704.7841,1696915.1778,0],[780641.7282,1696953.46,0],[780603.4427,1696978.235,0],[780569.6595,1697014.2677,0],[780558.3957,1697045.7913,0],[780551.6423,1697072.8257,0],[780535.8763,1697093.0916,0],[780499.8419,1697081.8339,0],[780472.8121,1697061.558,0],[780434.5266,1697043.5317,0],[780393.99,1697014.2577,0],[780373.7217,1696996.2413,0],[780353.4535,1696980.4745,0],[780324.1725,1696978.225,0],[780303.9042,1696989.4827,0],[780292.6486,1697012.0081,0],[780279.1337,1697041.2822,0],[780267.8698,1697077.3148,0],[780263.3676,1697115.607,0],[780263.3676,1697169.656,0],[780263.3676,1697221.4555,0],[780256.6143,1697289.0217,0],[780245.3504,1697403.8784,0],[780240.8482,1697460.1769,0],[780236.346,1697507.4773,0],[780227.3333,1697577.2831,0],[780216.0694,1697651.6079,0],[780211.5672,1697710.166,0],[780211.5672,1697746.1987,0],[780200.3116,1697775.4727,0],[780184.5456,1697793.4891,0],[780150.7624,1697809.2559,0],[780110.2258,1697831.7713,0],[780069.6892,1697863.3148,0],[779957.5705,1698059.6849,0],[779885.0977,1698161.6241,0],[779824.6969,1698285.029,0],[779827.3768,1698352.0854,0],[779848.8573,1698419.1517,0],[779878.3856,1698491.577,0],[779891.8016,1698569.3711,0],[779875.6975,1698620.3408,0],[779783.0884,1698759.8324,0],[779737.4559,1698826.8887,0],[779713.2956,1698902.0034,0],[779709.3458,1698982.627,0],[779698.0902,1699052.4428,0],[779675.5626,1699126.7577,0],[779662.0559,1699176.3076,0],[779657.5537,1699223.598,0],[779668.8175,1699266.3893,0],[779698.0902,1699311.4301,0],[779706.5752,1699368.7584,0],[779703.8953,1699433.1453,0],[779701.2154,1699481.4255,0],[779720.6096,1699527.6261,0],[779741.4799,1699548.4918,0],[779781.4227,1699586.1842,0],[779817.4571,1699613.2087,0],[779851.2403,1699642.4827,0],[779835.4743,1699674.0163,0],[779808.4444,1699705.5499,0],[779783.6739,1699737.0734,0],[779745.3884,1699761.8484,0],[779713.2956,1699803.33,0],[779710.6074,1699843.5718,0],[779726.7116,1699915.997,0],[779756.2482,1699972.3256,0],[779780.4003,1700025.9746,0],[779775.0322,1700079.6237,0],[779766.976,1700117.1861,0],[779761.6162,1700154.7384,0],[779769.6559,1700184.2524,0],[779824.6969,1700243.2604,0],[779862.2815,1700288.8611,0],[779907.9058,1700331.7824,0],[779941.3179,1700363.166,0],[779963.8373,1700405.9573,0],[779968.3478,1700448.7386,0],[779993.811,1700506.1469,0],[780042.6676,1700561.3457,0],[780076.4426,1700595.1288,0],[780105.7318,1700622.1533,0],[780114.7445,1700644.6787,0],[780114.7445,1700669.4537,0],[780096.7273,1700689.7195,0],[780069.6975,1700709.9854,0],[780031.4038,1700759.5453,0],[780004.3739,1700802.3366,0],[779961.5862,1700869.8929,0],[779918.7985,1700912.6842,0],[779885.0153,1700948.7168,0],[779844.4787,1700987.009,0],[779792.6783,1701023.0417,0],[779729.6141,1701041.058,0],[779684.5753,1701041.058,0],[779645.993,1701031.0401,0],[779612.5066,1701045.5571,0],[779571.0218,1701080.2101,0],[779557.5976,1701112.4035,0],[779532.0932,1701222.3811,0],[779537.4612,1701308.2236,0],[779521.3571,1701394.0662,0],[779486.4607,1701463.812,0],[779454.8626,1701520.7704,0],[779423.3305,1701561.3021,0],[779376.0406,1701610.852,0],[779328.7424,1701631.1179,0],[779306.223,1701597.3448,0],[779279.2014,1701570.3203,0],[779226.0734,1701549.6545,0],[779196.5533,1701557.7029,0],[779175.0728,1701592.5758,0],[779145.5527,1701643.5454,0],[779091.8558,1701713.2912,0],[779044.8792,1701742.7952,0],[778956.2858,1701756.2125,0],[778918.7095,1701791.0854,0],[778907.9734,1701812.541,0],[778916.0296,1701852.7828,0],[778926.7657,1701895.7041,0],[778929.4456,1701949.3531,0],[778924.0776,1702005.6817,0],[778875.7569,1702118.3487,0],[778775.0917,1702212.2396,0],[778726.7793,1702311.4894,0],[778716.0432,1702378.5558,0],[778724.0911,1702426.846,0],[778761.6757,1702464.3983,0],[778823.4123,1702483.1745,0],[778917.3655,1702496.5918,0],[778963.0062,1702520.7268,0],[779003.2707,1702563.6481,0],[779056.9594,1702619.9866,0],[779116.0161,1702692.4119,0],[779167.0166,1702735.3332,0],[779250.2255,1702759.4782,0],[779290.4982,1702788.9822,0],[779321.7911,1702842.4814,0],[779350.899,1702864.087,0],[779409.9557,1702893.6009,0],[779525.3975,1702923.1049,0],[779681.0873,1702974.0746,0],[779721.3435,1703000.8991,0],[779729.408,1703049.1893,0],[779745.5039,1703129.6629,0],[779761.6245,1703194.0398,0],[779795.1768,1703255.7372,0],[779822.017,1703301.338,0],[779873.0258,1703344.2592,0],[779932.3135,1703365.2449,0],[779964.2908,1703384.501,0],[779981.8627,1703410.2858,0],[779999.1873,1703454.2468,0],[780006.6332,1703486.8602,0],[780017.0478,1703517.0141,0],[780026.9015,1703534.1606,0],[780039.4435,1703550.8172,0],[780056.1413,1703551.667,0],[780074.7934,1703540.1194,0],[780090.7903,1703520.5733,0],[780105.8967,1703499.2477,0],[780139.5068,1703462.0852,0],[780161.8695,1703445.0487,0],[780186.8049,1703432.8112,0],[780203.6265,1703429.9418,0],[780220.5799,1703430.5617,0],[780231.1758,1703445.9385,0],[780236.346,1703473.3529,0],[780234.0949,1703527.4019,0],[780256.6143,1703581.4509,0],[780279.1419,1703612.9845,0],[780305.2153,1703625.9219,0],[780337.4235,1703617.8835,0],[780389.496,1703601.7168,0],[780452.552,1703588.2096,0],[780499.9326,1703588.9494,0],[780538.7541,1703593.7384,0],[780565.1078,1703610.465,0],[780587.0747,1703636.6597,0],[780593.7868,1703676.8915,0],[780594.026,1703747.3572,0],[780596.7718,1703824.3315,0],[780602.2718,1703891.6878,0],[780605.0259,1703948.0463,0],[780603.6489,1703996.1565,0],[780598.1489,1704058.0139,0],[780585.7801,1704121.2411,0],[780594.026,1704159.7332,0],[780611.8947,1704192.7165,0],[780645.5872,1704237.7573,0],[780683.815,1704302.2742,0],[780710.1027,1704357.233,0],[780721.2841,1704401.1741,0],[780717.2766,1704448.0345,0],[780699.8201,1704505.7928,0],[780693.0008,1704530.8677,0],[780687.5009,1704565.2307,0],[780695.7467,1704617.4701,0],[780708.9153,1704633.8267,0],[780723.2383,1704644.9545,0],[780761.7299,1704672.4489,0],[780787.1684,1704688.7855,0],[780813.9591,1704709.5613,0],[780833.7656,1704731.7968,0],[780847.5032,1704747.3336,0],[780863.6403,1704773.0184,0],[780881.3112,1704814.03,0],[780918.5989,1704892.0742,0],[781004.4959,1705039.6141,0],[781068.5496,1705126.6864,0],[781113.9512,1705184.0347,0],[781142.622,1705212.7089,0],[781178.4667,1705231.825,0],[781231.0422,1705250.9411,0],[781266.8786,1705267.6677,0],[781293.1664,1705308.2894,0],[781314.6715,1705375.1958,0],[781336.1767,1705442.1022,0],[781376.804,1705511.4181,0],[781407.8661,1705559.2084,0],[781443.7107,1705602.2196,0],[781493.8867,1705640.4518,0],[781582.3069,1705695.4106,0],[781668.3358,1705745.5904,0],[781662.1844,1705849.7392,0],[781653.1882,1705890.8409,0]]],[[[848235.0578,1664421.0619,0],[848659.6033,1664977.5487,0],[848530.2673,1664658.8335,0],[848467.1783,1664532.4692,0],[848365.202,1664459.0542,0],[848262.1949,1664426.9107,0],[848235.0578,1664421.0619,0]]]]},"geometry_name":"Shape","properties":{"Ma_DVHC":"62","Ten_tinh":"Tỉnh Kon Tum","Dien_tich":9690.5,"Dan_so":389900,"Matdo_dans":40,"MapID":0,"Shape_Length":731409.332987032,"Shape_Area":9.68971068347298E9}}],"totalFeatures":1,"numberMatched":1,"numberReturned":1,"timeStamp":"2026-07-12T14:10:26.608Z","crs":{"type":"name","properties":{"name":"urn:ogc:def:crs:EPSG::32648"}}}